CaseID,Opened,Closed,Updated,Status,Responsible Agency,Category,Request Type,Request Details,Address,Neighborhood,Supervisor District,Point,Source,Media URL
3643919,05/14/2014 11:46:55 PM,05/16/2014 11:53:29 AM,05/16/2014 11:53:29 AM,Closed,MUNI Work Queue,MUNI Feedback,MUNI - Commendation,401_Employee_Commendation,Not associated with a specific address,,,POINT (0 0),Phone,
3643904,05/14/2014 11:36:54 PM,05/16/2014 12:27:38 PM,05/16/2014 12:27:38 PM,Closed,SSP - MTA Feedback Queue,MUNI Feedback,MUNI  - Conduct_Discourteous_Insensitive_Inappropriate_Conduct,301_Discourtesy_to_Customer,Not associated with a specific address,,,POINT (0 0),Web,
3643898,05/14/2014 11:32:38 PM,05/15/2014 11:17:26 AM,05/15/2014 11:17:26 AM,Closed,Recology_Abandoned,Street and Sidewalk Cleaning,General Cleaning,Other Loose Garbage,"1277 MISSION ST, SAN FRANCISCO, CA, 94103",South of Market,6.0,POINT (-122.41427684 37.77651227),Mobile/Open311,
3643894,05/14/2014 11:22:55 PM,05/20/2014 03:11:39 AM,05/20/2014 03:11:39 AM,Closed,DPW Ops Queue,Tree Maintenance,Trees - Overgrown_Tree,Other_enter_additional_details_below,Not associated with a specific address,,,POINT (0 0),Web,
3643892,05/14/2014 11:21:42 PM,05/16/2014 05:02:51 PM,05/16/2014 05:02:51 PM,Closed,PUC Streetlights Queue,Streetlights,Streetlight - Light_Glass_Cover_Hanging,Light_Glass_Cover_Hanging on Metal Pole,"760 CHURCH ST, SAN FRANCISCO, CA, 94114",Dolores Heights,8.0,POINT (-122.42829132 37.7585144),Phone,
3643887,05/14/2014 11:18:02 PM,11/21/2017 04:30:23 PM,11/21/2017 04:30:23 PM,Closed,Housing Authority SR Queue,SFHA Requests,Carpentery,Carpentery - Emergency,"1750 MCALLISTER ST, Apt 901, SAN FRANCISCO, CA, 94115",Western Addition,5.0,POINT (-122.44100189 37.77780151),Phone,
3643880,05/14/2014 11:09:13 PM,05/15/2014 12:00:00 PM,05/15/2014 12:00:00 PM,Closed,DPW - Bureau of Street Use and Mapping - G,General Request - PUBLIC WORKS,request_for_service,bsm - request_for_service,"460 FELL ST, SAN FRANCISCO, CA, 94102",Hayes Valley,5.0,POINT (-122.42539335 37.77566705),Phone,
3643879,05/14/2014 11:06:59 PM,05/15/2014 11:59:36 AM,05/15/2014 11:59:36 AM,Closed,Recology_Abandoned,Street and Sidewalk Cleaning,General Cleaning,Other Loose Garbage,"2 KINGSTON ST, SAN FRANCISCO, CA, 94110",Bernal Heights,9.0,POINT (-122.42339437 37.74164054),Phone,
3643875,05/14/2014 11:04:16 PM,05/16/2014 03:33:29 PM,05/16/2014 03:33:29 PM,Closed,SSP - MTA Feedback Queue,MUNI Feedback,MUNI  - Conduct_Inattentiveness_Negligence,213_General_Distraction_from_Duty,Not associated with a specific address,,,POINT (0 0),Web,
3643873,05/14/2014 11:02:44 PM,05/16/2014 04:17:55 PM,05/16/2014 04:17:55 PM,Closed,PUC Streetlights Queue,Streetlights,Streetlight - Light_Burnt_Out,Light_Burnt_Out on Wooden Pole,"235 VALENCIA ST, SAN FRANCISCO, CA, 94103",Mission,9.0,POINT (-122.42211914 37.76919174),Mobile/Open311,http://mobile311.sfgov.org/reports/3643873/photos
3643872,05/14/2014 11:02:18 PM,05/15/2014 01:13:40 AM,05/15/2014 01:13:40 AM,Closed,DPW Ops Queue,Tree Maintenance,Trees - Landscaping,Other,"4333 CABRILLO ST, SAN FRANCISCO, CA, 94121",Outer Richmond,1.0,POINT (-122.50503746 37.77343283),Phone,
3643871,05/14/2014 11:01:57 PM,05/15/2014 12:40:00 PM,05/15/2014 12:40:00 PM,Closed,DPW Ops Queue,Street and Sidewalk Cleaning,General Cleaning,Other Loose Garbage,Intersection of LARKIN ST and CEDAR ST,Lower Nob Hill,3.0,POINT (-122.41817894 37.78656628),Phone,
3643849,05/14/2014 10:50:13 PM,05/15/2014 10:50:12 AM,05/15/2014 10:50:12 AM,Closed,Recology_Abandoned,Street and Sidewalk Cleaning,Bulky Items,Mattress,"53 WOODWARD ST, SAN FRANCISCO, CA, 94103",Mission,9.0,POINT (-122.42078497 37.76902601),Phone,
3643839,05/14/2014 10:42:47 PM,05/16/2014 03:41:39 PM,05/16/2014 03:41:39 PM,Closed,MUNI Work Queue,MUNI Feedback,MUNI - Commendation,401_Employee_Commendation,Not associated with a specific address,,,POINT (0 0),Phone,
3643832,05/14/2014 10:36:37 PM,05/15/2014 10:41:50 AM,05/15/2014 10:41:50 AM,Closed,Recology_Abandoned,Street and Sidewalk Cleaning,Bulky Items,Furniture,"706 GREEN ST, SAN FRANCISCO, CA, 94133",Russian Hill,3.0,POINT (-122.41091919 37.79937744),Phone,
3643821,05/14/2014 10:26:58 PM,05/15/2014 04:23:56 PM,05/15/2014 04:23:56 PM,Closed,RPD GGP Queue,Rec and Park Requests,Park - Park_Patrol,Lock_Out_Other,"GGP Polo Fields and Stadium, , SAN FRANCISCO, CA, 94122",Golden Gate Park,1.0,POINT (-122.49274223 37.76816387),Phone,
3643817,05/14/2014 10:24:43 PM,06/12/2014 02:16:34 PM,06/12/2014 02:16:34 PM,Closed,DPT SignShop Surveyed - Area 2 Queue,Sign Repair,Sign - Defaced,Other - Defaced; support - OK,"3901 GEARY BLVD, SAN FRANCISCO, CA, 94118",Inner Richmond,1.0,POINT (-122.46132514 37.78106691),Mobile/Open311,http://mobile311.sfgov.org/reports/3643817/photos
3643815,05/14/2014 10:22:49 PM,05/17/2014 01:30:02 AM,05/17/2014 01:30:02 AM,Closed,DPT Signal Queue,Damaged Property,Damaged Traffic_Signal,Traffic_Signal,Intersection of LAGUNA ST and TURK ST,Cathedral Hill,5.0,POINT (-122.42720032 37.78111649),Phone,
3643812,05/14/2014 10:20:50 PM,05/15/2014 11:06:09 AM,05/15/2014 11:06:09 AM,Closed,RPD GGP Queue,General Request - RPD,complaint,neighborhood_services - complaint,"GGP Polo Fields and Stadium, , SAN FRANCISCO, CA, 94122",Golden Gate Park,1.0,POINT (-122.49274223 37.76816387),Phone,
3643802,05/14/2014 10:12:17 PM,05/15/2014 09:39:01 AM,05/15/2014 09:39:01 AM,Closed,Recology_Abandoned,Street and Sidewalk Cleaning,General Cleaning,Other Loose Garbage,"1490 JACKSON ST, SAN FRANCISCO, CA, 94109",Nob Hill,3.0,POINT (-122.41958309 37.79464148),Mobile/Open311,http://mobile311.sfgov.org/reports/3643802/photos
3643795,05/14/2014 10:06:06 PM,05/18/2014 02:24:44 PM,05/18/2014 02:24:44 PM,Closed,PG and E - Streetlights Queue,Streetlights,Streetlight - Light_Flickering_On_Off,Light_Flickering_On_Off on Wooden Pole,"2745 MCALLISTER ST, SAN FRANCISCO, CA, 94118",Lone Mountain,1.0,POINT (-122.45735168 37.77531815),Mobile/Open311,
3643794,05/14/2014 10:04:50 PM,05/14/2014 11:45:00 AM,05/14/2014 11:45:00 AM,Closed,DPW Ops Queue,Street and Sidewalk Cleaning,General Cleaning,Other Loose Garbage,Intersection of NOE ST and HENRY ST,Duboce Triangle,8.0,POINT (-122.43333435 37.7666626),Web,
3643793,05/14/2014 10:04:28 PM,07/08/2014 03:35:42 PM,07/08/2014 03:35:42 PM,Closed,DPT SignShop Surveyed - Area 1 Queue,Sign Repair,Sign - Missing,Stop - Missing; support - OK,Intersection of 20TH ST and INDIANA ST,Dogpatch,10.0,POINT (-122.39139899 37.76037931),Mobile/Open311,
3643791,05/14/2014 10:03:51 PM,05/14/2014 11:13:50 PM,05/14/2014 11:13:50 PM,Closed,PUC - Water - G,General Request - PUC,request_for_service,water - request_for_service,Not associated with a specific address,,,POINT (0 0),Web,
3643790,05/14/2014 10:02:53 PM,05/15/2014 01:08:37 PM,05/15/2014 01:08:37 PM,Closed,PG and E - Streetlights Queue,Streetlights,Streetlight - Light_Flickering_On_Off,Light_Flickering_On_Off on Wooden Pole,Intersection of NORFOLK ST and FOLSOM ST,South of Market,6.0,POINT (-122.41452789 37.77140427),Phone,
3643789,05/14/2014 10:02:22 PM,05/20/2014 08:40:52 AM,05/20/2014 08:40:52 AM,Closed,DPT Abandoned Vehicles Work Queue,Abandoned Vehicle,Abandoned Vehicle - Car4door,red - Pontiac - Grand Am - 5DZN786,"189 COLLINS ST, SAN FRANCISCO, CA, 94118",Laurel Heights / Jordan Park,2.0,POINT (-122.45030212 37.78256226),Web,
3643775,05/14/2014 09:54:35 PM,05/15/2014 11:22:24 AM,05/15/2014 11:22:24 AM,Closed,Recology_Abandoned,Street and Sidewalk Cleaning,Bulky Items,Electronics,"50 MONETA WAY, SAN FRANCISCO, CA, 94112",Outer Mission,11.0,POINT (-122.44938617 37.71315325),Phone,
3643756,05/14/2014 09:45:27 PM,05/18/2014 02:20:20 PM,05/18/2014 02:20:20 PM,Closed,PG and E - Streetlights Queue,Streetlights,Streetlight - Light_Flickering_On_Off,Light_Flickering_On_Off on Wooden Pole,"3241 21ST ST, SAN FRANCISCO, CA, 94110",Mission,9.0,POINT (-122.41978455 37.75687027),Web,
3643747,05/14/2014 09:41:05 PM,05/15/2014 02:59:41 AM,05/15/2014 02:59:41 AM,Closed,DPW Ops Queue,Litter Receptacles,Cans_Left_Out_24x7,,Not associated with a specific address,,,POINT (0 0),Web,
3643746,05/14/2014 09:40:52 PM,05/20/2014 08:07:03 AM,05/20/2014 08:07:03 AM,Closed,DPT Abandoned Vehicles Work Queue,Abandoned Vehicle,Abandoned Vehicle - Other,white - GMC - Savana - 13528K1,Intersection of PACIFIC AVE and PRESIDIO AVE,Presidio Heights,2.0,POINT (-122.44767872 37.79170287),Phone,
3643743,05/14/2014 09:37:40 PM,05/15/2014 07:29:43 AM,05/15/2014 07:29:43 AM,Closed,SFMTA - Temporary Sign Request Queue,Temporary Sign Request,Temporary Sign Request for Other_Event_Type,160 ft zone requested from 05/19/2014 to 05/19/2014,Not associated with a specific address,,,POINT (0 0),Web,
3643736,05/14/2014 09:32:46 PM,05/18/2014 02:23:18 PM,05/18/2014 02:23:18 PM,Closed,PG and E - Streetlights Queue,Streetlights,Streetlight - Light_Burnt_Out,Light_Burnt_Out on Wooden Pole,"735 BRUNSWICK ST, SAN FRANCISCO, CA, 94112",Crocker Amazon,11.0,POINT (-122.44841003 37.70869446),Web,
3643714,05/14/2014 09:07:13 PM,08/21/2014 05:29:52 PM,08/21/2014 05:29:52 PM,Closed,Housing Authority SR Queue,SFHA Requests,Plumbing,Plumbing - Urgent,"129 DAKOTA ST, SAN FRANCISCO, CA, 94107",Potrero Hill,10.0,POINT (-122.39600372 37.75379944),Phone,
3643711,05/14/2014 09:05:53 PM,08/21/2014 05:29:51 PM,08/21/2014 05:29:51 PM,Closed,Housing Authority SR Queue,SFHA Requests,Electrical,Electrical - Emergency,"BUILDING 101 - 129 DAKOTA STREET, , SAN FRANCISCO, CA, 94107",Potrero Hill,10.0,POINT (-122.39565277 37.75381088),Phone,
3643710,05/14/2014 09:05:49 PM,03/07/2022 05:30:29 PM,03/07/2022 05:30:29 PM,Closed,DPW BSSR Queue,Street Defects,Pavement_Defect,Pavement_Defect,Intersection of ASHBURY ST and PAGE ST,Haight Ashbury,5.0,POINT (-122.44744211 37.77088076),Mobile/Open311,http://mobile311.sfgov.org/reports/3643710/photos
3643703,05/14/2014 09:02:14 PM,05/15/2014 07:48:44 AM,05/15/2014 07:48:44 AM,Closed,DPT Abandoned Vehicles Work Queue,Abandoned Vehicle,Abandoned Vehicle - PickupTruck,white - Ford - F250 - 5Y90971,Intersection of BRENTWOOD AVE and MANGELS AVE,Westwood Highlands,7.0,POINT (-122.45426941 37.7330246),Web,
3643680,05/14/2014 08:52:04 PM,05/16/2014 03:32:14 PM,05/16/2014 03:32:14 PM,Closed,MUNI Work Queue,MUNI Feedback,MUNI - Conduct_Inattentiveness_Negligence,206_Not_Adhering_to_Schedule,Intersection of VICENTE ST and 19TH AVE,Parkside,7.0,POINT (-122.47541046 37.73932648),Phone,
3643674,05/14/2014 08:46:53 PM,05/16/2014 07:31:27 AM,05/16/2014 07:31:27 AM,Closed,DPT Abandoned Vehicles Work Queue,Abandoned Vehicle,Abandoned Vehicle - PickupTruck,white - Ford - F250 - 5Y90971,Intersection of BRENTWOOD AVE and MANGELS AVE,Westwood Highlands,7.0,POINT (-122.45426941 37.7330246),Web,
3643667,05/14/2014 08:41:17 PM,05/15/2014 03:07:31 AM,05/15/2014 03:07:31 AM,Closed,Recology_Overflowing,Street and Sidewalk Cleaning,Overflowing_City_Receptacle_or_Dumpster,Overflowing_City_Receptacle_or_Dumpster,Intersection of 24TH ST and HARRISON ST,Mission,9.0,POINT (-122.41201381 37.75267673),Mobile/Open311,http://mobile311.sfgov.org/reports/3643667/photos
3643664,05/14/2014 08:40:27 PM,05/15/2014 04:31:49 PM,05/15/2014 04:31:49 PM,Closed,PUC Sewer Ops,Sewer Issues,Odor,From_other_location,Intersection of CHULA LN and DOLORES ST,Mission Dolores,8.0,POINT (-122.42613881 37.76396125),Mobile/Open311,
3643663,05/14/2014 08:40:10 PM,05/15/2014 09:12:12 AM,05/15/2014 09:12:12 AM,Closed,PUC Sewer Ops,Sewer Issues,Sewage_back_up,Outofsewervent4inch,"137 SAINT MARYS AVE, SAN FRANCISCO, CA, 94112",St. Mary's Park,8.0,POINT (-122.42802623 37.73471123),Phone,
3643655,05/14/2014 08:36:14 PM,05/16/2014 07:31:55 AM,05/16/2014 07:31:55 AM,Closed,DPT Abandoned Vehicles Work Queue,Abandoned Vehicle,Abandoned Vehicle - Car2door,red - Saturn -  - 6rjx942,Intersection of MORAGA ST and 45TH AVE,Outer Sunset,4.0,POINT (-122.5044632 37.754879),Web,
3643646,05/14/2014 08:32:34 PM,05/15/2014 08:42:08 AM,05/15/2014 08:42:08 AM,Closed,PUC - Sewer - G,General Request - PUC,request_for_service,sewer - request_for_service,"760 DIVISADERO ST, SAN FRANCISCO, CA, 94117",Alamo Square,5.0,POINT (-122.43799591 37.77650452),Integrated Agency,
3643633,05/14/2014 08:25:13 PM,05/15/2014 01:09:55 AM,05/15/2014 01:09:55 AM,Closed,DPW Ops Queue,Street and Sidewalk Cleaning,General Cleaning,Other Loose Garbage,Intersection of 30TH AVE and CLEMENT ST,Outer Richmond,1.0,POINT (-122.49023129 37.78177353),Phone,
3643619,05/14/2014 08:19:35 PM,05/20/2014 08:07:42 AM,05/20/2014 08:07:42 AM,Closed,DPT Abandoned Vehicles Work Queue,Abandoned Vehicle,Abandoned Vehicle - Other,White - Chevrolet - Fleetwood RV - 7v94457,"14 SOUTHERN HEIGHTS AVE, SAN FRANCISCO, CA, 94107",Potrero Hill,10.0,POINT (-122.40037537 37.75804901),Web,
3643617,05/14/2014 08:18:56 PM,04/11/2016 05:12:04 AM,04/11/2016 05:12:04 AM,Closed,DPW Ops Queue,Street Defects,Pavement_Defect,Pavement_Defect,Intersection of BUSH ST and DIVISADERO ST,Lower Pacific Heights,2.0,POINT (-122.44006348 37.78617859),Web,
3643616,05/14/2014 08:18:32 PM,05/15/2014 11:17:36 AM,05/15/2014 11:17:36 AM,Closed,Recology_Abandoned,Street and Sidewalk Cleaning,Bulky Items,Mattress,"37 RIZAL ST, SAN FRANCISCO, CA, 94107",South of Market,6.0,POINT (-122.39904697 37.78207823),Mobile/Open311,http://mobile311.sfgov.org/reports/3643616/photos
3643613,05/14/2014 08:18:22 PM,05/15/2014 01:10:33 AM,05/15/2014 01:10:33 AM,Closed,DPW Ops Queue,Street and Sidewalk Cleaning,General Cleaning,Other Loose Garbage,Intersection of 10TH AVE and ANZA ST,Inner Richmond,1.0,POINT (-122.46842659 37.77889546),Phone,
3643608,05/14/2014 08:14:36 PM,05/15/2014 12:10:00 PM,05/15/2014 12:10:00 PM,Closed,DPW Ops Queue,Street and Sidewalk Cleaning,Human or Animal Waste,Human or Animal Waste,"847 FILBERT ST, SAN FRANCISCO, CA, 94133",Russian Hill,3.0,POINT (-122.4134234 37.80081208),Phone,
3643599,05/14/2014 08:11:29 PM,05/19/2014 02:31:19 AM,05/19/2014 02:31:19 AM,Closed,DPW Ops Queue,Graffiti,Graffiti on Building_commercial,Building_commercial - Not_Offensive,"675 POST ST, SAN FRANCISCO, CA, 94109",Lower Nob Hill,3.0,POINT (-122.41279078 37.78767842),Phone,
3643594,05/14/2014 08:10:07 PM,05/19/2014 11:25:05 AM,05/19/2014 11:25:05 AM,Closed,DPT - Other - G,General Request - PUBLIC WORKS,request_for_service,bssr - request_for_service,"322 EL CAMINO DEL MAR, SAN FRANCISCO, CA, 94121",Seacliff,1.0,POINT (-122.48662161 37.78760301),Phone,
3643586,05/14/2014 08:03:24 PM,11/21/2017 09:00:36 AM,11/21/2017 09:00:36 AM,Closed,Housing Authority SR Queue,SFHA Requests,Plumbing,Plumbing - Emergency,"91 BROOKDALE AVE, SAN FRANCISCO, CA, 94134",Sunnydale,10.0,POINT (-122.42099762 37.71210098),Phone,
3643584,05/14/2014 08:03:11 PM,05/16/2014 03:23:58 PM,05/16/2014 03:23:58 PM,Closed,MUNI Work Queue,MUNI Feedback,MUNI - Conduct_Unsafe_Operation,108_General_Careless_Operation,Intersection of LAKEVIEW AVE and SAN JOSE AVE,Oceanview,11.0,POINT (-122.45037842 37.71616745),Phone,
3643579,05/14/2014 08:00:27 PM,05/15/2014 05:34:58 AM,05/15/2014 05:34:58 AM,Closed,Recology_Overflowing,Street and Sidewalk Cleaning,Overflowing_City_Receptacle_or_Dumpster,Overflowing_City_Receptacle_or_Dumpster,Intersection of CABRILLO ST and LA PLAYA,Outer Richmond,1.0,POINT (-122.51007571 37.77325049),Mobile/Open311,http://mobile311.sfgov.org/reports/3643579/photos
3643570,05/14/2014 07:58:03 PM,06/06/2014 02:58:55 PM,06/06/2014 02:58:55 PM,Closed,Port Authority - G,General Request - PORT AUTHORITY,request_for_service,port_authority - request_for_service,"602 THE EMBARCADERO, SAN FRANCISCO, CA, 94111",Northern Waterfront,3.0,POINT (-122.39903771 37.8010199),Phone,http://mobile311.sfgov.org/reports/3643570/photos
3643569,05/14/2014 07:55:44 PM,05/20/2014 08:37:17 AM,05/20/2014 08:37:17 AM,Closed,DPT Abandoned Vehicles Work Queue,Abandoned Vehicle,Abandoned Vehicle - Car4door,silver - honda - accord - VMX883,"715 ASHBURY ST, SAN FRANCISCO, CA, 94117",Haight Ashbury,5.0,POINT (-122.44675183 37.76875934),Phone,
3643561,05/14/2014 07:53:57 PM,05/16/2014 03:25:01 PM,05/16/2014 03:25:01 PM,Closed,MUNI Work Queue,MUNI Feedback,MUNI - Conduct_Inattentiveness_Negligence,205_Offroute_Did_Not_Complete_Route,Intersection of GREAT HWY and SLOAT BLVD,Parkside,4.0,POINT (-122.50613403 37.73557281),Phone,
3643553,05/14/2014 07:51:44 PM,05/14/2014 09:08:00 AM,05/14/2014 09:08:00 AM,Closed,DPW Ops Queue,Street and Sidewalk Cleaning,Medical Waste,Needles,"39 FELL ST, SAN FRANCISCO, CA, 94102",Civic Center,6.0,POINT (-122.418434 37.77594),Mobile/Open311,
3643551,05/14/2014 07:50:39 PM,05/16/2014 07:30:41 AM,05/16/2014 07:30:41 AM,Closed,DPT Abandoned Vehicles Work Queue,Abandoned Vehicle,Abandoned Vehicle - Car4door,green  - toyota - forerunner - 6wal333,Intersection of COTTER ST and CAYUGA AVE,Mission Terrace,11.0,POINT (-122.43575151 37.72867039),Phone,
3643545,05/14/2014 07:48:53 PM,05/15/2014 12:19:00 PM,05/15/2014 12:19:00 PM,Closed,DPW Ops Queue,Street and Sidewalk Cleaning,Human or Animal Waste,Human or Animal Waste,"155 HARRIET ST, SAN FRANCISCO, CA, 94103",South of Market,6.0,POINT (-122.4051507 37.77751771),Phone,
3643540,05/14/2014 07:44:34 PM,05/15/2014 10:36:11 AM,05/15/2014 10:36:11 AM,Closed,RPD Urban Forestry Queue,Rec and Park Requests,Park - UrbanForestry,Other,"1119 BRAZIL AVE, SAN FRANCISCO, CA, 94112",Excelsior,11.0,POINT (-122.425348 37.72049236),Mobile/Open311,http://mobile311.sfgov.org/reports/3643540/photos
3643532,05/14/2014 07:40:53 PM,05/15/2014 07:15:56 AM,05/15/2014 07:15:56 AM,Closed,DPW Ops Queue,Graffiti,Graffiti on Signal_box,Signal_box - Not_Offensive,"755 OCEAN AVE, SAN FRANCISCO, CA, 94112",Oceanview,11.0,POINT (-122.44893405 37.72281354),Phone,http://mobile311.sfgov.org/reports/3643532/photos
3643531,05/14/2014 07:40:46 PM,11/03/2014 10:53:12 AM,11/03/2014 10:53:12 AM,Closed,RPD Park Service Area 3 Queue,Rec and Park Requests,Park - UrbanForestry,Other,"1119 BRAZIL AVE, SAN FRANCISCO, CA, 94112",Excelsior,11.0,POINT (-122.425348 37.72049236),Mobile/Open311,http://mobile311.sfgov.org/reports/3643531/photos
3643529,05/14/2014 07:40:35 PM,05/14/2014 08:00:32 PM,05/14/2014 08:00:32 PM,Closed,311 Supervisor Queue,Graffiti,Graffiti on Other_enter_additional_details_below,Other_enter_additional_details_below - Offensive,"602 THE EMBARCADERO, SAN FRANCISCO, CA, 94111",Northern Waterfront,3.0,POINT (-122.387471 37.783487),Mobile/Open311,http://mobile311.sfgov.org/reports/3643529/photos
3643523,05/14/2014 07:39:21 PM,05/15/2014 10:28:02 AM,05/15/2014 10:28:02 AM,Closed,Recology_Abandoned,Street and Sidewalk Cleaning,General Cleaning,Other Loose Garbage,"497 MONTEREY BLVD, SAN FRANCISCO, CA, 94112",Sunnyside,7.0,POINT (-122.4465874 37.73142051),Mobile/Open311,http://mobile311.sfgov.org/reports/3643523/photos
3643521,05/14/2014 07:38:40 PM,05/15/2014 10:28:16 AM,05/15/2014 10:28:16 AM,Closed,Recology_Abandoned,Street and Sidewalk Cleaning,Bulky Items,Furniture,"497 MONTEREY BLVD, SAN FRANCISCO, CA, 94112",Sunnyside,7.0,POINT (-122.44660333 37.73142839),Mobile/Open311,http://mobile311.sfgov.org/reports/3643521/photos
3643515,05/14/2014 07:35:48 PM,05/16/2014 03:26:52 PM,05/16/2014 03:26:52 PM,Closed,SSP - MTA Feedback Queue,MUNI Feedback,MUNI  - Conduct_Discourteous_Insensitive_Inappropriate_Conduct,301_Discourtesy_to_Customer,Not associated with a specific address,,,POINT (0 0),Web,
3643513,05/14/2014 07:35:19 PM,05/15/2014 10:35:12 AM,05/15/2014 10:35:12 AM,Closed,RPD Graffiti Queue,Rec and Park Requests,Park - Structural_Maintenance,Pavement,"John McLaren Park, , SAN FRANCISCO, CA, 94134",McLaren Park,10.0,POINT (-122.42338713 37.71906802),Mobile/Open311,http://mobile311.sfgov.org/reports/3643513/photos
3643512,05/14/2014 07:34:49 PM,05/16/2014 12:00:00 PM,05/16/2014 12:00:00 PM,Closed,DPW Ops Queue,Tree Maintenance,Trees - Damaged_Tree,Damage_vandalism,Intersection of EASEMENT and LAWTON ST,Golden Gate Heights,7.0,POINT (-122.46529061 37.75847826),Mobile/Open311,
3643509,05/14/2014 07:32:48 PM,05/18/2014 11:57:39 AM,05/18/2014 11:57:39 AM,Closed,DPW Ops Queue,Graffiti,Graffiti on Building_residential,Building_residential - Not_Offensive,"1838 DIVISADERO ST, SAN FRANCISCO, CA, 94115",Lower Pacific Heights,2.0,POINT (-122.44001516 37.78654139),Phone,
3643506,05/14/2014 07:31:42 PM,06/18/2014 11:48:48 AM,06/18/2014 11:48:48 AM,Closed,DPW Ops Queue,Graffiti,Graffiti on Building_commercial,Building_commercial - Not_Offensive,"1836 DIVISADERO ST, SAN FRANCISCO, CA, 94115",Lower Pacific Heights,2.0,POINT (-122.44001516 37.78654139),Phone,
3643505,05/14/2014 07:30:09 PM,06/18/2014 10:58:08 AM,06/18/2014 10:58:08 AM,Closed,DPW Ops Queue,Graffiti,Graffiti on Building_residential,Building_residential - Not_Offensive,"1816 DIVISADERO ST, SAN FRANCISCO, CA, 94115",Lower Pacific Heights,2.0,POINT (-122.43997921 37.78635793),Phone,
3643504,05/14/2014 07:29:51 PM,05/20/2014 08:04:30 AM,05/20/2014 08:04:30 AM,Closed,DPT Abandoned Vehicles Work Queue,Abandoned Vehicle,Abandoned Vehicle - Car4door,cream  - Suburu -  - 7DIA296,"1168 VALLEJO ST, SAN FRANCISCO, CA, 94109",Russian Hill,3.0,POINT (-122.41652005 37.79766054),Phone,
3643497,05/14/2014 07:28:08 PM,11/03/2014 10:46:58 AM,11/03/2014 10:46:58 AM,Closed,RPD Park Service Area 3 Queue,Rec and Park Requests,Park - Structural_Maintenance,Pavement,"John McLaren Park, , SAN FRANCISCO, CA, 94134",McLaren Park,10.0,POINT (-122.42445398 37.71747014),Mobile/Open311,http://mobile311.sfgov.org/reports/3643497/photos
3643495,05/14/2014 07:27:53 PM,05/20/2014 08:03:57 AM,05/20/2014 08:03:57 AM,Closed,DPT Abandoned Vehicles Work Queue,Abandoned Vehicle,Abandoned Vehicle - Car4door,black  - Suburu -  - 6VAN830,"1156 VALLEJO ST, SAN FRANCISCO, CA, 94109",Russian Hill,3.0,POINT (-122.41633031 37.7976856),Phone,
3643492,05/14/2014 07:26:37 PM,05/15/2014 11:17:32 AM,05/15/2014 11:17:32 AM,Closed,Recology_Abandoned,Street and Sidewalk Cleaning,Bulky Items,Electronics,"221 CLARA ST, SAN FRANCISCO, CA, 94107",South of Market,6.0,POINT (-122.40300444 37.77888782),Mobile/Open311,http://mobile311.sfgov.org/reports/3643492/photos
3643487,05/14/2014 07:26:15 PM,05/20/2014 08:03:30 AM,05/20/2014 08:03:30 AM,Closed,DPT Abandoned Vehicles Work Queue,Abandoned Vehicle,Abandoned Vehicle - Car4door,red - Hyundai -  - 6TDT,"1150 VALLEJO ST, SAN FRANCISCO, CA, 94109",Russian Hill,3.0,POINT (-122.41623363 37.79769541),Phone,
3643482,05/14/2014 07:25:20 PM,05/15/2014 10:35:55 AM,05/15/2014 10:35:55 AM,Closed,DPW Ops Queue,Street and Sidewalk Cleaning,Human or Animal Waste,Human or Animal Waste,"212 CLARA ST, SAN FRANCISCO, CA, 94107",South of Market,6.0,POINT (-122.40279146 37.77916757),Mobile/Open311,http://mobile311.sfgov.org/reports/3643482/photos
3643478,05/14/2014 07:23:44 PM,05/20/2014 08:05:04 AM,05/20/2014 08:05:04 AM,Closed,DPT Abandoned Vehicles Work Queue,Abandoned Vehicle,Abandoned Vehicle - SUV,green - Cherokee - Jeep - 748FA,"1157 VALLEJO ST, SAN FRANCISCO, CA, 94109",Russian Hill,3.0,POINT (-122.41630671 37.79757611),Phone,
3643471,05/14/2014 07:20:09 PM,05/15/2014 03:10:37 AM,05/15/2014 03:10:37 AM,Closed,DPW Ops Queue,Street and Sidewalk Cleaning,Human or Animal Waste,Human or Animal Waste,"24 BENTON AVE, SAN FRANCISCO, CA, 94112",St. Mary's Park,9.0,POINT (-122.42659805 37.73218818),Phone,
3643457,05/14/2014 07:16:28 PM,05/20/2014 07:45:08 AM,05/20/2014 07:45:08 AM,Closed,DPT Abandoned Vehicles Work Queue,Abandoned Vehicle,Abandoned Vehicle - PickupTruck,GREEN - Ford - F150 - 6N51723,"3529 QUINTARA ST, SAN FRANCISCO, CA, 94116",Outer Sunset,4.0,POINT (-122.50339508 37.74729919),Web,
3643445,05/14/2014 07:11:46 PM,05/23/2014 01:48:05 PM,05/23/2014 01:48:05 PM,Closed,DPT Meter_Bike Queue,Damaged Property,Damaged Parking_Meter,Parking_Meter,Intersection of MARIPOSA ST and TERRY A FRANCOIS BLVD,Dogpatch,6.0,POINT (-122.38791774 37.76437908),Phone,
3643439,05/14/2014 07:09:49 PM,06/24/2014 07:54:38 AM,06/24/2014 07:54:38 AM,Closed,PUC Streetlights Queue,Streetlights,Streetlight - Light_On_all_the_time,Light_On_all_the_time on Metal Pole,Intersection of MARKET ST and CASTRO ST,Castro,8.0,POINT (-122.43518829 37.76267242),Phone,
3643434,05/14/2014 07:06:57 PM,05/16/2014 02:25:05 PM,05/16/2014 02:25:05 PM,Closed,SSP - MTA Feedback Queue,MUNI Feedback,MUNI  - Services_Service_Planning,701_Insufficient_Frequency,Not associated with a specific address,,,POINT (0 0),Web,
3643431,05/14/2014 07:06:24 PM,05/19/2014 12:52:30 PM,05/19/2014 12:52:30 PM,Closed,DPT - Traffic Signal - G,General Request - MTA,request_for_service,parking_traffic_other - request_for_service,Intersection of FELL ST and MASONIC AVE,Panhandle,5.0,POINT (-122.44590427 37.77299537),Phone,
3643429,05/14/2014 07:04:02 PM,05/15/2014 09:22:26 AM,05/15/2014 09:22:26 AM,Closed,Clear Channel - Transit Queue,Street and Sidewalk Cleaning,General Cleaning,Other Loose Garbage,"906 GENEVA AVE, SAN FRANCISCO, CA, 94112",Crocker Amazon,11.0,POINT (-122.44083054 37.71625975),Mobile/Open311,http://mobile311.sfgov.org/reports/3643429/photos
3643426,05/14/2014 07:03:17 PM,05/15/2014 11:18:09 AM,05/15/2014 11:18:09 AM,Closed,Recology_Abandoned,Street and Sidewalk Cleaning,General Cleaning,Other Loose Garbage,"901 GENEVA AVE, SAN FRANCISCO, CA, 94112",Excelsior,11.0,POINT (-122.44082007 37.71634747),Mobile/Open311,http://mobile311.sfgov.org/reports/3643426/photos
3643421,05/14/2014 06:59:55 PM,08/21/2014 05:29:51 PM,08/21/2014 05:29:51 PM,Closed,Housing Authority SR Queue,SFHA Requests,Plumbing,Plumbing - Emergency,"1780 TURK ST, Apt 363, SAN FRANCISCO, CA, 94115",Western Addition,5.0,POINT (-122.43800354 37.78030014),Phone,
3643416,05/14/2014 06:57:57 PM,05/14/2014 07:09:18 PM,05/14/2014 07:09:18 PM,Closed,311 Service Request Queue,Damaged Property,Damaged Traffic_Signal,Traffic_Signal,Intersection of FELL ST and MASONIC AVE,Panhandle,5.0,POINT (-122.44590427 37.77299537),Phone,
3643409,05/14/2014 06:51:29 PM,05/20/2014 08:14:03 AM,05/20/2014 08:14:03 AM,Closed,DPT Abandoned Vehicles Work Queue,Abandoned Vehicle,Abandoned Vehicle - Car4door,champagne - Toyota - Camry - 7BJU900,"78 MIRABEL AVE, SAN FRANCISCO, CA, 94110",Bernal Heights,9.0,POINT (-122.41573835 37.74656689),Phone,
3643405,05/14/2014 06:50:07 PM,05/16/2014 02:52:12 PM,05/16/2014 02:52:12 PM,Closed,MUNI Work Queue,MUNI Feedback,MUNI - Services_Service_Delivery_Facilities,601_Delay_No_Show,Not associated with a specific address,,,POINT (0 0),Phone,
3643403,05/14/2014 06:48:30 PM,05/20/2014 08:28:26 AM,05/20/2014 08:28:26 AM,Closed,DPT Abandoned Vehicles Work Queue,Abandoned Vehicle,Abandoned Vehicle - Car2door,,Intersection of OGDEN AVE and ANDERSON ST,Bernal Heights,9.0,POINT (-122.41544342 37.73600006),Web,
3643395,05/14/2014 06:46:31 PM,05/15/2014 10:34:31 AM,05/15/2014 10:34:31 AM,Closed,Recology_Abandoned,Street and Sidewalk Cleaning,General Cleaning,Other Loose Garbage,Intersection of 18TH ST and CHURCH ST,Mission Dolores,8.0,POINT (-122.428143 37.761328),Mobile/Open311,
3643385,05/14/2014 06:40:46 PM,06/16/2014 02:21:22 PM,06/16/2014 02:21:22 PM,Closed,DPT SignShop Surveyed - Area 1 Queue,Sign Repair,Sign - Stickers,Street_Cleaning - Stickers; support - Other,Intersection of GROVE ST and STEINER ST,Alamo Square,5.0,POINT (-122.43302992 37.77655019),Phone,
3643369,05/14/2014 06:34:25 PM,05/15/2014 10:34:14 AM,05/15/2014 10:34:14 AM,Closed,RPD Park Patrol Queue,Rec and Park Requests,Park - Park_Patrol,Park_Rules_Violation,"Pine Lake Park, , SAN FRANCISCO, CA, 94132",Parkside,4.0,POINT (-122.489033 37.735901),Mobile/Open311,
3643365,05/14/2014 06:30:04 PM,05/20/2014 06:34:49 AM,05/20/2014 06:34:49 AM,Closed,DPT Abandoned Vehicles Work Queue,Abandoned Vehicle,Abandoned Vehicle - Other,Silver - Honda - CRV  - 590YRX,Intersection of ELLIS ST and CYRIL MAGNIN ST,Downtown / Union Square,3.0,POINT (-122.4086684 37.78538838),Phone,
3643356,05/14/2014 06:27:33 PM,05/17/2014 01:30:08 AM,05/17/2014 01:30:08 AM,Closed,DPT Signal Queue,Damaged Property,Damaged Traffic_Signal,Traffic_Signal,Intersection of OTIS ST and DUBOCE AVE,South of Market,6.0,POINT (-122.42001018 37.77010993),Phone,
3643347,05/14/2014 06:20:45 PM,05/15/2014 03:32:37 PM,05/15/2014 03:32:37 PM,Closed,SSP - MTA Feedback Queue,MUNI Feedback,MUNI  - Services_Service_Delivery_Facilities,602_Bunching,Not associated with a specific address,,,POINT (0 0),Web,
3643341,05/14/2014 06:18:47 PM,05/15/2014 10:52:19 AM,05/15/2014 10:52:19 AM,Closed,Recology_Abandoned,Street and Sidewalk Cleaning,Bulky Items,Furniture,"205 7TH AVE, SAN FRANCISCO, CA, 94118",Inner Richmond,1.0,POINT (-122.46578 37.784669),Mobile/Open311,http://mobile311.sfgov.org/reports/3643341/photos
3643334,05/14/2014 06:15:15 PM,05/15/2014 03:31:02 PM,05/15/2014 03:31:02 PM,Closed,MUNI Work Queue,MUNI Feedback,MUNI - Services_Criminal_Activity,501_Altercation_Miscellaneous,Intersection of 19TH AVE and LINCOLN WAY,Inner Sunset,4.0,POINT (-122.47731018 37.76544952),Phone,
3643323,05/14/2014 06:09:16 PM,05/16/2014 09:08:52 AM,05/16/2014 09:08:52 AM,Closed,SSP - MTA Feedback Queue,MUNI Feedback,MUNI  -,,Not associated with a specific address,,,POINT (0 0),Web,
3643312,05/14/2014 06:04:45 PM,05/15/2014 12:01:43 PM,05/15/2014 12:01:43 PM,Closed,Recology_Abandoned,Encampments,Encampment items,Clothing,"632 COMMERCIAL ST, SAN FRANCISCO, CA, 94111",Chinatown,3.0,POINT (-122.40361961 37.79420514),Phone,
3643306,05/14/2014 06:02:58 PM,05/21/2014 08:35:59 AM,05/21/2014 08:35:59 AM,Closed,DPT Abandoned Vehicles Work Queue,Abandoned Vehicle,Abandoned Vehicle - Other,cream - camper van - camper van - 6VQP441,Intersection of CIRCULAR AVE and STAPLES AVE,Mission Terrace,7.0,POINT (-122.44259685 37.72910161),Phone,
3643304,05/14/2014 06:02:20 PM,05/15/2014 09:07:49 AM,05/15/2014 09:07:49 AM,Closed,Recology_Abandoned,Street and Sidewalk Cleaning,Bulky Items,Furniture,"430 HYDE ST, SAN FRANCISCO, CA, 94109",Tenderloin,5.0,POINT (-122.41606232 37.78475203),Phone,
3643299,05/14/2014 06:00:14 PM,05/15/2014 10:22:29 AM,05/15/2014 10:22:29 AM,Closed,Recology_Abandoned,Street and Sidewalk Cleaning,Bulky Items,Furniture,Intersection of PRESIDIO AVE and SUTTER ST,Laurel Heights / Jordan Park,2.0,POINT (-122.44624905 37.78443614),Phone,
3643297,05/14/2014 05:59:55 PM,05/21/2014 08:36:27 AM,05/21/2014 08:36:27 AM,Closed,DPT Abandoned Vehicles Work Queue,Abandoned Vehicle,Abandoned Vehicle - Trailer,black - boat trailor - boat trailor - ND5396,Intersection of CIRCULAR AVE and STAPLES AVE,Mission Terrace,7.0,POINT (-122.44259685 37.72910161),Phone,
3643293,05/14/2014 05:59:15 PM,05/20/2014 06:52:47 AM,05/20/2014 06:52:47 AM,Closed,DPT Abandoned Vehicles Work Queue,Abandoned Vehicle,Abandoned Vehicle - PickupTruck,WHITE - FORD - F250 - 7C06510,"1806 42ND AVE, SAN FRANCISCO, CA, 94122",Outer Sunset,4.0,POINT (-122.50103993 37.75299187),Phone,
3643292,05/14/2014 05:58:48 PM,05/16/2014 10:41:50 AM,05/16/2014 10:41:50 AM,Closed,MUNI Work Queue,MUNI Feedback,MUNI - Conduct_Inattentiveness_Negligence,201_Pass_Up_Did_Not_Wait_for_Transferee,Intersection of SANSOME ST and SACRAMENTO ST,Financial District,3.0,POINT (-122.40131378 37.79398727),Phone,
3643285,05/14/2014 05:57:43 PM,05/15/2014 10:34:57 AM,05/15/2014 10:34:57 AM,Closed,Recology_Abandoned,Street and Sidewalk Cleaning,Bulky Items,Furniture,"317 CORNWALL ST, SAN FRANCISCO, CA, 94118",Inner Richmond,1.0,POINT (-122.46257 37.784774),Mobile/Open311,http://mobile311.sfgov.org/reports/3643285/photos
3643281,05/14/2014 05:56:21 PM,05/16/2014 10:42:53 AM,05/16/2014 10:42:53 AM,Closed,MUNI Work Queue,MUNI Feedback,MUNI - Conduct_Discourteous_Insensitive_Inappropriate_Conduct,301_Discourtesy_to_Customer,Intersection of BAY ST and POLK ST,Russian Hill,2.0,POINT (-122.42346954 37.80435562),Phone,
3643279,05/14/2014 05:55:40 PM,05/15/2014 11:17:10 AM,05/15/2014 11:17:10 AM,Closed,Recology_Abandoned,Street and Sidewalk Cleaning,General Cleaning,Other Loose Garbage,Intersection of CLEMENTINA ST and GALLAGHER LN,South of Market,6.0,POINT (-122.402831 37.781614),Mobile/Open311,http://mobile311.sfgov.org/reports/3643279/photos
3643275,05/14/2014 05:54:03 PM,05/15/2014 10:15:03 AM,05/15/2014 10:15:03 AM,Closed,Recology_Abandoned,Street and Sidewalk Cleaning,Bulky Items,Furniture,"2060 OFARRELL ST, SAN FRANCISCO, CA, 94115",Western Addition,5.0,POINT (-122.43865548 37.78258621),Phone,
3643274,05/14/2014 05:53:47 PM,05/16/2014 11:04:17 AM,05/16/2014 11:04:17 AM,Closed,PUC Sewer Ops,Sewer Issues,Sewage_back_up,Outofsewervent4inch,"174 NIAGARA AVE, SAN FRANCISCO, CA, 94112",Cayuga,11.0,POINT (-122.44432702 37.7177666),Phone,
3643271,05/14/2014 05:52:34 PM,05/20/2014 08:10:59 AM,05/20/2014 08:10:59 AM,Closed,DPT Abandoned Vehicles Work Queue,Abandoned Vehicle,Abandoned Vehicle - Car2door,GREY - BMW - 325CI - JCB885,"17 17th AVE, SAN FRANCISCO, CA, 94121",Lake Street,1.0,POINT (-122.47668699 37.78666846),Phone,
3643268,05/14/2014 05:52:24 PM,05/16/2014 10:43:39 AM,05/16/2014 10:43:39 AM,Closed,MUNI Work Queue,MUNI Feedback,MUNI - Commendation,401_Employee_Commendation,Not associated with a specific address,,,POINT (0 0),Twitter,
3643266,05/14/2014 05:51:57 PM,05/14/2014 07:04:46 PM,05/14/2014 07:04:46 PM,Closed,PUC - Water - G,General Request - PUC,request_for_service,water - request_for_service,Intersection of SOUTH ST and 3RD ST,Mission Bay,6.0,POINT (-122.38923839 37.76882439),Phone,
3643261,05/14/2014 05:50:44 PM,05/15/2014 12:00:00 PM,05/15/2014 12:00:00 PM,Closed,DPW BSM Queue,Sidewalk or Curb,Sidewalk_Defect,Lifted_sidewalk_other,"2666 21ST AVE, SAN FRANCISCO, CA, 94116",Parkside,4.0,POINT (-122.4774191 37.73799108),Phone,
3643259,05/14/2014 05:50:07 PM,05/16/2014 10:44:59 AM,05/16/2014 10:44:59 AM,Closed,MUNI Work Queue,MUNI Feedback,MUNI - Conduct_Inattentiveness_Negligence,201_Pass_Up_Did_Not_Wait_for_Transferee,Intersection of SANSOME ST and SACRAMENTO ST,Financial District,3.0,POINT (-122.40131378 37.79398727),Phone,
3643257,05/14/2014 05:49:31 PM,05/16/2014 11:03:49 AM,05/16/2014 11:03:49 AM,Closed,SSP - MTA Feedback Queue,MUNI Feedback,MUNI  - Services_Service_Delivery_Facilities,601_Delay_No_Show,Not associated with a specific address,,,POINT (0 0),Web,
3643253,05/14/2014 05:47:41 PM,05/17/2014 01:30:10 AM,05/17/2014 01:30:10 AM,Closed,DPT Signal Queue,Damaged Property,Damaged Traffic_Signal,Traffic_Signal,Intersection of CALIFORNIA ST and SANSOME ST,Financial District,3.0,POINT (-122.40112563 37.79305872),Phone,
3643237,05/14/2014 05:39:29 PM,05/15/2014 02:36:42 AM,05/15/2014 02:36:42 AM,Closed,DPW Ops Queue,Street and Sidewalk Cleaning,Human or Animal Waste,Human or Animal Waste,"279 CLINTON PARK, SAN FRANCISCO, CA, 94103",Mission Dolores,8.0,POINT (-122.4262333 37.76895633),Phone,
3643236,05/14/2014 05:39:16 PM,05/15/2014 11:17:16 AM,05/15/2014 11:17:16 AM,Closed,Recology_Abandoned,Encampments,Encampment items,Cart Pickup,"550 BRYANT ST, SAN FRANCISCO, CA, 94107",South of Market,6.0,POINT (-122.3970064 37.78045637),Phone,
3643233,05/14/2014 05:38:22 PM,05/15/2014 09:22:12 AM,05/15/2014 09:22:12 AM,Closed,Clear Channel - Transit Queue,Graffiti,Graffiti on Transit_Shelter_Platform,Transit_Shelter_Platform - Offensive,Intersection of HAYES ST and PIERCE ST,Alamo Square,5.0,POINT (-122.43410884 37.7754266),Mobile/Open311,http://mobile311.sfgov.org/reports/3643233/photos
3643229,05/14/2014 05:36:09 PM,05/23/2014 01:47:50 PM,05/23/2014 01:47:50 PM,Closed,DPT Meter_Bike Queue,Damaged Property,Damaged Parking_Meter,Parking_Meter,Intersection of POST ST and VAN NESS AVE,Lower Nob Hill,3.0,POINT (-122.42157227 37.78661816),Phone,
3643220,05/14/2014 05:32:27 PM,05/15/2014 08:50:07 AM,05/15/2014 08:50:07 AM,Closed,DPW Ops Queue,Graffiti,Graffiti on Building_commercial,Building_commercial - Not_Offensive,"854 ELLIS ST, SAN FRANCISCO, CA, 94109",Tenderloin,5.0,POINT (-122.42041021 37.78433251),Mobile/Open311,http://mobile311.sfgov.org/reports/3643220/photos
3643215,05/14/2014 05:31:49 PM,06/24/2014 07:53:32 AM,06/24/2014 07:53:32 AM,Closed,PUC Streetlights Queue,Streetlights,Streetlight - Light_On_all_the_time,Light_On_all_the_time on Unknown Pole,Intersection of MARKET ST and 16TH ST,Castro,8.0,POINT (-122.43307495 37.76419449),Phone,
3643213,05/14/2014 05:31:14 PM,05/16/2014 01:43:52 PM,05/16/2014 01:43:52 PM,Closed,MUNI Work Queue,MUNI Feedback,MUNI - Conduct_Discourteous_Insensitive_Inappropriate_Conduct,301_Discourtesy_to_Customer,Intersection of POTRERO AVE and 24TH ST,Potrero Hill,9.0,POINT (-122.40633392 37.75300217),Phone,
3643208,05/14/2014 05:30:41 PM,07/31/2014 02:01:41 PM,07/31/2014 02:01:41 PM,Closed,DPT SignShop Surveyed - Area 1 Queue,Sign Repair,Sign - Defaced,Permit_Parking - Defaced; support - OK,Intersection of MASON ST and FRANCISCO ST,North Beach,3.0,POINT (-122.41342926 37.80468369),Web,
3643205,05/14/2014 05:29:57 PM,05/16/2014 02:17:12 PM,05/16/2014 02:17:12 PM,Closed,SSP - MTA Feedback Queue,MUNI Feedback,MUNI  - Conduct_Inattentiveness_Negligence,201_Pass_Up_Did_Not_Wait_for_Transferee,Not associated with a specific address,,,POINT (0 0),Web,
3643198,05/14/2014 05:28:07 PM,05/16/2014 01:55:49 PM,05/16/2014 01:55:49 PM,Closed,MUNI Work Queue,MUNI Feedback,MUNI - Conduct_Discourteous_Insensitive_Inappropriate_Conduct,301_Discourtesy_to_Customer,Not associated with a specific address,,,POINT (0 0),Phone,
3643195,05/14/2014 05:26:57 PM,05/16/2014 01:57:10 PM,05/16/2014 01:57:10 PM,Closed,MUNI Work Queue,MUNI Feedback,MUNI - Services_Service_Planning,701_Insufficient_Frequency,Not associated with a specific address,,,POINT (0 0),Phone,
3643189,05/14/2014 05:25:37 PM,05/27/2014 11:39:15 AM,05/27/2014 11:39:15 AM,Closed,Animal Care and Control - G,General Request - ANIMAL CARE CONTROL,request_for_service,animal_care_control - request_for_service,"1124 ATHENS ST, SAN FRANCISCO, CA, 94112",Crocker Amazon,11.0,POINT (-122.43521325 37.71264803),Phone,
3643185,05/14/2014 05:24:35 PM,07/31/2014 02:01:41 PM,07/31/2014 02:01:41 PM,Closed,DPT SignShop Surveyed - Area 1 Queue,Sign Repair,Sign - Stickers,Street_Cleaning - Stickers; support - Other,Intersection of PAGE ST and STEINER ST,Lower Haight,5.0,POINT (-122.43228249 37.77282938),Phone,
3643184,05/14/2014 05:24:21 PM,05/20/2014 08:15:58 AM,05/20/2014 08:15:58 AM,Closed,DPT Abandoned Vehicles Work Queue,Abandoned Vehicle,Abandoned Vehicle - Car4door,black - Honda - civic - 6TUP655,"155 WINFIELD ST, SAN FRANCISCO, CA, 94110",Bernal Heights,9.0,POINT (-122.41857147 37.74233246),Web,
3643176,05/14/2014 05:21:56 PM,05/15/2014 11:04:38 AM,05/15/2014 11:04:38 AM,Closed,Recology_Abandoned,Street and Sidewalk Cleaning,Bulky Items,Furniture,"48 HOFF ST, SAN FRANCISCO, CA, 94110",Mission,9.0,POINT (-122.42056092 37.76418337),Mobile/Open311,http://mobile311.sfgov.org/reports/3643176/photos
3643175,05/14/2014 05:21:35 PM,05/20/2014 07:37:57 AM,05/20/2014 07:37:57 AM,Closed,DPT Abandoned Vehicles Work Queue,Abandoned Vehicle,Abandoned Vehicle - PickupTruck,whit/brown - FORD -  - NONE,"1895 FUNSTON AVE, SAN FRANCISCO, CA, 94116",Golden Gate Heights,7.0,POINT (-122.47010803 37.75281143),Phone,
3643172,05/14/2014 05:21:10 PM,05/20/2014 10:50:29 AM,05/20/2014 10:50:29 AM,Closed,DPW Ops Queue,Graffiti,Graffiti on Building_commercial,Building_commercial - Not_Offensive,"888 OFARRELL ST, SAN FRANCISCO, CA, 94109",Tenderloin,5.0,POINT (-122.41921529 37.78535584),Mobile/Open311,http://mobile311.sfgov.org/reports/3643172/photos
3643169,05/14/2014 05:20:29 PM,05/14/2014 05:51:03 AM,05/14/2014 05:51:03 AM,Closed,DPW Ops Queue,Encampments,Encampment Reports,Encampment Cleanup,Intersection of ELLINGTON AVE and FARRAGUT AVE,Outer Mission,11.0,POINT (-122.44946429 37.71006711),Phone,
3643163,05/14/2014 05:19:35 PM,05/16/2014 02:16:24 PM,05/16/2014 02:16:24 PM,Closed,MUNI Work Queue,MUNI Feedback,MUNI - Conduct_Discourteous_Insensitive_Inappropriate_Conduct,301_Discourtesy_to_Customer,Not associated with a specific address,,,POINT (0 0),Phone,
3643151,05/14/2014 05:15:18 PM,05/16/2014 07:41:05 AM,05/16/2014 07:41:05 AM,Closed,DPT Abandoned Vehicles Work Queue,Abandoned Vehicle,Abandoned Vehicles,DPT Abandoned Vehicles Low,"755 FREDERICK ST, SAN FRANCISCO, CA, 94117",Parnassus Heights,8.0,POINT (-122.45673965 37.76590954),Mobile/Open311,http://mobile311.sfgov.org/reports/3643151/photos
3643146,05/14/2014 05:14:11 PM,05/15/2014 02:05:44 PM,05/15/2014 02:05:44 PM,Closed,SSP - MTA Feedback Queue,MUNI Feedback,MUNI  -,,Not associated with a specific address,,,POINT (0 0),Web,
3643144,05/14/2014 05:13:55 PM,04/14/2015 08:47:00 AM,04/14/2015 08:47:00 AM,Closed,DPW BSM Queue,Graffiti,Graffiti on Building_commercial,Building_commercial - Not_Offensive,"706 POLK ST, SAN FRANCISCO, CA, 94109",Tenderloin,5.0,POINT (-122.4191453 37.78352729),Mobile/Open311,http://mobile311.sfgov.org/reports/3643144/photos
3643142,05/14/2014 05:13:39 PM,05/15/2014 10:02:55 AM,05/15/2014 10:02:55 AM,Closed,Recology_Abandoned,Street and Sidewalk Cleaning,Bulky Items,Mattress,"720 FILBERT ST, SAN FRANCISCO, CA, 94133",Russian Hill,3.0,POINT (-122.41154559 37.80115843),Phone,
3643135,05/14/2014 05:11:54 PM,05/23/2014 01:47:34 PM,05/23/2014 01:47:34 PM,Closed,DPT Meter_Bike Queue,Damaged Property,Damaged Parking_Meter,Parking_Meter,Intersection of AUSTIN ST and VAN NESS AVE,Cathedral Hill,2.0,POINT (-122.42214466 37.78894096),Phone,
3643134,05/14/2014 05:11:29 PM,05/15/2014 08:48:59 AM,05/15/2014 08:48:59 AM,Closed,Recology_Abandoned,Street and Sidewalk Cleaning,Bulky Items,Furniture,"650 EDDY ST, SAN FRANCISCO, CA, 94109",Tenderloin,5.0,POINT (-122.41853259 37.78364972),Mobile/Open311,http://mobile311.sfgov.org/reports/3643134/photos
3643127,05/14/2014 05:10:08 PM,05/15/2014 02:04:29 PM,05/15/2014 02:04:29 PM,Closed,MUNI Work Queue,MUNI Feedback,MUNI - Conduct_Discourteous_Insensitive_Inappropriate_Conduct,301_Discourtesy_to_Customer,Intersection of 1ST ST and MARKET ST,Financial District,6.0,POINT (-122.39914703 37.79101563),Phone,
3643126,05/14/2014 05:09:42 PM,06/12/2014 02:16:14 PM,06/12/2014 02:16:14 PM,Closed,DPT SignShop Surveyed - Area 2 Queue,Sign Repair,Sign - Defaced,Permit_Parking - Defaced; support - OK,Intersection of 17TH ST and MARKET ST,Castro,8.0,POINT (-122.4351877 37.76267028),Phone,
3643115,05/14/2014 05:06:39 PM,05/20/2014 08:07:11 AM,05/20/2014 08:07:11 AM,Closed,DPT Abandoned Vehicles Work Queue,Abandoned Vehicle,Abandoned Vehicle - Other,WHITE  - STRECH LIMO -  - NONE,Intersection of 15TH ST and RHODE ISLAND ST,Showplace Square,6.0,POINT (-122.40280739 37.76737277),Phone,
3643111,05/14/2014 05:05:59 PM,06/04/2014 10:20:38 AM,06/04/2014 10:20:38 AM,Closed,DPT Color Curb Queue,Color Curb,White_Fee Color Curb Request,White_Fee zone for Other,Not associated with a specific address,,,POINT (0 0),Phone,
3643107,05/14/2014 05:04:26 PM,05/19/2014 12:00:00 PM,05/19/2014 12:00:00 PM,Closed,DPW BSM Queue,Blocked Street or SideWalk,Blocked_Sidewalk,Scaffolding blocking sidewalk,"527 UNION ST, SAN FRANCISCO, CA, 94133",North Beach,3.0,POINT (-122.40804321 37.80052568),Phone,
3643104,05/14/2014 05:03:52 PM,05/20/2014 07:59:55 AM,05/20/2014 07:59:55 AM,Closed,DPT Abandoned Vehicles Work Queue,Abandoned Vehicle,Abandoned Vehicle - Trailer,BEIGE - ITASCA -  - 6RYG313,"155 DE HARO ST, SAN FRANCISCO, CA, 94103",Showplace Square,6.0,POINT (-122.40182712 37.76800939),Phone,
3643102,05/14/2014 05:03:47 PM,05/14/2014 05:42:39 PM,05/14/2014 05:42:39 PM,Closed,Recology_Abandoned,Street and Sidewalk Cleaning,General Cleaning,Other Loose Garbage,"744 ALABAMA ST, SAN FRANCISCO, CA, 94110",Mission,9.0,POINT (-122.411804 37.759781),Mobile/Open311,
3643097,05/14/2014 05:02:47 PM,05/21/2014 12:31:16 PM,05/21/2014 12:31:16 PM,Closed,311 Supervisor Queue,General Request - MTA,complaint,parking_traffic_other - complaint,Not associated with a specific address,,,POINT (0 0),Phone,
3643089,05/14/2014 05:00:37 PM,05/17/2014 11:00:06 AM,05/17/2014 11:00:06 AM,Closed,DPW Ops Queue,Graffiti,Graffiti on Sidewalk_structure,Sidewalk_structure - Offensive,Intersection of MCALLISTER ST and HYDE ST,Civic Center,5.0,POINT (-122.41531372 37.78071976),Web,
3643088,05/14/2014 05:00:26 PM,05/23/2014 01:47:18 PM,05/23/2014 01:47:18 PM,Closed,DPT Meter_Bike Queue,Damaged Property,Damaged Parking_Meter,Parking_Meter,"16 TAPIA DR, SAN FRANCISCO, CA, 94132",Parkmerced,7.0,POINT (-122.48183865 37.721869),Phone,
3643086,05/14/2014 04:59:59 PM,05/16/2014 08:12:44 AM,05/16/2014 08:12:44 AM,Closed,PUC Sewer Ops,Sewer Issues,Odor,From_side_sewer_vent,"2475 MARKET ST, SAN FRANCISCO, CA, 94114",Castro,8.0,POINT (-122.43618001 37.76197411),Mobile/Open311,http://mobile311.sfgov.org/reports/3643086/photos
3643085,05/14/2014 04:59:42 PM,05/15/2014 01:12:56 AM,05/15/2014 01:12:56 AM,Closed,DPW Ops Queue,Litter Receptacles,Tipped_over,,Intersection of VAN NESS AVE and JACKSON ST,Pacific Heights,3.0,POINT (-122.42304929 37.79393382),Phone,
3643082,05/14/2014 04:59:20 PM,05/15/2014 01:43:00 AM,05/15/2014 01:43:00 AM,Closed,DPW Ops Queue,Illegal Postings,Illegal Posting - No_Posting_Date,No_Posting_Date,Intersection of MCALLISTER ST and LARKIN ST,Civic Center,5.0,POINT (-122.41694641 37.7804718),Web,
3643078,05/14/2014 04:58:35 PM,05/18/2014 09:00:00 AM,05/18/2014 09:00:00 AM,Closed,DPW Ops Queue,Graffiti,Graffiti on Other_enter_additional_details_below,Other_enter_additional_details_below - Offensive,Intersection of VAN NESS AVE and MCALLISTER ST,Civic Center,5.0,POINT (-122.42024994 37.78007507),Web,
3643076,05/14/2014 04:57:57 PM,05/15/2014 10:42:10 AM,05/15/2014 10:42:10 AM,Closed,Recology_Abandoned,Encampments,Encampment items,Cart Pickup,Intersection of CLINTON PARK and DOLORES ST,Mission Dolores,8.0,POINT (-122.42671495 37.76898142),Phone,
3643068,05/14/2014 04:56:33 PM,05/14/2014 05:26:47 AM,05/14/2014 05:26:47 AM,Closed,DPW Ops Queue,Graffiti,Graffiti on Fire_Police_Callbox,Fire_Police_Callbox - Offensive,Intersection of FRANKLIN ST and MCALLISTER ST,Civic Center,5.0,POINT (-122.42189026 37.77989197),Web,
3643065,05/14/2014 04:55:57 PM,05/21/2014 11:03:05 AM,05/21/2014 11:03:05 AM,Closed,DPT Meter_Bike Queue,Graffiti,Graffiti on Parking_meter,Parking_meter - Offensive,Intersection of MCALLISTER ST and GOUGH ST,Western Addition,5.0,POINT (-122.42353821 37.77967453),Web,
3643062,05/14/2014 04:55:27 PM,09/10/2014 12:06:17 PM,09/10/2014 12:06:17 PM,Closed,DPT SignShop Surveyed - Area 1 Queue,Sign Repair,Sign - Other,No_Parking - Other; support - OK,"1015 FOLSOM ST, SAN FRANCISCO, CA, 94103",South of Market,6.0,POINT (-122.40587818 37.77822014),Phone,
3643060,05/14/2014 04:55:16 PM,05/23/2014 01:46:45 PM,05/23/2014 01:46:45 PM,Closed,DPT Meter_Bike Queue,Damaged Property,Damaged Parking_Meter,Parking_Meter,"817 TERRY A FRANCOIS BLVD, SAN FRANCISCO, CA, 94107",Mission Bay,10.0,POINT (-122.38677697 37.76537525),Phone,
3643059,05/14/2014 04:54:57 PM,05/23/2014 01:46:22 PM,05/23/2014 01:46:22 PM,Closed,DPT Meter_Bike Queue,Damaged Property,Damaged Parking_Meter,Parking_Meter,Intersection of JULIAN AVE and 15TH ST,Mission,9.0,POINT (-122.42105785 37.76659878),Phone,
3643057,05/14/2014 04:54:46 PM,05/18/2014 09:00:00 AM,05/18/2014 09:00:00 AM,Closed,DPW Ops Queue,Graffiti,Graffiti on Pole,Pole - Offensive,Intersection of MCALLISTER ST and GOUGH ST,Western Addition,5.0,POINT (-122.42353821 37.77967453),Web,
3643053,05/14/2014 04:54:04 PM,10/28/2014 01:04:53 PM,10/28/2014 01:04:53 PM,Closed,RPD Park Service Area 2 Queue,Rec and Park Requests,Park - Structural_Maintenance,Graffiti,Intersection of TURK ST and GOUGH ST,Cathedral Hill,2.0,POINT (-122.42391968 37.7815361),Web,
3643046,05/14/2014 04:52:58 PM,05/14/2014 07:38:00 AM,05/14/2014 07:38:00 AM,Closed,DPW Ops Queue,Litter Receptacles,Litter_Receptacle_Request_New_Removal,,"617 7TH ST, SAN FRANCISCO, CA, 94103",South of Market,6.0,POINT (-122.40246439 37.77273094),Mobile/Open311,http://mobile311.sfgov.org/reports/3643046/photos
3643042,05/14/2014 04:52:37 PM,05/19/2014 09:00:00 AM,05/19/2014 09:00:00 AM,Closed,DPW Ops Queue,Graffiti,Graffiti on Pole,Pole - Offensive,Intersection of EDDY ST and GOUGH ST,Cathedral Hill,2.0,POINT (-122.42411041 37.78247833),Web,
3643041,05/14/2014 04:52:31 PM,05/16/2014 11:52:53 AM,05/16/2014 11:52:53 AM,Closed,RPD - Urban Forestry - G,Tree Maintenance,Trees - Overgrown_Tree,Blocking_traffic_signal,Intersection of LAKE MERCED BLVD and JOHN MUIR DR,Lakeshore,7.0,POINT (-122.48572405 37.70808513),Phone,
3643036,05/14/2014 04:51:45 PM,05/19/2014 09:00:00 AM,05/19/2014 09:00:00 AM,Closed,DPW Ops Queue,Graffiti,Graffiti on Signal_box,Signal_box - Offensive,Intersection of EDDY ST and GOUGH ST,Cathedral Hill,2.0,POINT (-122.42411041 37.78247833),Web,
3643035,05/14/2014 04:51:12 PM,05/15/2014 05:48:42 AM,05/15/2014 05:48:42 AM,Closed,DPW Ops Queue,Graffiti,Graffiti on Pole,Pole - Offensive,Intersection of GOUGH ST and GEARY BLVD,Cathedral Hill,2.0,POINT (-122.42469025 37.78533554),Web,
3643031,05/14/2014 04:50:15 PM,05/14/2014 07:45:00 AM,05/14/2014 07:45:00 AM,Closed,DPW Ops Queue,Illegal Postings,Illegal Posting - Affixed_Improperly,Affixed_Improperly,Intersection of BUCHANAN ST and POST ST,Japantown,5.0,POINT (-122.42977905 37.78556442),Web,
3643030,05/14/2014 04:49:50 PM,05/15/2014 03:13:13 PM,05/15/2014 03:13:13 PM,Closed,PUC Streetlights Queue,Streetlights,Streetlight - Light_Burnt_Out,Light_Burnt_Out on Concrete Pole,"926 IRVING ST, SAN FRANCISCO, CA, 94122",Inner Sunset,7.0,POINT (-122.46792603 37.76412201),Phone,
3643029,05/14/2014 04:49:24 PM,05/19/2014 09:00:00 AM,05/19/2014 09:00:00 AM,Closed,DPW Ops Queue,Graffiti,Graffiti on Signal_box,Signal_box - Offensive,Intersection of POST ST and WEBSTER ST,Japantown,5.0,POINT (-122.43136597 37.78537369),Web,
3643023,05/14/2014 04:48:11 PM,05/14/2014 07:40:00 AM,05/14/2014 07:40:00 AM,Closed,DPW Ops Queue,Illegal Postings,Illegal Posting - Affixed_Improperly,Affixed_Improperly,Intersection of STEINER ST and OFARRELL ST,Western Addition,5.0,POINT (-122.43434906 37.78308105),Web,
3643016,05/14/2014 04:46:56 PM,05/19/2014 09:00:00 AM,05/19/2014 09:00:00 AM,Closed,DPW Ops Queue,Graffiti,Graffiti on Pole,Pole - Offensive,Intersection of STEINER ST and ELLIS ST,Western Addition,5.0,POINT (-122.43415833 37.78215027),Web,
3643014,05/14/2014 04:45:58 PM,05/19/2014 09:00:00 AM,05/19/2014 09:00:00 AM,Closed,DPW Ops Queue,Graffiti,Graffiti on Pole,Pole - Offensive,Intersection of STEINER ST and MCALLISTER ST,Alamo Square,5.0,POINT (-122.43341064 37.77842331),Web,
3643012,05/14/2014 04:45:42 PM,05/16/2014 07:40:30 AM,05/16/2014 07:40:30 AM,Closed,DPT Abandoned Vehicles Work Queue,Abandoned Vehicle,Abandoned Vehicle - Other,WHITE - FORD - E150 - N35-11W,"83 MASONIC AVE, SAN FRANCISCO, CA, 94118",Lone Mountain,2.0,POINT (-122.44779968 37.78126526),Phone,
3643007,05/14/2014 04:45:00 PM,05/14/2014 07:30:00 AM,05/14/2014 07:30:00 AM,Closed,DPW Ops Queue,Illegal Postings,Illegal Posting - No_Posting_Date,No_Posting_Date,Intersection of STEINER ST and MCALLISTER ST,Alamo Square,5.0,POINT (-122.43341064 37.77842331),Web,
3643005,05/14/2014 04:43:47 PM,05/21/2014 03:06:05 AM,05/21/2014 03:06:05 AM,Closed,DPW Ops Queue,Graffiti,Graffiti on Pole,Pole - Offensive,Intersection of STEINER ST and MCALLISTER ST,Alamo Square,5.0,POINT (-122.43341064 37.77842331),Web,
3643004,05/14/2014 04:43:41 PM,05/19/2014 03:41:49 AM,05/19/2014 03:41:49 AM,Closed,DPW Ops Queue,Litter Receptacles,Cans_Left_Out_24x7,,"133 THRIFT ST, SAN FRANCISCO, CA, 94112",Oceanview,11.0,POINT (-122.45726776 37.71736145),Phone,
3643001,05/14/2014 04:43:06 PM,05/19/2014 09:00:00 AM,05/19/2014 09:00:00 AM,Closed,DPW Ops Queue,Graffiti,Graffiti on Pole,Pole - Offensive,Intersection of STEINER ST and FULTON ST,Alamo Square,5.0,POINT (-122.43321991 37.77748871),Web,
3642997,05/14/2014 04:42:30 PM,06/07/2014 09:42:12 AM,06/07/2014 09:42:12 AM,Closed,SFMTA - Temporary Sign Request Queue,Temporary Sign Request,Temporary Sign Request for Other_Event_Type,90 ft zone requested from 06/23/2014 to 06/25/2014,"2250 24TH ST, SAN FRANCISCO, CA, 94107",Potrero Hill,10.0,POINT (-122.40201569 37.75390244),Phone,
3642996,05/14/2014 04:42:14 PM,05/14/2014 07:01:23 PM,05/14/2014 07:01:23 PM,Closed,311 Supervisor Queue,Graffiti,Graffiti on Pole,Pole - Offensive,Intersection of GROVE ST and STEINER ST,Alamo Square,5.0,POINT (-122.43302917 37.77655029),Web,
3642994,05/14/2014 04:41:14 PM,05/16/2014 06:22:12 AM,05/16/2014 06:22:12 AM,Closed,DPT Abandoned Vehicles Work Queue,Abandoned Vehicle,Abandoned Vehicles,DPT Abandoned Vehicles Low,"2369 WASHINGTON ST, SAN FRANCISCO, CA, 94115",Pacific Heights,2.0,POINT (-122.43197079 37.79190626),Mobile/Open311,http://mobile311.sfgov.org/reports/3642994/photos
3642993,05/14/2014 04:41:10 PM,05/15/2014 03:27:50 PM,05/15/2014 03:27:50 PM,Closed,MUNI Work Queue,MUNI Feedback,MUNI - Conduct_Unsafe_Operation,108_General_Careless_Operation,Intersection of CALIFORNIA ST and STEINER ST,Pacific Heights,2.0,POINT (-122.43548584 37.78869629),Phone,
3642990,05/14/2014 04:40:38 PM,05/15/2014 07:05:00 AM,05/15/2014 07:05:00 AM,Closed,DPW Ops Queue,Street and Sidewalk Cleaning,Human or Animal Waste,Human or Animal Waste,"640 EDDY ST, SAN FRANCISCO, CA, 94109",Tenderloin,5.0,POINT (-122.41839662 37.78366467),Mobile/Open311,http://mobile311.sfgov.org/reports/3642990/photos
3642989,05/14/2014 04:40:07 PM,06/16/2014 02:21:22 PM,06/16/2014 02:21:22 PM,Closed,DPT SignShop Surveyed - Area 1 Queue,Graffiti,Graffiti on Pole,Pole - Offensive,Intersection of HAYES ST and STEINER ST,Alamo Square,5.0,POINT (-122.43283081 37.77562714),Web,
3642988,05/14/2014 04:40:01 PM,05/14/2014 07:40:00 AM,05/14/2014 07:40:00 AM,Closed,DPW Ops Queue,Street and Sidewalk Cleaning,General Cleaning,Other Loose Garbage,"528 NATOMA ST, SAN FRANCISCO, CA, 94103",South of Market,6.0,POINT (-122.4083872 37.7796986),Phone,
3642984,05/14/2014 04:39:13 PM,05/19/2014 09:00:00 AM,05/19/2014 09:00:00 AM,Closed,DPW Ops Queue,Graffiti,Graffiti on Building_residential,Building_residential - Offensive,Intersection of STEINER ST and FELL ST,Lower Haight,5.0,POINT (-122.43264771 37.77469254),Web,
3642981,05/14/2014 04:38:25 PM,05/16/2014 09:00:00 AM,05/16/2014 09:00:00 AM,Closed,DPW Ops Queue,Graffiti,Graffiti on Pole,Pole - Offensive,Intersection of STEINER ST and OAK ST,Lower Haight,5.0,POINT (-122.4324646 37.77375793),Web,
3642975,05/14/2014 04:37:08 PM,06/27/2014 11:55:46 AM,06/27/2014 11:55:46 AM,Closed,DPT SignShop Surveyed - Area 1 Queue,Graffiti,Graffiti on Pole,Pole - Offensive,"350 STEINER ST, SAN FRANCISCO, CA, 94117",Lower Haight,5.0,POINT (-122.43208313 37.77264023),Web,
3642969,05/14/2014 04:36:06 PM,06/07/2014 09:42:45 AM,06/07/2014 09:42:45 AM,Closed,SFMTA - Temporary Sign Request Queue,Temporary Sign Request,Temporary Sign Request for Other_Event_Type,90 ft zone requested from 06/23/2014 to 06/25/2014,"2225 23RD ST, SAN FRANCISCO, CA, 94107",Potrero Hill,10.0,POINT (-122.40167999 37.75391769),Phone,
3642968,05/14/2014 04:36:03 PM,05/29/2014 01:41:04 AM,05/29/2014 01:41:04 AM,Closed,DPW Ops Queue,Graffiti,Graffiti on Sidewalk_structure,Sidewalk_structure - Offensive,Intersection of STEINER ST and PAGE ST,Lower Haight,5.0,POINT (-122.43228149 37.77283096),Web,
3642966,05/14/2014 04:34:52 PM,05/15/2014 02:17:14 PM,05/15/2014 02:17:14 PM,Closed,MUNI Work Queue,MUNI Feedback,MUNI - Conduct_Discourteous_Insensitive_Inappropriate_Conduct,302_Altercation_Employee_Customer,Intersection of FUNSTON AVE and LINCOLN BLVD,Presidio National Park,2.0,POINT (-122.45452881 37.80085754),Phone,
3642964,05/14/2014 04:33:58 PM,05/16/2014 09:00:00 AM,05/16/2014 09:00:00 AM,Closed,DPW Ops Queue,Graffiti,Graffiti on Pole,Pole - Offensive,Intersection of STEINER ST and PAGE ST,Lower Haight,5.0,POINT (-122.43228149 37.77283096),Web,
3642963,05/14/2014 04:33:53 PM,03/07/2022 05:30:29 PM,03/07/2022 05:30:29 PM,Closed,DPW BSSR Queue,Street Defects,Pavement_Defect,Pavement_Defect,"1268 CLAYTON ST, SAN FRANCISCO, CA, 94114",Eureka Valley,8.0,POINT (-122.446259 37.760871),Mobile/Open311,
3642961,05/14/2014 04:33:36 PM,05/20/2014 12:00:00 PM,05/20/2014 12:00:00 PM,Closed,DPW BSM Queue,Street Defects,Pavement_Defect,Pavement_Defect,Intersection of PERALTA AVE and POWHATTAN AVE,Bernal Heights,9.0,POINT (-122.40874949 37.7412771),Phone,
3642955,05/14/2014 04:32:17 PM,05/16/2014 09:00:00 AM,05/16/2014 09:00:00 AM,Closed,DPW Ops Queue,Graffiti,Graffiti on Pole,Pole - Offensive,Intersection of STEINER ST and PAGE ST,Lower Haight,5.0,POINT (-122.43228149 37.77283096),Web,
3642954,05/14/2014 04:32:09 PM,03/07/2022 05:30:29 PM,03/07/2022 05:30:29 PM,Closed,DPW BSSR Queue,Street Defects,Pavement_Defect,Pavement_Defect,"20 RHODE ISLAND ST, SAN FRANCISCO, CA, 94103",Showplace Square,6.0,POINT (-122.4030838 37.76958084),Web,
3642953,05/14/2014 04:32:06 PM,05/22/2014 02:27:23 PM,05/22/2014 02:27:23 PM,Closed,DPT Meter_Bike Queue,Damaged Property,Damaged Parking_Meter,Parking_Meter,Intersection of UNION ST and WEBSTER ST,Union Street,2.0,POINT (-122.433847 37.797298),Phone,
3642952,05/14/2014 04:32:00 PM,05/06/2014 02:00:55 AM,05/06/2014 02:00:55 AM,Closed,DPW Ops Queue,Graffiti,Graffiti on Fire_Police_Callbox,Fire_Police_Callbox - Offensive,Intersection of COLE ST and WALLER ST,Cole Valley,8.0,POINT (-122.450474 37.76854),Mobile/Open311,
3642942,05/14/2014 04:28:32 PM,05/15/2014 01:17:00 PM,05/15/2014 01:17:00 PM,Closed,Recology_Abandoned,Street and Sidewalk Cleaning,General Cleaning,Other Loose Garbage,"755 14TH ST, SAN FRANCISCO, CA, 94114",Duboce Triangle,8.0,POINT (-122.430435 37.767624),Mobile/Open311,
3642939,05/14/2014 04:27:36 PM,09/25/2014 09:08:22 PM,09/25/2014 09:08:22 PM,Closed,DPT Color Curb Queue,Color Curb,Red Color Curb Request for,Red Color Curb Request for,"606 PRECITA AVE, SAN FRANCISCO, CA, 94110",Peralta Heights,9.0,POINT (-122.40917206 37.74760056),Web,
3642936,05/14/2014 04:27:18 PM,05/14/2014 05:59:03 AM,05/14/2014 05:59:03 AM,Closed,DPW Ops Queue,Encampments,Encampment Reports,Storage,"742 14TH ST, SAN FRANCISCO, CA, 94114",Duboce Triangle,8.0,POINT (-122.430021 37.767854),Mobile/Open311,http://mobile311.sfgov.org/reports/3642936/photos
3642928,05/14/2014 04:25:14 PM,05/14/2014 05:30:00 AM,05/14/2014 05:30:00 AM,Closed,DPW Ops Queue,Street and Sidewalk Cleaning,Hazardous Materials,Liquids - Oil/Paint/Other,"1 SANSOME ST, SAN FRANCISCO, CA, 94104",Financial District,3.0,POINT (-122.40063181 37.79026484),Phone,
3642922,05/14/2014 04:23:39 PM,05/15/2014 09:31:03 AM,05/15/2014 09:31:03 AM,Closed,PUC Sewer Ops,Sewer Issues,Sewage_back_up,Outofsewervent4inch,"315 5TH ST, SAN FRANCISCO, CA, 94107",South of Market,6.0,POINT (-122.40306731 37.780084),Phone,
3642920,05/14/2014 04:23:24 PM,05/16/2014 10:50:22 AM,05/16/2014 10:50:22 AM,Closed,PUC Sewer Ops,Sewer Issues,Sewage_back_up,Outofsewervent4inch,"760 DIVISADERO ST, SAN FRANCISCO, CA, 94117",Alamo Square,5.0,POINT (-122.43798461 37.7765073),Phone,
3642907,05/14/2014 04:19:32 PM,05/14/2014 05:17:27 PM,05/14/2014 05:17:27 PM,Closed,Recology_Abandoned,Street and Sidewalk Cleaning,Bulky Items,Furniture,"203 BARTLETT ST, SAN FRANCISCO, CA, 94110",Mission,9.0,POINT (-122.41963094 37.753695),Phone,
3642906,05/14/2014 04:19:02 PM,05/20/2014 06:53:42 AM,05/20/2014 06:53:42 AM,Closed,DPT Abandoned Vehicles Work Queue,General Request - MTA,request_for_service,parking_enforcement - request_for_service,Intersection of LAIDLEY ST and FAIRMOUNT ST,Fairmount,8.0,POINT (-122.42810822 37.73867798),Web,
3642902,05/14/2014 04:17:39 PM,05/15/2014 04:40:51 PM,05/15/2014 04:40:51 PM,Closed,PUC Streetlights Queue,Streetlights,Streetlight - Pullbox_Wires_Exposed,2014/05/14  -  Pullbox  -  assign to CCSF crew,"84 7TH ST, SAN FRANCISCO, CA, 94103",South of Market,6.0,POINT (-122.41121674 37.77937317),Mobile/Open311,http://mobile311.sfgov.org/reports/3642902/photos
3642901,05/14/2014 04:17:38 PM,05/15/2014 02:40:07 AM,05/15/2014 02:40:07 AM,Closed,DPW - Bureau of Street Environmental Services - G,General Request - PUBLIC WORKS,customer_callback,bses - customer_callback,"6298 3RD ST, SAN FRANCISCO, CA, 94124",Bret Harte,10.0,POINT (-122.39658356 37.72084427),Phone,
3642898,05/14/2014 04:15:52 PM,05/15/2014 01:52:02 PM,05/15/2014 01:52:02 PM,Closed,MUNI Work Queue,MUNI Feedback,MUNI - Conduct_Discourteous_Insensitive_Inappropriate_Conduct,301_Discourtesy_to_Customer,Intersection of POWELL ST and MARKET ST,South of Market,6.0,POINT (-122.40733337 37.78456116),Phone,
3642897,05/14/2014 04:15:31 PM,05/19/2014 07:18:05 AM,05/19/2014 07:18:05 AM,Closed,DPT Abandoned Vehicles Work Queue,Abandoned Vehicle,Abandoned Vehicles,DPT Abandoned Vehicles Low,Intersection of 40TH AVE and CLEMENT ST,Outer Richmond,1.0,POINT (-122.50079733 37.78127758),Mobile/Open311,
3642895,05/14/2014 04:14:28 PM,05/20/2014 08:39:47 AM,05/20/2014 08:39:47 AM,Closed,DPT Abandoned Vehicles Work Queue,Abandoned Vehicle,Abandoned Vehicles,DPT Abandoned Vehicles Low,"3749 CLEMENT ST, SAN FRANCISCO, CA, 94121",Outer Richmond,1.0,POINT (-122.49965126 37.78131949),Mobile/Open311,
3642894,05/14/2014 04:13:53 PM,05/14/2014 05:37:00 AM,05/14/2014 05:37:00 AM,Closed,DPW Ops Queue,Street and Sidewalk Cleaning,General Cleaning,Other Loose Garbage,"1600 MASON ST, SAN FRANCISCO, CA, 94133",Russian Hill,3.0,POINT (-122.41197968 37.79834747),Phone,
3642883,05/14/2014 04:10:33 PM,05/15/2014 05:37:40 AM,05/15/2014 05:37:40 AM,Closed,DPW Ops Queue,Graffiti,Graffiti on Pole,Pole - Offensive,Intersection of 17TH ST and ROOSEVELT WAY,Buena Vista,8.0,POINT (-122.4453125 37.76187897),Web,
3642878,05/14/2014 04:09:29 PM,05/15/2014 01:12:56 AM,05/15/2014 01:12:56 AM,Closed,DPW Ops Queue,Litter Receptacles,Damaged_City_Can,,"1706 JACKSON ST, SAN FRANCISCO, CA, 94109",Pacific Heights,2.0,POINT (-122.42324739 37.79398862),Mobile/Open311,
3642877,05/14/2014 04:09:06 PM,05/14/2014 05:51:31 AM,05/14/2014 05:51:31 AM,Closed,DPW Ops Queue,Illegal Postings,Illegal Posting - No_Posting_Date,No_Posting_Date,Intersection of CASTRO ST and MARKET ST,Castro,8.0,POINT (-122.43518829 37.76267242),Web,
3642876,05/14/2014 04:08:43 PM,05/15/2014 01:53:35 PM,05/15/2014 01:53:35 PM,Closed,MUNI Work Queue,MUNI Feedback,MUNI - Conduct_Discourteous_Insensitive_Inappropriate_Conduct,301_Discourtesy_to_Customer,Not associated with a specific address,,,POINT (0 0),Phone,
3642873,05/14/2014 04:08:24 PM,05/14/2014 05:51:58 AM,05/14/2014 05:51:58 AM,Closed,DPW Ops Queue,Illegal Postings,Illegal Posting - Posted_on_Historic_Street_Light,Posted_on_Historic_Street_Light,"2344 MARKET ST, SAN FRANCISCO, CA, 94114",Duboce Triangle,8.0,POINT (-122.43432617 37.76360703),Web,
3642869,05/14/2014 04:07:53 PM,05/14/2014 05:52:21 AM,05/14/2014 05:52:21 AM,Closed,DPW Ops Queue,Illegal Postings,Illegal Posting - Affixed_Improperly,Affixed_Improperly,Intersection of NOE ST and MARKET ST,Castro,8.0,POINT (-122.43307495 37.76419449),Web,
3642864,05/14/2014 04:07:00 PM,05/14/2014 05:52:46 AM,05/14/2014 05:52:46 AM,Closed,DPW Ops Queue,Illegal Postings,Illegal Posting - Posted_on_Historic_Street_Light,Posted_on_Historic_Street_Light,"2215 MARKET ST, SAN FRANCISCO, CA, 94114",Castro,8.0,POINT (-122.43143463 37.76508713),Web,
3642863,05/14/2014 04:06:48 PM,05/19/2014 09:58:27 PM,05/19/2014 09:58:27 PM,Closed,PUC - Water - G,Sewer Issues,Water_leak,Other,"440 CASTRO ST, SAN FRANCISCO, CA, 94114",Castro,8.0,POINT (-122.43516493 37.76192898),Phone,
3642861,05/14/2014 04:06:41 PM,11/29/2017 04:30:39 PM,11/29/2017 04:30:39 PM,Closed,Housing Authority SR Queue,SFHA Requests,Carpentery,Carpentery - Routine,"51 MIDDLE POINT RD, SAN FRANCISCO, CA, 94124",India Basin,10.0,POINT (-122.3789978 37.73540115),Phone,
3642859,05/14/2014 04:06:21 PM,05/14/2014 05:53:06 AM,05/14/2014 05:53:06 AM,Closed,DPW Ops Queue,Illegal Postings,Illegal Posting - Posted_on_Traffic_Light,Posted_on_Traffic_Light,Intersection of 14TH ST and MARKET ST,Duboce Triangle,8.0,POINT (-122.42865753 37.76773453),Web,
3642858,05/14/2014 04:06:19 PM,05/16/2014 01:12:37 AM,05/16/2014 01:12:37 AM,Closed,DPW Ops Queue,Graffiti,Graffiti on Street,Street - Not_Offensive,Intersection of GENEVA AVE and OCEAN AVE,Oceanview,11.0,POINT (-122.45149534 37.72283925),Mobile/Open311,http://mobile311.sfgov.org/reports/3642858/photos
3642854,05/14/2014 04:06:07 PM,05/14/2014 04:42:01 PM,05/14/2014 04:42:01 PM,Closed,Recology_Abandoned,Street and Sidewalk Cleaning,Bulky Items,Electronics,"1790 YOSEMITE AVE, SAN FRANCISCO, CA, 94124",Bayview,10.0,POINT (-122.39519644 37.72892322),Phone,
3642849,05/14/2014 04:05:25 PM,05/14/2014 05:53:28 AM,05/14/2014 05:53:28 AM,Closed,DPW Ops Queue,Illegal Postings,Illegal Posting - Posted_on_Historic_Street_Light,Posted_on_Historic_Street_Light,Intersection of BUCHANAN ST and MARKET ST,Mission Dolores,8.0,POINT (-122.42630768 37.76960373),Web,
3642844,05/14/2014 04:04:08 PM,06/27/2014 11:55:46 AM,06/27/2014 11:55:46 AM,Closed,DPT SignShop Surveyed - Area 1 Queue,Graffiti,Graffiti on Pole,Pole - Offensive,Intersection of PEARL ST and MARKET ST,Mint Hill,8.0,POINT (-122.42397308 37.77136993),Web,
3642842,05/14/2014 04:04:05 PM,11/29/2017 04:30:39 PM,11/29/2017 04:30:39 PM,Closed,Housing Authority SR Queue,SFHA Requests,Plumbing,Plumbing - Emergency,"51 MIDDLE POINT RD, SAN FRANCISCO, CA, 94124",India Basin,10.0,POINT (-122.3789978 37.73540115),Phone,
3642839,05/14/2014 04:03:18 PM,05/14/2014 05:20:00 AM,05/14/2014 05:20:00 AM,Closed,DPW Ops Queue,Illegal Postings,Illegal Posting - Affixed_Improperly,Affixed_Improperly,Intersection of OCTAVIA ST and MARKET ST,Mint Hill,8.0,POINT (-122.42339325 37.77188492),Web,
3642838,05/14/2014 04:03:01 PM,05/20/2014 08:08:37 AM,05/20/2014 08:08:37 AM,Closed,DPT Abandoned Vehicles Work Queue,Abandoned Vehicle,Abandoned Vehicle - Other,Unknown -  - Ford - 7ENG551,"2401 MENDELL ST, SAN FRANCISCO, CA, 94124",Bayview,10.0,POINT (-122.3958053 37.72825141),Phone,
3642837,05/14/2014 04:02:52 PM,05/14/2014 07:51:08 PM,05/14/2014 07:51:08 PM,Closed,311 Supervisor Queue,Graffiti,Graffiti on Signal_box,Signal_box - Not_Offensive,Intersection of I-280 S OFF RAMP and OCEAN AVE,Sunnyside,11.0,POINT (-122.4485968 37.72285229),Mobile/Open311,http://mobile311.sfgov.org/reports/3642837/photos
3642835,05/14/2014 04:01:33 PM,05/12/2014 12:04:53 PM,05/12/2014 12:04:53 PM,Closed,DPW Ops Queue,Illegal Postings,Illegal Posting - Affixed_Improperly,Affixed_Improperly,Intersection of OCTAVIA ST and MARKET ST,Mint Hill,8.0,POINT (-122.42339325 37.77188492),Web,
3642834,05/14/2014 04:01:09 PM,05/20/2014 08:12:14 AM,05/20/2014 08:12:14 AM,Closed,DPT Abandoned Vehicles Work Queue,Abandoned Vehicle,Abandoned Vehicle -,,Intersection of TOMPKINS AVE and PERALTA AVE,Bernal Heights,9.0,POINT (-122.40914154 37.73682404),Web,
3642832,05/14/2014 04:01:01 PM,05/18/2014 09:00:00 AM,05/18/2014 09:00:00 AM,Closed,DPW Ops Queue,Graffiti,Graffiti on Pole,Pole - Offensive,Intersection of GOUGH ST and MARKET ST,Lower Haight,6.0,POINT (-122.42218781 37.77290726),Web,
3642828,05/14/2014 04:00:16 PM,05/15/2014 08:56:32 AM,05/15/2014 08:56:32 AM,Closed,SFMTA - Parking Enforcement - G,General Request - MTA,complaint,parking_enforcement - complaint,Not associated with a specific address,,,POINT (0 0),Web,
3642826,05/14/2014 04:00:02 PM,05/14/2014 06:02:00 AM,05/14/2014 06:02:00 AM,Closed,DPW Ops Queue,Illegal Postings,Illegal Posting - Affixed_Improperly,Affixed_Improperly,Intersection of 9TH ST and MARKET ST,South of Market,6.0,POINT (-122.41629028 37.77749252),Web,
3642821,05/14/2014 03:59:29 PM,05/14/2014 04:54:00 AM,05/14/2014 04:54:00 AM,Closed,DPW Ops Queue,Illegal Postings,Illegal Posting - Affixed_Improperly,Affixed_Improperly,Intersection of 8TH ST and MARKET ST,Civic Center,6.0,POINT (-122.41474152 37.77872086),Web,
3642817,05/14/2014 03:58:39 PM,05/14/2014 05:06:00 AM,05/14/2014 05:06:00 AM,Closed,DPW Ops Queue,Illegal Postings,Illegal Posting - No_Posting_Date,No_Posting_Date,Intersection of 7TH ST and MARKET ST,Civic Center,6.0,POINT (-122.41251373 37.78047943),Web,
3642816,05/14/2014 03:58:31 PM,05/28/2014 02:26:59 AM,05/28/2014 02:26:59 AM,Closed,DPW Ops Queue,Tree Maintenance,Trees - Damaged_Tree,damaged_vandalism,Intersection of CASELLI AVE and CLOVER ST,Eureka Valley,8.0,POINT (-122.44154158 37.75964804),Mobile/Open311,http://mobile311.sfgov.org/reports/3642816/photos
3642813,05/14/2014 03:57:40 PM,05/14/2014 05:11:00 AM,05/14/2014 05:11:00 AM,Closed,DPW Ops Queue,Illegal Postings,Illegal Posting - No_Posting_Date,No_Posting_Date,Intersection of 7TH ST and MISSION ST,South of Market,6.0,POINT (-122.41093445 37.77921295),Web,
3642807,05/14/2014 03:56:13 PM,05/29/2014 05:46:27 AM,05/29/2014 05:46:27 AM,Closed,DPW Ops Queue,Graffiti,Graffiti on City_receptacle,City_receptacle - Offensive,Intersection of MISSION ST and 7TH ST,South of Market,6.0,POINT (-122.41093445 37.77921295),Web,
3642805,05/14/2014 03:55:33 PM,06/27/2014 11:55:46 AM,06/27/2014 11:55:46 AM,Closed,DPT SignShop Surveyed - Area 1 Queue,Graffiti,Graffiti on Pole,Pole - Offensive,Intersection of MINNA ST and 7TH ST,South of Market,6.0,POINT (-122.41040039 37.77878571),Web,
3642801,05/14/2014 03:54:43 PM,05/14/2014 05:11:00 AM,05/14/2014 05:11:00 AM,Closed,DPW Ops Queue,Illegal Postings,Illegal Posting - Posted_on_Traffic_Light,Posted_on_Traffic_Light,Intersection of 7TH ST and HOWARD ST,South of Market,6.0,POINT (-122.40938568 37.77797699),Web,
3642800,05/14/2014 03:54:38 PM,05/20/2014 08:34:14 AM,05/20/2014 08:34:14 AM,Closed,DPT Abandoned Vehicles Work Queue,Abandoned Vehicle,Abandoned Vehicle - SUV,silver - Jeep - unknown - 7AAS774,"160 ALPINE TER, SAN FRANCISCO, CA, 94117",Buena Vista,8.0,POINT (-122.43743575 37.76793767),Phone,
3642795,05/14/2014 03:53:52 PM,05/15/2014 01:23:00 AM,05/15/2014 01:23:00 AM,Closed,DPW Ops Queue,Illegal Postings,Illegal Posting - Affixed_Improperly,Affixed_Improperly,"356 7TH ST, SAN FRANCISCO, CA, 94103",South of Market,6.0,POINT (-122.40716553 37.77588272),Web,
3642793,05/14/2014 03:53:34 PM,05/15/2014 09:21:42 AM,05/15/2014 09:21:42 AM,Closed,DPH - Environmental Health - G,General Request - DPH,request_for_service,environmental_health - request_for_service,"1112 LARKIN ST, SAN FRANCISCO, CA, 94109",Lower Nob Hill,3.0,POINT (-122.41835785 37.78821182),Phone,
3642787,05/14/2014 03:52:51 PM,09/10/2014 12:06:17 PM,09/10/2014 12:06:17 PM,Closed,DPT SignShop Surveyed - Area 1 Queue,Graffiti,Graffiti on Pole,Pole - Offensive,Intersection of HERON ST and 8TH ST,South of Market,6.0,POINT (-122.40906525 37.77419281),Web,
3642785,05/14/2014 03:52:36 PM,05/20/2014 08:07:55 AM,05/20/2014 08:07:55 AM,Closed,DPT Abandoned Vehicles Work Queue,Abandoned Vehicle,Abandoned Vehicle - Other,Beige - Unknown - Shasta - 2FHL782,Intersection of FULTON ST and GREAT HWY,Golden Gate Park,1.0,POINT (-122.51105432 37.77134153),Phone,
3642783,05/14/2014 03:52:02 PM,05/14/2014 04:52:00 AM,05/14/2014 04:52:00 AM,Closed,DPW Ops Queue,Graffiti,Graffiti on Sidewalk_structure,Sidewalk_structure - Offensive,Intersection of 8TH ST and HERON ST,South of Market,6.0,POINT (-122.40906525 37.77419281),Web,
3642780,05/14/2014 03:51:44 PM,05/15/2014 01:56:13 PM,05/15/2014 01:56:13 PM,Closed,MUNI Work Queue,MUNI Feedback,MUNI - Conduct_Discourteous_Insensitive_Inappropriate_Conduct,301_Discourtesy_to_Customer,Intersection of CHESTNUT ST and DIVISADERO ST,Marina,2.0,POINT (-122.44284821 37.79997635),Phone,
3642779,05/14/2014 03:51:17 PM,05/14/2014 07:31:00 AM,05/14/2014 07:31:00 AM,Closed,DPW Ops Queue,Illegal Postings,Illegal Posting - No_Posting_Date,No_Posting_Date,Intersection of 8TH ST and FOLSOM ST,South of Market,6.0,POINT (-122.4100647 37.77499008),Web,
3642778,05/14/2014 03:50:59 PM,10/12/2016 01:12:21 AM,10/12/2016 01:12:21 AM,Closed,DPW BSM Queue,Tree Maintenance,Trees - Landscaping,Weeding,"396 ALLISON ST, SAN FRANCISCO, CA, 94112",Crocker Amazon,11.0,POINT (-122.44069014 37.70998951),Phone,
3642776,05/14/2014 03:50:18 PM,05/15/2014 05:46:18 AM,05/15/2014 05:46:18 AM,Closed,DPW Ops Queue,Graffiti,Graffiti on Pole,Pole - Offensive,"236 8TH ST, SAN FRANCISCO, CA, 94103",South of Market,6.0,POINT (-122.41105652 37.77557373),Web,
3642775,05/14/2014 03:50:17 PM,05/16/2014 04:29:03 PM,05/16/2014 04:29:03 PM,Closed,PUC Streetlights Queue,Streetlights,Streetlight - Light_Burnt_Out,Light_Burnt_Out on Unknown Pole,Intersection of 24TH ST and MISSION ST,Mission,9.0,POINT (-122.41844177 37.75223923),Phone,
3642769,05/14/2014 03:49:34 PM,05/16/2014 07:45:07 AM,05/16/2014 07:45:07 AM,Closed,DPT Abandoned Vehicles Work Queue,Abandoned Vehicle,Abandoned Vehicle - Other,Silver - Ford - Pleasureway - 5WRF779,Intersection of FULTON ST and GREAT HWY,Golden Gate Park,1.0,POINT (-122.51105432 37.77134153),Phone,
3642765,05/14/2014 03:49:09 PM,05/15/2014 05:48:05 AM,05/15/2014 05:48:05 AM,Closed,DPW Ops Queue,Graffiti,Graffiti on Pole,Pole - Offensive,Intersection of MARKET ST and GROVE ST,Civic Center,6.0,POINT (-122.41474152 37.77872086),Web,
3642761,05/14/2014 03:48:01 PM,05/15/2014 09:21:56 AM,05/15/2014 09:21:56 AM,Closed,Clear Channel - Transit Queue,Graffiti,Graffiti on Transit_Shelter_Platform,Transit_Shelter_Platform - Offensive,Intersection of HYDE ST and FULTON ST,Civic Center,5.0,POINT (-122.41513062 37.77978897),Web,
3642756,05/14/2014 03:47:08 PM,05/16/2014 07:30:00 AM,05/16/2014 07:30:00 AM,Closed,DPT Abandoned Vehicles Work Queue,Abandoned Vehicle,Abandoned Vehicle - Car4door,GRAY - TOYOTA - CAMRY - 6YQG055,Intersection of SHAWNEE AVE and CAYUGA AVE,Cayuga,11.0,POINT (-122.44524734 37.71752066),Phone,
3642755,05/14/2014 03:47:03 PM,06/18/2015 02:10:55 PM,06/18/2015 02:10:55 PM,Closed,Police Department Administration - G,General Request - DPH,request_for_service,environmental_health - request_for_service,Intersection of 24TH ST and CASTRO ST,Noe Valley,8.0,POINT (-122.43408898 37.75130227),Phone,
3642734,05/14/2014 03:42:36 PM,05/14/2014 04:15:00 AM,05/14/2014 04:15:00 AM,Closed,DPW Ops Queue,Illegal Postings,Illegal Posting - No_Posting_Date,No_Posting_Date,Intersection of HYDE ST and FULTON ST,Civic Center,5.0,POINT (-122.41513062 37.77978897),Web,
3642732,05/14/2014 03:41:56 PM,05/14/2014 04:15:00 AM,05/14/2014 04:15:00 AM,Closed,DPW Ops Queue,Illegal Postings,Illegal Posting - No_Posting_Date,No_Posting_Date,Intersection of HYDE ST and FULTON ST,Civic Center,5.0,POINT (-122.41513062 37.77978897),Web,
3642726,05/14/2014 03:40:47 PM,05/16/2014 07:29:34 AM,05/16/2014 07:29:34 AM,Closed,DPT Abandoned Vehicles Work Queue,Abandoned Vehicle,Abandoned Vehicle - Car4door,Grey - Toyota - Camry - 6yqg055,"2 SHAWNEE AVE, SAN FRANCISCO, CA, 94112",Cayuga,11.0,POINT (-122.44528961 37.71767426),Web,
3642725,05/14/2014 03:40:27 PM,05/16/2014 10:30:28 AM,05/16/2014 10:30:28 AM,Closed,PUC Sewer Ops,Sewer Issues,Sewage_back_up,Outofsewervent4inch,"508 ANDOVER ST, SAN FRANCISCO, CA, 94110",Holly Park,9.0,POINT (-122.41670833 37.73696433),Phone,
3642724,05/14/2014 03:40:22 PM,05/14/2014 04:30:00 AM,05/14/2014 04:30:00 AM,Closed,DPW Ops Queue,Illegal Postings,Illegal Posting - Posted_on_Traffic_Light,Posted_on_Traffic_Light,Intersection of MCALLISTER ST and HYDE ST,Civic Center,5.0,POINT (-122.41531372 37.78071976),Web,
3642722,05/14/2014 03:40:09 PM,06/05/2014 01:45:52 PM,06/05/2014 01:45:52 PM,Closed,SFMTA - Temporary Sign Request Printing Queue,Temporary Sign Request,Temporary Sign Request for Moving_residential_property,40 ft zone requested from 06/05/2014 to 06/05/2014,"1919 SAN JOSE AVE, SAN FRANCISCO, CA, 94112",Mission Terrace,11.0,POINT (-122.44160461 37.72647476),Phone,
3642720,05/14/2014 03:39:43 PM,05/14/2014 04:30:00 AM,05/14/2014 04:30:00 AM,Closed,DPW Ops Queue,Illegal Postings,Illegal Posting - Posted_on_Traffic_Light,Posted_on_Traffic_Light,Intersection of MCALLISTER ST and HYDE ST,Civic Center,5.0,POINT (-122.41531372 37.78071976),Web,
3642716,05/14/2014 03:37:50 PM,05/16/2014 07:35:07 AM,05/16/2014 07:35:07 AM,Closed,DPT Abandoned Vehicles Work Queue,Abandoned Vehicle,Abandoned Vehicle - Car2door,White - BMW - 325i - 6RAX120,"330 RIVERA ST, SAN FRANCISCO, CA, 94116",Golden Gate Heights,7.0,POINT (-122.46996435 37.74710127),Phone,
3642704,05/14/2014 03:35:51 PM,05/14/2014 05:04:08 PM,05/14/2014 05:04:08 PM,Closed,PUC - Water - G,General Request - PUC,request_for_service,water - request_for_service,Intersection of SOUTH ST and 3RD ST,Mission Bay,6.0,POINT (-122.38923839 37.76882439),Phone,
3642697,05/14/2014 03:32:59 PM,05/16/2014 07:45:49 AM,05/16/2014 07:45:49 AM,Closed,DPT Abandoned Vehicles Work Queue,Abandoned Vehicle,Abandoned Vehicle - Car4door,Grey - Acura - Legan - 3ENN744,"275 STANYAN ST, SAN FRANCISCO, CA, 94118",Lone Mountain,1.0,POINT (-122.45492099 37.77569476),Phone,
3642674,05/14/2014 03:29:22 PM,05/16/2014 10:56:18 AM,05/16/2014 10:56:18 AM,Closed,PUC Sewer Ops,Sewer Issues,Sewage_back_up,Sewage_back_up Out_of_catch_basin,"864 FOLSOM ST, SAN FRANCISCO, CA, 94107",South of Market,6.0,POINT (-122.4026947 37.7809906),Web,
3642673,05/14/2014 03:29:07 PM,04/21/2016 11:27:00 AM,04/21/2016 11:27:00 AM,Closed,DPW BSM Queue,Sidewalk or Curb,Sidewalk_Defect,Lifted_sidewalk_tree_roots,"226 MALLORCA WAY, SAN FRANCISCO, CA, 94123",Marina,2.0,POINT (-122.43852234 37.80290222),Web,
3642672,05/14/2014 03:28:51 PM,05/21/2014 06:30:08 AM,05/21/2014 06:30:08 AM,Closed,DPT Abandoned Vehicles Work Queue,Abandoned Vehicle,Abandoned Vehicle - PickupTruck,white - Chevy -  - 7R86946,"736 CLIPPER ST, SAN FRANCISCO, CA, 94114",Upper Market,8.0,POINT (-122.44122656 37.74867146),Phone,
3642669,05/14/2014 03:28:38 PM,05/14/2014 04:32:02 PM,05/14/2014 04:32:02 PM,Closed,Recology_Abandoned,Street and Sidewalk Cleaning,Bulky Items,Furniture,Intersection of LARCH ST and VAN NESS AVE,Cathedral Hill,2.0,POINT (-122.42081289 37.78241677),Phone,
3642667,05/14/2014 03:28:05 PM,05/16/2014 10:18:36 AM,05/16/2014 10:18:36 AM,Closed,SFMTA - Citations/Resident Parking Permits - G,General Request - MTA,customer_callback,parking_meter_cards - customer_callback,Intersection of JACKSON ST and VAN NESS AVE,Pacific Heights,3.0,POINT (-122.42304993 37.79393387),Phone,
3642664,05/14/2014 03:27:56 PM,05/14/2014 04:58:33 PM,05/14/2014 04:58:33 PM,Closed,Recology_Overflowing,Street and Sidewalk Cleaning,Overflowing_City_Receptacle_or_Dumpster,Overflowing_City_Receptacle_or_Dumpster,Intersection of 6TH AVE and FULTON ST,Inner Richmond,1.0,POINT (-122.46374993 37.77362241),Phone,
3642648,05/14/2014 03:24:35 PM,05/14/2014 04:05:07 PM,05/14/2014 04:05:07 PM,Closed,Recology_Abandoned,Street and Sidewalk Cleaning,General Cleaning,Other Loose Garbage,"742 14TH ST, SAN FRANCISCO, CA, 94114",Duboce Triangle,8.0,POINT (-122.430016 37.767795),Mobile/Open311,
3642646,05/14/2014 03:24:23 PM,05/15/2014 09:00:00 AM,05/15/2014 09:00:00 AM,Closed,DPW Ops Queue,Street and Sidewalk Cleaning,Human or Animal Waste,Human or Animal Waste,"1680 EVANS AVE, SAN FRANCISCO, CA, 94124",Central Waterfront,10.0,POINT (-122.38990814 37.74387448),Phone,
3642645,05/14/2014 03:23:57 PM,05/15/2014 01:16:56 PM,05/15/2014 01:16:56 PM,Closed,Recology_Abandoned,Encampments,Encampment Reports,Storage,"750 14TH ST, SAN FRANCISCO, CA, 94114",Duboce Triangle,8.0,POINT (-122.430315 37.767782),Mobile/Open311,
3642644,05/14/2014 03:23:35 PM,05/21/2014 02:19:55 AM,05/21/2014 02:19:55 AM,Closed,DPW Ops Queue,Street and Sidewalk Cleaning,General Cleaning,Other Loose Garbage,"1324 HAIGHT ST, SAN FRANCISCO, CA, 94117",Haight Ashbury,5.0,POINT (-122.4441032 37.77042374),Phone,
3642643,05/14/2014 03:23:32 PM,05/20/2014 08:40:16 AM,05/20/2014 08:40:16 AM,Closed,DPT Abandoned Vehicles Work Queue,Abandoned Vehicle,Abandoned Vehicle - Other,blue - Ford - Econoline 150 - 3WDH684,"1541 LAKE ST, SAN FRANCISCO, CA, 94118",Lake Street,1.0,POINT (-122.4759451 37.78610403),Phone,
3642640,05/14/2014 03:23:25 PM,05/15/2014 07:20:00 AM,05/15/2014 07:20:00 AM,Closed,DPW Ops Queue,Street and Sidewalk Cleaning,General Cleaning,Other Loose Garbage,"500 ELLINGTON AVE, SAN FRANCISCO, CA, 94112",Outer Mission,11.0,POINT (-122.44821955 37.71112331),Phone,
3642638,05/14/2014 03:23:22 PM,05/14/2014 03:35:23 PM,05/14/2014 03:35:23 PM,Closed,Recology_Abandoned,Street and Sidewalk Cleaning,General Cleaning,Other Loose Garbage,"750 14TH ST, SAN FRANCISCO, CA, 94114",Duboce Triangle,8.0,POINT (-122.430312 37.767822),Mobile/Open311,
3642635,05/14/2014 03:23:12 PM,05/14/2014 04:43:13 PM,05/14/2014 04:43:13 PM,Closed,DPT Construction Zone Permits Queue,Construction Zone Permits,Construction Zone Tow-away Permits for LC General Engineering & Construction INc,LC General Engineering & Construction INc,Not associated with a specific address,,,POINT (0 0),Phone,
3642623,05/14/2014 03:20:55 PM,05/21/2014 10:05:21 AM,05/21/2014 10:05:21 AM,Closed,SFMTA - Temporary Sign Request Queue,Temporary Sign Request,Temporary Sign Request for Moving_residential_property,100 ft zone requested from 05/24/2014 to 05/24/2014,"1168 CLAY ST, SAN FRANCISCO, CA, 94108",Nob Hill,3.0,POINT (-122.41234589 37.7935791),Phone,
3642622,05/14/2014 03:20:33 PM,05/14/2014 04:39:47 PM,05/14/2014 04:39:47 PM,Closed,DPT Construction Zone Permits Queue,Construction Zone Permits,Construction Zone Tow-away Permits for LC General Engineering & Construction INc,LC General Engineering & Construction INc,Not associated with a specific address,,,POINT (0 0),Phone,
3642621,05/14/2014 03:20:32 PM,05/15/2014 07:11:40 AM,05/15/2014 07:11:40 AM,Closed,311 Supervisor Queue,Litter Receptacles,Other_enter_additional_details_below,,"360 LAIDLEY ST, SAN FRANCISCO, CA, 94131",Fairmount,8.0,POINT (-122.42904663 37.73733521),Web,
3642617,05/14/2014 03:19:07 PM,05/19/2014 07:47:02 AM,05/19/2014 07:47:02 AM,Closed,PG and E - Streetlights Queue,Streetlights,Streetlight - Light_Burnt_Out,Light_Burnt_Out on Metal Pole,"3388 17TH ST, SAN FRANCISCO, CA, 94110",Mission,9.0,POINT (-122.42102051 37.76343918),Phone,
3642612,05/14/2014 03:17:30 PM,05/16/2014 10:23:51 AM,05/16/2014 10:23:51 AM,Closed,DPW Ops Queue,Litter Receptacles,Cans_Left_Out_24x7,,"55 LAPIDGE ST, SAN FRANCISCO, CA, 94110",Mission Dolores,9.0,POINT (-122.42224399 37.76078006),Mobile/Open311,http://mobile311.sfgov.org/reports/3642612/photos
3642608,05/14/2014 03:16:54 PM,05/15/2014 11:14:23 AM,05/15/2014 11:14:23 AM,Closed,PG and E - Streetlights Queue,Streetlights,Streetlight - Light_Burnt_Out,Light_Burnt_Out on Metal Pole,"204 CAPP ST, SAN FRANCISCO, CA, 94110",Mission,9.0,POINT (-122.41851807 37.763237),Phone,
3642604,05/14/2014 03:15:38 PM,06/09/2014 12:05:25 PM,06/09/2014 12:05:25 PM,Closed,SFMTA - Bicycle Sharing Queue,General Request - MTA,customer_callback,bicycle - customer_callback,"1324 HAIGHT ST, SAN FRANCISCO, CA, 94117",Haight Ashbury,5.0,POINT (-122.4441032 37.77042374),Phone,
3642603,05/14/2014 03:15:31 PM,05/16/2014 11:13:31 AM,05/16/2014 11:13:31 AM,Closed,SFMTA - Temporary Sign Request Printing Queue,Temporary Sign Request,Temporary Sign Request for Moving_residential_property,40 ft zone requested from 05/21/2014 to 05/21/2014,"1122 HAMPSHIRE ST, SAN FRANCISCO, CA, 94110",Mission,9.0,POINT (-122.40756226 37.75408936),Phone,
3642601,05/14/2014 03:13:50 PM,05/15/2014 01:39:53 PM,05/15/2014 01:39:53 PM,Closed,MUNI Work Queue,MUNI Feedback,MUNI - Conduct_Inattentiveness_Negligence,201_Pass_Up_Did_Not_Wait_for_Transferee,Intersection of 4TH AVE and CALIFORNIA ST,Presidio Terrace,1.0,POINT (-122.46244049 37.78526688),Phone,
3642598,05/14/2014 03:13:14 PM,05/19/2014 03:02:40 AM,05/19/2014 03:02:40 AM,Closed,DPW Ops Queue,Tree Maintenance,Trees - Overgrown_Tree,Pruning_request,"1324 HAIGHT ST, SAN FRANCISCO, CA, 94117",Haight Ashbury,5.0,POINT (-122.4441032 37.77042374),Phone,
3642597,05/14/2014 03:13:09 PM,05/15/2014 01:37:27 PM,05/15/2014 01:37:27 PM,Closed,MUNI Work Queue,MUNI Feedback,MUNI - Services_Service_Delivery_Facilities,605_Vehicle_Maintenance_Noise,Not associated with a specific address,,,POINT (0 0),Phone,
3642588,05/14/2014 03:11:55 PM,05/17/2014 11:07:15 AM,05/17/2014 11:07:15 AM,Closed,SFMTA - Temporary Sign Request Printing Queue,Temporary Sign Request,Temporary Sign Request for Moving_residential_property,40 ft zone requested from 05/21/2014 to 05/21/2014,"2721 GOLDEN GATE AVE, SAN FRANCISCO, CA, 94118",Lone Mountain,1.0,POINT (-122.45553589 37.77685547),Phone,
3642587,05/14/2014 03:11:31 PM,05/20/2014 08:17:46 AM,05/20/2014 08:17:46 AM,Closed,DPT Abandoned Vehicles Work Queue,Abandoned Vehicle,Abandoned Vehicle - Car4door,Gray - Mazda - 3 - 5MBS458,"340 WINFIELD ST, SAN FRANCISCO, CA, 94110",Bernal Heights,9.0,POINT (-122.41986354 37.74073944),Phone,
3642586,05/14/2014 03:11:28 PM,05/15/2014 09:12:12 AM,05/15/2014 09:12:12 AM,Closed,DPW Ops Queue,Litter Receptacles,Cans_Left_Out_24x7,,"49 LAPIDGE ST, SAN FRANCISCO, CA, 94110",Mission Dolores,9.0,POINT (-122.42232367 37.76079352),Mobile/Open311,http://mobile311.sfgov.org/reports/3642586/photos
3642585,05/14/2014 03:11:20 PM,05/15/2014 09:12:12 AM,05/15/2014 09:12:12 AM,Closed,DPW Ops Queue,Litter Receptacles,Cans_Left_Out_24x7,,"49 LAPIDGE ST, SAN FRANCISCO, CA, 94110",Mission Dolores,9.0,POINT (-122.42232367 37.76079352),Mobile/Open311,http://mobile311.sfgov.org/reports/3642585/photos
3642582,05/14/2014 03:10:35 PM,05/19/2014 12:14:58 PM,05/19/2014 12:14:58 PM,Closed,DPT - Bicycle - G,General Request - MTA,complaint,bicycle - complaint,Not associated with a specific address,,,POINT (0 0),Phone,
3642580,05/14/2014 03:10:16 PM,05/26/2017 05:25:07 PM,05/26/2017 05:25:07 PM,Closed,DPW Ops Queue,Tree Maintenance,Trees - Damaging_Property,Lifted_sidewalk_tree_roots,"1324 HAIGHT ST, SAN FRANCISCO, CA, 94117",Haight Ashbury,5.0,POINT (-122.4441032 37.77042374),Phone,
3642579,05/14/2014 03:10:07 PM,05/14/2014 03:44:58 PM,05/14/2014 03:44:58 PM,Closed,Recology_Abandoned,Street and Sidewalk Cleaning,General Cleaning,Other Loose Garbage,Intersection of SANSOME ST and GREEN ST,Telegraph Hill,3.0,POINT (-122.40260592 37.80030587),Phone,
3642556,05/14/2014 03:05:59 PM,03/05/2024 03:03:40 PM,03/05/2024 03:03:40 PM,Closed,DPW BUF Queue,Tree Maintenance,Trees - Damaged_Tree,damaged_vandalism,"837 SOUTH VAN NESS AVE, SAN FRANCISCO, CA, 94110",Mission,9.0,POINT (-122.41675596 37.75980042),Mobile/Open311,http://mobile311.sfgov.org/reports/3642556/photos
3642554,05/14/2014 03:05:01 PM,05/14/2014 04:02:40 PM,05/14/2014 04:02:40 PM,Closed,Recology_Abandoned,General Request - PUBLIC WORKS,request_for_service,bses - request_for_service,Intersection of LARKIN ST and VALLEJO ST,Polk Gulch,3.0,POINT (-122.42031711 37.79710708),Phone,
3642551,05/14/2014 03:03:45 PM,05/14/2014 04:25:43 PM,05/14/2014 04:25:43 PM,Closed,Recology_Abandoned,Street and Sidewalk Cleaning,Bulky Items,Electronics,"311 9TH AVE, SAN FRANCISCO, CA, 94118",Inner Richmond,1.0,POINT (-122.46768257 37.78255582),Phone,
3642550,05/14/2014 03:03:40 PM,05/24/2014 12:22:55 PM,05/24/2014 12:22:55 PM,Closed,DPW Ops Queue,Graffiti,Graffiti on Building_other,Building_other - Not_Offensive,"2398 JERROLD AVE, SAN FRANCISCO, CA, 94124",Produce Market,10.0,POINT (-122.40318298 37.74734116),Integrated Agency,
3642544,05/14/2014 03:02:02 PM,05/19/2014 04:28:42 PM,05/19/2014 04:28:42 PM,Closed,311 Escalated KB Questions Queue,General Request - 311CUSTOMERSERVICECENTER,complaint,311CustomerServiceCenter - complaint,Not associated with a specific address,,,POINT (0 0),Web,
3642531,05/14/2014 02:59:04 PM,05/14/2014 03:35:58 PM,05/14/2014 03:35:58 PM,Closed,Recology_Abandoned,Street and Sidewalk Cleaning,Bulky Items,Furniture,Intersection of VALLEJO ST and LARKIN ST,Polk Gulch,3.0,POINT (-122.42031711 37.79710708),Phone,
3642528,05/14/2014 02:58:24 PM,05/22/2014 02:27:08 PM,05/22/2014 02:27:08 PM,Closed,DPT Meter_Bike Queue,Damaged Property,Damaged Parking_Meter,Parking_Meter,Intersection of OFARRELL ST and VAN NESS AVE,Cathedral Hill,5.0,POINT (-122.42119522 37.78475366),Phone,
3642520,05/14/2014 02:56:20 PM,05/14/2014 03:26:16 PM,05/14/2014 03:26:16 PM,Closed,Recology_Abandoned,Street and Sidewalk Cleaning,General Cleaning,Other Loose Garbage,"67 HAIGHT ST, SAN FRANCISCO, CA, 94102",Lower Haight,6.0,POINT (-122.42296066 37.77300104),Phone,
3642515,05/14/2014 02:55:19 PM,06/18/2014 11:00:05 AM,06/18/2014 11:00:05 AM,Closed,DPW Ops Queue,Graffiti,Graffiti on Sidewalk_in_front_of_property,Sidewalk_in_front_of_property - Offensive,Intersection of LOMBARD ST and JONES ST,Russian Hill,3.0,POINT (-122.41632416 37.80241037),Phone,
3642513,05/14/2014 02:54:21 PM,05/14/2014 04:28:13 PM,05/14/2014 04:28:13 PM,Closed,Recology_Abandoned,Street and Sidewalk Cleaning,General Cleaning,Other Loose Garbage,"2413 HARRISON ST, SAN FRANCISCO, CA, 94110",Mission,9.0,POINT (-122.41241046 37.75879805),Phone,
3642507,05/14/2014 02:52:29 PM,05/15/2014 01:44:57 PM,05/15/2014 01:44:57 PM,Closed,MUNI Work Queue,MUNI Feedback,MUNI - Conduct_Inattentiveness_Negligence,213_General_Distraction_from_Duty,Intersection of PIERCE ST and UNION ST,Cow Hollow,2.0,POINT (-122.43878174 37.79666901),Phone,
3642503,05/14/2014 02:50:31 PM,04/17/2015 10:06:14 PM,04/17/2015 10:06:14 PM,Closed,311 Service Request Queue - Hold,311 External Request,Graffiti,Graffiti - USPS,Intersection of FILBERT ST and MASON ST,Russian Hill,3.0,POINT (-122.41265879 37.80096458),Phone,
3642502,05/14/2014 02:50:13 PM,05/16/2014 02:49:06 AM,05/16/2014 02:49:06 AM,Closed,DPW - Bureau of Street Environmental Services - G,General Request - PUBLIC WORKS,request_for_service,bses - request_for_service,Intersection of BOWDOIN ST and MANSELL ST,Portola,9.0,POINT (-122.40797841 37.71973443),Phone,
3642499,05/14/2014 02:49:41 PM,08/06/2015 01:20:55 PM,08/06/2015 01:20:55 PM,Closed,SFMTA - Temporary Sign Request Queue,Temporary Sign Request,Temporary Sign Request for Moving_residential_property,20 ft zone requested from 06/13/2014 to 06/13/2014,"422 STEVENSON ST, SAN FRANCISCO, CA, 94103",South of Market,6.0,POINT (-122.40811157 37.78311539),Phone,
3642495,05/14/2014 02:49:08 PM,05/14/2014 03:48:46 PM,05/14/2014 03:48:46 PM,Closed,Recology_Abandoned,Street and Sidewalk Cleaning,Bulky Items,Electronics,Intersection of JONES ST and LOMBARD ST,Russian Hill,3.0,POINT (-122.41632416 37.80241037),Phone,
3642486,05/14/2014 02:47:01 PM,06/16/2014 02:21:22 PM,06/16/2014 02:21:22 PM,Closed,DPT SignShop Surveyed - Area 1 Queue,Sign Repair,Sign - Stickers,Street_Cleaning - Stickers; support - OK,Intersection of STEINER ST and PAGE ST,Lower Haight,5.0,POINT (-122.43228249 37.77282938),Phone,
3642482,05/14/2014 02:46:16 PM,05/15/2014 01:49:23 PM,05/15/2014 01:49:23 PM,Closed,MUNI Work Queue,MUNI Feedback,MUNI - Conduct_Discourteous_Insensitive_Inappropriate_Conduct,301_Discourtesy_to_Customer,Intersection of LA PLAYA and FULTON ST,Golden Gate Park,1.0,POINT (-122.50989532 37.77139664),Phone,
3642476,05/14/2014 02:45:22 PM,05/14/2014 03:15:00 AM,05/14/2014 03:15:00 AM,Closed,DPW Ops Queue,Street and Sidewalk Cleaning,Human or Animal Waste,Human or Animal Waste,"415 JONES ST, SAN FRANCISCO, CA, 94102",Tenderloin,5.0,POINT (-122.41290873 37.78513561),Phone,
3642475,05/14/2014 02:45:20 PM,05/14/2014 05:03:28 PM,05/14/2014 05:03:28 PM,Closed,PUC - Water - G,Sewer Issues,Water_leak,Water_main,"3452 JACKSON ST, SAN FRANCISCO, CA, 94118",Presidio Heights,2.0,POINT (-122.45171366 37.79034235),Phone,
3642472,05/14/2014 02:45:04 PM,05/14/2014 03:49:40 PM,05/14/2014 03:49:40 PM,Closed,Recology_Abandoned,Street and Sidewalk Cleaning,Bulky Items,Furniture,"60 VALPARAISO ST, SAN FRANCISCO, CA, 94133",Russian Hill,3.0,POINT (-122.41374913 37.80136167),Phone,
3642471,05/14/2014 02:45:02 PM,06/12/2014 02:15:56 PM,06/12/2014 02:15:56 PM,Closed,DPT SignShop Surveyed - Area 2 Queue,Sign Repair,Sign - Not_Visible,DPT Sign Shop,"3970 17TH ST, SAN FRANCISCO, CA, 94114",Castro,8.0,POINT (-122.43451408 37.7625797),Phone,
3642470,05/14/2014 02:44:36 PM,05/14/2014 03:30:00 AM,05/14/2014 03:30:00 AM,Closed,DPW Ops Queue,Street and Sidewalk Cleaning,Human or Animal Waste,Human or Animal Waste,"370 ELLIS ST, SAN FRANCISCO, CA, 94102",Tenderloin,5.0,POINT (-122.41096196 37.7845354),Phone,
3642464,05/14/2014 02:43:39 PM,05/14/2014 07:30:00 AM,05/14/2014 07:30:00 AM,Closed,DPW Ops Queue,Street and Sidewalk Cleaning,Human or Animal Waste,Human or Animal Waste,"240 TAYLOR ST, SAN FRANCISCO, CA, 94102",Tenderloin,5.0,POINT (-122.41096196 37.7845354),Phone,
3642459,05/14/2014 02:42:47 PM,05/14/2014 05:46:54 AM,05/14/2014 05:46:54 AM,Closed,DPW Ops Queue,Street and Sidewalk Cleaning,Human or Animal Waste,Human or Animal Waste,"265 EDDY ST, SAN FRANCISCO, CA, 94102",Tenderloin,5.0,POINT (-122.41848828 37.77482644),Phone,
3642457,05/14/2014 02:42:06 PM,05/14/2014 07:10:00 AM,05/14/2014 07:10:00 AM,Closed,DPW Ops Queue,Street and Sidewalk Cleaning,Human or Animal Waste,Human or Animal Waste,"123 EDDY ST, SAN FRANCISCO, CA, 94102",Tenderloin,5.0,POINT (-122.40969459 37.78424278),Phone,
3642454,05/14/2014 02:41:15 PM,05/14/2014 07:20:00 AM,05/14/2014 07:20:00 AM,Closed,DPW Ops Queue,Street and Sidewalk Cleaning,Human or Animal Waste,Human or Animal Waste,"988 MARKET ST, SAN FRANCISCO, CA, 94102",Tenderloin,5.0,POINT (-122.41029358 37.78266525),Phone,
3642448,05/14/2014 02:38:48 PM,05/16/2014 12:00:00 PM,05/16/2014 12:00:00 PM,Closed,DPW BSM Queue,Damaged Property,Damaged Benches_on_Sidewalk,Benches_on_Sidewalk,"1077 MARKET ST, SAN FRANCISCO, CA, 94103",South of Market,6.0,POINT (-122.411803 37.780776),Mobile/Open311,http://mobile311.sfgov.org/reports/3642448/photos
3642441,05/14/2014 02:35:32 PM,01/05/2016 02:55:00 AM,01/05/2016 02:55:00 AM,Closed,DPW BSM Queue,Sidewalk or Curb,Public_Stairway_Defect,Public_Stairway_Defect,Intersection of 3RD ST and TOWNSEND ST,South of Market,6.0,POINT (-122.39275011 37.77885192),Phone,
3642434,05/14/2014 02:34:36 PM,05/22/2014 02:26:34 PM,05/22/2014 02:26:34 PM,Closed,DPT Meter_Bike Queue,Damaged Property,Damaged Parking_Meter,Parking_Meter,"729 SACRAMENTO ST, SAN FRANCISCO, CA, 94108",Chinatown,3.0,POINT (-122.40505766 37.79345399),Phone,
3642426,05/14/2014 02:33:26 PM,05/14/2014 04:27:49 PM,05/14/2014 04:27:49 PM,Closed,Recology_Abandoned,Litter Receptacles,Cans_Left_Out_24x7,,"150 VALENCIA ST, SAN FRANCISCO, CA, 94103",South of Market,8.0,POINT (-122.42251375 37.77070916),Phone,
3642424,05/14/2014 02:33:17 PM,05/15/2014 06:28:03 AM,05/15/2014 06:28:03 AM,Closed,DPT Abandoned Vehicles Work Queue,Abandoned Vehicle,Abandoned Vehicle - SUV,Blue - Honda - CRV - 3VOJ182,Intersection of MADRID ST and PERU AVE,Excelsior,11.0,POINT (-122.42811584 37.72784424),Phone,
3642403,05/14/2014 02:29:24 PM,05/17/2014 12:35:11 PM,05/17/2014 12:35:11 PM,Closed,SFMTA - Temporary Sign Request Printing Queue,Temporary Sign Request,Temporary Sign Request for Moving_residential_property,150 ft zone requested from 2014-05-19 to 2014-05-30,"2520 PACIFIC AVE, SAN FRANCISCO, CA, 94115",Pacific Heights,2.0,POINT (-122.43770599 37.79307556),Web,
3642400,05/14/2014 02:28:33 PM,06/05/2014 08:57:57 AM,06/05/2014 08:57:57 AM,Closed,DPT Color Curb Queue,Color Curb,Red Color Curb Request for HotelApartment,Red Color Curb Request for HotelApartment,"988 FULTON ST, SAN FRANCISCO, CA, 94117",Alamo Square,5.0,POINT (-122.43245697 37.77769852),Web,
3642397,05/14/2014 02:27:54 PM,05/14/2014 03:37:06 PM,05/14/2014 03:37:06 PM,Closed,Recology_Abandoned,Street and Sidewalk Cleaning,Bulky Items,Furniture,Intersection of 42ND AVE and RIVERA ST,Outer Sunset,4.0,POINT (-122.50059765 37.74568967),Phone,
3642395,05/14/2014 02:26:51 PM,06/24/2014 11:28:53 AM,06/24/2014 11:28:53 AM,Closed,SFMTA - Parking Enforcement - G,General Request - MTA,other,parking_enforcement - other,Not associated with a specific address,,,POINT (0 0),Web,
3642394,05/14/2014 02:26:49 PM,05/14/2014 02:42:11 PM,05/14/2014 02:42:11 PM,Closed,PUC - Water - G,Sewer Issues,Water_leak,Other,"3452 JACKSON ST, SAN FRANCISCO, CA, 94118",Presidio Heights,2.0,POINT (-122.45171366 37.79034235),Phone,
3642392,05/14/2014 02:26:42 PM,05/14/2014 02:34:50 PM,05/14/2014 02:34:50 PM,Closed,PUC - Water - G,Sewer Issues,Water_leak,Water_leak Water_leak,"3452 JACKSON ST, SAN FRANCISCO, CA, 94118",Presidio Heights,2.0,POINT (-122.45163727 37.79040527),Web,
3642390,05/14/2014 02:26:28 PM,11/24/2014 02:08:37 AM,11/24/2014 02:08:37 AM,Closed,DPW Ops Queue,Tree Maintenance,Trees - Tree_Other,Other,"22 22ND AVE, SAN FRANCISCO, CA, 94121",Lake Street,2.0,POINT (-122.48192078 37.78681134),Phone,
3642386,05/14/2014 02:25:29 PM,05/15/2014 08:25:43 AM,05/15/2014 08:25:43 AM,Closed,DPW Ops Queue,Graffiti,Graffiti on Building_other,Building_other - Not_Offensive,"1100 MARKET ST, SAN FRANCISCO, CA, 94102",Tenderloin,5.0,POINT (-122.412483 37.780683),Mobile/Open311,http://mobile311.sfgov.org/reports/3642386/photos
3642378,05/14/2014 02:21:27 PM,05/14/2014 05:45:34 PM,05/14/2014 05:45:34 PM,Closed,311 Escalated KB Questions Queue,General Request - 311CUSTOMERSERVICECENTER,other,311CustomerServiceCenter - other,Not associated with a specific address,,,POINT (0 0),Web,
3642377,05/14/2014 02:20:56 PM,05/15/2014 03:53:31 PM,05/15/2014 03:53:31 PM,Closed,PUC Streetlights Queue,Streetlights,Streetlight - Light_Dim,Light_Dim on Metal Pole,Not associated with a specific address,,,POINT (0 0),Web,
3642372,05/14/2014 02:20:18 PM,05/20/2014 09:10:11 AM,05/20/2014 09:10:11 AM,Closed,DPW Ops Queue,DPW Volunteer Programs,Adopt_A_Street,Adopt_A_Street,Not associated with a specific address,,,POINT (0 0),Phone,
3642371,05/14/2014 02:19:37 PM,05/22/2014 02:26:04 PM,05/22/2014 02:26:04 PM,Closed,DPT Meter_Bike Queue,Damaged Property,Damaged Parking_Meter,Parking_Meter,Intersection of CLAY ST and MONTGOMERY ST,Chinatown,3.0,POINT (-122.40313988 37.79466612),Phone,
3642368,05/14/2014 02:18:16 PM,05/15/2014 09:13:11 AM,05/15/2014 09:13:11 AM,Closed,SFMTA - Parking Enforcement - G,General Request - MTA,complaint,parking_enforcement - complaint,Not associated with a specific address,,,POINT (0 0),Web,
3642361,05/14/2014 02:15:06 PM,07/17/2020 06:00:32 PM,07/17/2020 06:00:32 PM,Closed,SFFD Other Queue,General Request - FIRE DEPARTMENT,request_for_service,sffd_other - request_for_service,Not associated with a specific address,,,POINT (0 0),Phone,
3642350,05/14/2014 02:10:13 PM,05/15/2014 03:51:28 PM,05/15/2014 03:51:28 PM,Closed,PUC Streetlights Queue,Streetlights,Streetlight - Light_Burnt_Out,Light_Burnt_Out on Metal Pole,Not associated with a specific address,,,POINT (0 0),Web,
3642347,05/14/2014 02:09:53 PM,05/15/2014 11:10:58 AM,05/15/2014 11:10:58 AM,Closed,MUNI Work Queue,MUNI Feedback,MUNI - Conduct_Inattentiveness_Negligence,202_Ignored_Stop_Request,Intersection of SACRAMENTO ST and STOCKTON ST,Nob Hill,3.0,POINT (-122.4077301 37.79317856),Phone,
3642344,05/14/2014 02:09:25 PM,05/15/2014 09:21:41 AM,05/15/2014 09:21:41 AM,Closed,Clear Channel - Transit Queue,Street and Sidewalk Cleaning,General Cleaning,Other Loose Garbage,"494 36TH AVE, SAN FRANCISCO, CA, 94121",Outer Richmond,1.0,POINT (-122.49632847 37.77968249),Mobile/Open311,
3642343,05/14/2014 02:08:51 PM,05/16/2014 04:17:52 PM,05/16/2014 04:17:52 PM,Closed,PUC Sewer Ops,Sewer Issues,Sewage_back_up,Outofsewervent4inch,"3353 FOLSOM ST, SAN FRANCISCO, CA, 94110",Bernal Heights,9.0,POINT (-122.41325618 37.7446157),Phone,
3642337,05/14/2014 02:07:07 PM,05/16/2014 08:59:12 AM,05/16/2014 08:59:12 AM,Closed,DPW Ops Queue,Graffiti,Graffiti on Building_other,Building_other - Not_Offensive,"1 RHODE ISLAND ST, SAN FRANCISCO, CA, 94103",Showplace Square,6.0,POINT (-122.40280914 37.76922989),Integrated Agency,
3642335,05/14/2014 02:07:02 PM,06/16/2014 01:23:36 AM,06/16/2014 01:23:36 AM,Closed,DPW Ops Queue,Graffiti,Graffiti on Building_other,Building_other - Not_Offensive,"1200 VAN NESS AVE, SAN FRANCISCO, CA, 94109",Lower Nob Hill,3.0,POINT (-122.42137146 37.78689957),Integrated Agency,
3642334,05/14/2014 02:07:00 PM,03/09/2015 12:39:06 PM,03/09/2015 12:39:06 PM,Closed,DPW Ops Queue,Graffiti,Graffiti on Sidewalk_structure,Sidewalk_structure - Offensive,"1700 17TH ST, SAN FRANCISCO, CA, 94103",Potrero Hill,10.0,POINT (-122.40066918 37.76494878),Phone,
3642333,05/14/2014 02:06:56 PM,05/15/2014 08:53:47 AM,05/15/2014 08:53:47 AM,Closed,DPW Ops Queue,Graffiti,Graffiti on Building_other,Building_other - Not_Offensive,Intersection of MISSION ST and GRACE ST,South of Market,6.0,POINT (-122.41548157 37.77560806),Integrated Agency,
3642315,05/14/2014 02:02:05 PM,05/15/2014 03:59:39 PM,05/15/2014 03:59:39 PM,Closed,PUC Streetlights Queue,Streetlights,Streetlight - Light_Burnt_Out,Light_Burnt_Out on Metal Pole,Not associated with a specific address,,,POINT (0 0),Web,
3642310,05/14/2014 02:01:04 PM,05/15/2014 02:38:29 AM,05/15/2014 02:38:29 AM,Closed,DPW Ops Queue,Street and Sidewalk Cleaning,Human or Animal Waste,Human or Animal Waste,"771 SAN JOSE AVE, SAN FRANCISCO, CA, 94110",Bernal Heights,9.0,POINT (-122.42297344 37.74275168),Phone,
3642309,05/14/2014 02:01:03 PM,05/14/2014 02:23:00 AM,05/14/2014 02:23:00 AM,Closed,DPW Ops Queue,Graffiti,Graffiti on Pole,Pole - Offensive,Intersection of STEINER ST and OAK ST,Lower Haight,5.0,POINT (-122.4324646 37.77375793),Web,
3642308,05/14/2014 02:00:47 PM,05/15/2014 02:56:44 PM,05/15/2014 02:56:44 PM,Closed,SFMTA - Temporary Sign Request Printing Queue,Temporary Sign Request,Temporary Sign Request for Moving_commercial_property,80 ft zone requested from 2014-05-30 to 2014-05-31,"1 BUSH ST, SAN FRANCISCO, CA, 94104",Financial District,6.0,POINT (-122.40013123 37.79113007),Web,
3642303,05/14/2014 01:59:52 PM,05/16/2014 09:00:00 AM,05/16/2014 09:00:00 AM,Closed,DPW Ops Queue,Graffiti,Graffiti on Pole,Pole - Offensive,Intersection of STEINER ST and OAK ST,Lower Haight,5.0,POINT (-122.4324646 37.77375793),Web,
3642302,05/14/2014 01:59:50 PM,05/16/2014 07:34:28 AM,05/16/2014 07:34:28 AM,Closed,DPT Abandoned Vehicles Work Queue,Abandoned Vehicle,Abandoned Vehicle - Car4door,ivory - Mercedes - Sedan - 1EES736,"2472 28TH AVE, SAN FRANCISCO, CA, 94116",Parkside,4.0,POINT (-122.48517214 37.74128069),Phone,
3642301,05/14/2014 01:59:36 PM,05/16/2014 01:13:00 AM,05/16/2014 01:13:00 AM,Closed,DPW Ops Queue,Street and Sidewalk Cleaning,General Cleaning,Other Loose Garbage,"337 COLERIDGE ST, SAN FRANCISCO, CA, 94110",Bernal Heights,9.0,POINT (-122.42124589 37.74122509),Phone,
3642297,05/14/2014 01:59:27 PM,03/05/2024 03:03:40 PM,03/05/2024 03:03:40 PM,Closed,DPW BUF Queue,Blocked Street or SideWalk,Blocked_Sidewalk,Dumpster blocking sidewalk,"375 SOUTH VAN NESS AVE, SAN FRANCISCO, CA, 94103",Mission,9.0,POINT (-122.417752 37.7671954),Mobile/Open311,http://mobile311.sfgov.org/reports/3642297/photos
3642296,05/14/2014 01:59:16 PM,05/16/2014 09:00:00 AM,05/16/2014 09:00:00 AM,Closed,DPW Ops Queue,Graffiti,Graffiti on Pole,Pole - Offensive,Intersection of OAK ST and STEINER ST,Lower Haight,5.0,POINT (-122.4324646 37.77375793),Web,
3642294,05/14/2014 01:58:29 PM,05/16/2014 09:00:00 AM,05/16/2014 09:00:00 AM,Closed,DPW Ops Queue,Graffiti,Graffiti on Pole,Pole - Offensive,Intersection of OAK ST and STEINER ST,Lower Haight,5.0,POINT (-122.4324646 37.77375793),Web,
3642287,05/14/2014 01:57:40 PM,05/06/2014 02:00:12 AM,05/06/2014 02:00:12 AM,Closed,DPW Ops Queue,Graffiti,Graffiti on Fire_Police_Callbox,Fire_Police_Callbox - Offensive,Intersection of OAK ST and STEINER ST,Lower Haight,5.0,POINT (-122.4324646 37.77375793),Web,
3642285,05/14/2014 01:57:01 PM,05/14/2014 02:13:00 AM,05/14/2014 02:13:00 AM,Closed,DPW Ops Queue,Graffiti,Graffiti on Pole,Pole - Offensive,Intersection of OAK ST and STEINER ST,Lower Haight,5.0,POINT (-122.4324646 37.77375793),Web,
3642281,05/14/2014 01:56:30 PM,05/14/2014 02:45:58 PM,05/14/2014 02:45:58 PM,Closed,Recology_Abandoned,Street and Sidewalk Cleaning,General Cleaning,Other Loose Garbage,Intersection of WALLER ST and WEBSTER ST,Lower Haight,5.0,POINT (-122.42861474 37.77138138),Phone,
3642279,05/14/2014 01:56:12 PM,05/23/2014 09:47:52 AM,05/23/2014 09:47:52 AM,Closed,DPW Ops Queue,Encampments,Encampment items,Clothing,Intersection of OAK ST and PIERCE ST,Lower Haight,5.0,POINT (-122.43411255 37.77354813),Web,
3642270,05/14/2014 01:55:10 PM,05/14/2014 03:30:00 AM,05/14/2014 03:30:00 AM,Closed,DPW Ops Queue,Graffiti,Graffiti on Pole,Pole - Offensive,Intersection of OAK ST and PIERCE ST,Lower Haight,5.0,POINT (-122.43411255 37.77354813),Web,
3642269,05/14/2014 01:55:08 PM,05/14/2014 02:24:03 PM,05/14/2014 02:24:03 PM,Closed,Recology_Abandoned,Street and Sidewalk Cleaning,General Cleaning,Other Loose Garbage,"528 GREEN ST, SAN FRANCISCO, CA, 94133",North Beach,3.0,POINT (-122.40789026 37.79969309),Phone,
3642268,05/14/2014 01:54:31 PM,04/11/2016 05:12:03 AM,04/11/2016 05:12:03 AM,Closed,DPW BUF Queue,Tree Maintenance,Trees - Overgrown_Tree,Pruning_request,"1188 MISSION ST, SAN FRANCISCO, CA, 94103",South of Market,6.0,POINT (-122.41296601 37.77768507),Phone,
3642267,05/14/2014 01:54:28 PM,05/16/2014 09:00:00 AM,05/16/2014 09:00:00 AM,Closed,DPW Ops Queue,Graffiti,Graffiti on Pole,Pole - Offensive,Intersection of HAIGHT ST and PIERCE ST,Lower Haight,5.0,POINT (-122.43373108 37.77168655),Web,
3642259,05/14/2014 01:53:25 PM,05/14/2014 03:15:00 AM,05/14/2014 03:15:00 AM,Closed,DPW Ops Queue,Illegal Postings,Illegal Posting - No_Posting_Date,No_Posting_Date,Intersection of HAIGHT ST and PIERCE ST,Lower Haight,5.0,POINT (-122.43373108 37.77168655),Web,
3642257,05/14/2014 01:53:07 PM,05/14/2014 03:16:00 AM,05/14/2014 03:16:00 AM,Closed,DPW Ops Queue,Street and Sidewalk Cleaning,General Cleaning,Paper Spill,"907 POST ST, SAN FRANCISCO, CA, 94109",Lower Nob Hill,3.0,POINT (-122.41677892 37.7871714),Phone,
3642254,05/14/2014 01:52:40 PM,05/15/2014 11:06:41 AM,05/15/2014 11:06:41 AM,Closed,RPD Park Service Area 6 Queue,Rec and Park Requests,Park - Neighborhood_Services_Area,Trash_Dumping,"Precita Park, 3200 FOLSOM ST, SAN FRANCISCO, CA, 94110",Bernal Heights,9.0,POINT (-122.41202545 37.74706268),Web,
3642252,05/14/2014 01:52:34 PM,05/14/2014 03:10:00 AM,05/14/2014 03:10:00 AM,Closed,DPW Ops Queue,Illegal Postings,Illegal Posting - No_Posting_Date,No_Posting_Date,Intersection of PIERCE ST and WALLER ST,Duboce Triangle,5.0,POINT (-122.43354797 37.77075577),Web,
3642247,05/14/2014 01:51:50 PM,05/14/2014 03:45:00 AM,05/14/2014 03:45:00 AM,Closed,DPW Ops Queue,Illegal Postings,Illegal Posting - Posted_Over_70_Days,Posted_Over_70_Days,Intersection of SCOTT ST and WALLER ST,Duboce Triangle,5.0,POINT (-122.43518066 37.77054977),Web,
3642246,05/14/2014 01:51:48 PM,05/14/2014 02:13:18 PM,05/14/2014 02:13:18 PM,Closed,PUC Sewer Ops,Sewer Issues,Sewage_back_up,Outofsewervent4inch,"442 CONGO ST, SAN FRANCISCO, CA, 94131",Sunnyside,8.0,POINT (-122.44196053 37.73267764),Phone,
3642242,05/14/2014 01:50:50 PM,05/14/2014 02:13:00 AM,05/14/2014 02:13:00 AM,Closed,DPW Ops Queue,Graffiti,Graffiti on Pole,Pole - Offensive,Intersection of SCOTT ST and WALLER ST,Duboce Triangle,5.0,POINT (-122.43518066 37.77054977),Web,
3642240,05/14/2014 01:50:21 PM,05/20/2014 01:28:36 PM,05/20/2014 01:28:36 PM,Closed,PUC Sewer Ops,Street Defects,Pavement_Defect,Pavement_Defect,Intersection of MARKET ST and LARKIN ST,South of Market,6.0,POINT (-122.41629028 37.77749252),Integrated Agency,
3642239,05/14/2014 01:49:53 PM,05/15/2014 11:21:18 AM,05/15/2014 11:21:18 AM,Closed,MUNI Work Queue,MUNI Feedback,MUNI - Conduct_Inattentiveness_Negligence,213_General_Distraction_from_Duty,Not associated with a specific address,,,POINT (0 0),Phone,
3642237,05/14/2014 01:49:42 PM,05/16/2014 05:30:18 AM,05/16/2014 05:30:18 AM,Closed,DPW Ops Queue,Graffiti,Graffiti on City_receptacle,City_receptacle - Offensive,Intersection of SCOTT ST and LLOYD ST,Duboce Triangle,8.0,POINT (-122.43505096 37.76989746),Web,
3642236,05/14/2014 01:48:46 PM,05/16/2014 09:20:25 AM,05/16/2014 09:20:25 AM,Closed,DPW Ops Queue,Litter Receptacles,Litter_Receptacle_Request_New_Removal,,Intersection of SCOTT ST and LLOYD ST,Duboce Triangle,8.0,POINT (-122.43505096 37.76989746),Web,
3642234,05/14/2014 01:48:16 PM,05/20/2014 01:28:19 PM,05/20/2014 01:28:19 PM,Closed,Recology_Litter,Litter Receptacles,Other_enter_additional_details_below,,"199 GOLDEN GATE AVE, SAN FRANCISCO, CA, 94102",Tenderloin,5.0,POINT (-122.41389405 37.78173543),Mobile/Open311,http://mobile311.sfgov.org/reports/3642234/photos
3642233,05/14/2014 01:48:15 PM,05/14/2014 02:24:59 PM,05/14/2014 02:24:59 PM,Closed,Recology_Abandoned,Street and Sidewalk Cleaning,Bulky Items,Furniture,"156 27TH ST, SAN FRANCISCO, CA, 94110",Noe Valley,8.0,POINT (-122.42370605 37.74720383),Web,
3642232,05/14/2014 01:47:48 PM,05/15/2014 01:36:00 PM,05/15/2014 01:36:00 PM,Closed,MUNI Work Queue,MUNI Feedback,MUNI - Services_Miscellaneous,801_NextMuni_Technology,Not associated with a specific address,,,POINT (0 0),Phone,
3642230,05/14/2014 01:47:16 PM,05/15/2014 11:01:48 AM,05/15/2014 11:01:48 AM,Closed,PUC Sewer Ops,Sewer Issues,Sewage_back_up,Outofsewervent4inch,"442 CONGO ST, SAN FRANCISCO, CA, 94131",Sunnyside,8.0,POINT (-122.44196053 37.73267764),Phone,
3642229,05/14/2014 01:47:14 PM,05/20/2014 10:48:39 AM,05/20/2014 10:48:39 AM,Closed,DPW Ops Queue,Litter Receptacles,Litter_Receptacle_Request_New_Removal,,Intersection of DUBOCE AVE and WALTER ST,Duboce Triangle,8.0,POINT (-122.4324646 37.76924896),Web,
3642228,05/14/2014 01:47:08 PM,05/14/2014 05:48:03 AM,05/14/2014 05:48:03 AM,Closed,DPW Ops Queue,Street and Sidewalk Cleaning,Human or Animal Waste,Human or Animal Waste,"20 SYCAMORE ST, SAN FRANCISCO, CA, 94110",Mission,9.0,POINT (-122.41989136 37.76274872),Web,
3642224,05/14/2014 01:45:51 PM,05/15/2014 11:16:13 AM,05/15/2014 11:16:13 AM,Closed,MUNI Work Queue,MUNI Feedback,MUNI - Conduct_Discourteous_Insensitive_Inappropriate_Conduct,301_Discourtesy_to_Customer,Intersection of GEARY BLVD and FILLMORE ST,Japantown,5.0,POINT (-122.43291473 37.78435516),Phone,
3642222,05/14/2014 01:45:25 PM,06/24/2014 07:53:00 AM,06/24/2014 07:53:00 AM,Closed,PUC Streetlights Queue,Streetlights,Streetlight - Light_On_all_the_time,Light_On_all_the_time on Metal Pole,"1164 MARKET ST, SAN FRANCISCO, CA, 94102",Civic Center,5.0,POINT (-122.41381073 37.77956772),Mobile/Open311,http://mobile311.sfgov.org/reports/3642222/photos
3642220,05/14/2014 01:45:09 PM,05/15/2014 05:38:05 AM,05/15/2014 05:38:05 AM,Closed,DPW Ops Queue,Graffiti,Graffiti on City_receptacle,City_receptacle - Offensive,Intersection of DUBOCE AVE and WALTER ST,Duboce Triangle,8.0,POINT (-122.4324646 37.76924896),Web,
3642216,05/14/2014 01:44:27 PM,05/19/2014 12:19:29 PM,05/19/2014 12:19:29 PM,Closed,SFMTA - G,General Request - MTA,request_for_service,citations - request_for_service,Not associated with a specific address,,,POINT (0 0),Web,
3642214,05/14/2014 01:44:12 PM,05/14/2014 05:48:24 AM,05/14/2014 05:48:24 AM,Closed,DPW Ops Queue,Illegal Postings,Illegal Posting - No_Posting_Date,No_Posting_Date,Intersection of DUBOCE AVE and STEINER ST,Duboce Triangle,8.0,POINT (-122.43157196 37.76930618),Web,
3642211,05/14/2014 01:43:19 PM,05/16/2014 09:00:00 AM,05/16/2014 09:00:00 AM,Closed,DPW Ops Queue,Graffiti,Graffiti on Pole,Pole - Offensive,Intersection of HERMANN ST and STEINER ST,Duboce Triangle,8.0,POINT (-122.43171692 37.77003479),Web,
3642209,05/14/2014 01:42:59 PM,05/20/2014 07:54:34 AM,05/20/2014 07:54:34 AM,Closed,DPT Abandoned Vehicles Work Queue,Abandoned Vehicle,Abandoned Vehicle - Other,WHITE - Chevrolet - express 2500 - 7N49099,Intersection of MIRAMAR AVE and GRAFTON AVE,Ingleside,11.0,POINT (-122.45817566 37.72002792),Web,
3642206,05/14/2014 01:42:25 PM,05/15/2014 11:53:57 AM,05/15/2014 11:53:57 AM,Closed,MUNI Work Queue,MUNI Feedback,MUNI - Conduct_Inattentiveness_Negligence,202_Ignored_Stop_Request,Not associated with a specific address,,,POINT (0 0),Phone,
3642204,05/14/2014 01:42:21 PM,05/16/2014 09:00:00 AM,05/16/2014 09:00:00 AM,Closed,DPW Ops Queue,Graffiti,Graffiti on Pole,Pole - Offensive,Intersection of HERMANN ST and STEINER ST,Duboce Triangle,8.0,POINT (-122.43171692 37.77003479),Web,
3642202,05/14/2014 01:41:41 PM,05/14/2014 02:16:35 PM,05/14/2014 02:16:35 PM,Closed,Recology_Abandoned,Street and Sidewalk Cleaning,Bulky Items,Mattress,"311 11TH AVE, SAN FRANCISCO, CA, 94118",Inner Richmond,1.0,POINT (-122.46982227 37.78245416),Phone,
3642201,05/14/2014 01:41:31 PM,05/15/2014 05:46:42 AM,05/15/2014 05:46:42 AM,Closed,DPW Ops Queue,Graffiti,Graffiti on Pole,Pole - Offensive,Intersection of HERMANN ST and STEINER ST,Duboce Triangle,8.0,POINT (-122.43171692 37.77003479),Web,
3642199,05/14/2014 01:41:09 PM,05/15/2014 01:57:23 PM,05/15/2014 01:57:23 PM,Closed,RPD Park Service Area 6 Queue,Rec and Park Requests,Park - Structural_Maintenance,Playground,"24th and York Mini Park, , SAN FRANCISCO, CA, 94110",Mission,9.0,POINT (-122.41848828 37.77482644),Phone,
3642197,05/14/2014 01:40:40 PM,05/14/2014 03:05:00 AM,05/14/2014 03:05:00 AM,Closed,DPW Ops Queue,Illegal Postings,Illegal Posting - Affixed_Improperly,Affixed_Improperly,Intersection of WALLER ST and STEINER ST,Duboce Triangle,5.0,POINT (-122.43190765 37.77096558),Web,
3642195,05/14/2014 01:39:55 PM,05/16/2014 09:00:00 AM,05/16/2014 09:00:00 AM,Closed,DPW Ops Queue,Graffiti,Graffiti on Pole,Pole - Offensive,Intersection of HAIGHT ST and STEINER ST,Lower Haight,5.0,POINT (-122.43209076 37.77189636),Web,
3642192,05/14/2014 01:39:01 PM,05/06/2014 02:15:54 AM,05/06/2014 02:15:54 AM,Closed,DPW Ops Queue,Graffiti,Graffiti on Fire_Police_Callbox,Fire_Police_Callbox - Offensive,Intersection of HAIGHT ST and STEINER ST,Lower Haight,5.0,POINT (-122.43209076 37.77189636),Web,
3642188,05/14/2014 01:37:39 PM,05/14/2014 04:24:54 PM,05/14/2014 04:24:54 PM,Closed,RPD GGP Queue,Rec and Park Requests,Park - Structural_Maintenance,Playground,"Golden Gate Park, , SAN FRANCISCO, CA, 94122",Golden Gate Park,1.0,POINT (-122.48094876 37.76905764),Phone,
3642184,05/14/2014 01:37:26 PM,04/11/2016 05:12:02 AM,04/11/2016 05:12:02 AM,Closed,DPW Ops Queue,Street and Sidewalk Cleaning,General Cleaning,Other Loose Garbage,"1400 GREAT HWY, SAN FRANCISCO, CA, 94122",Outer Sunset,4.0,POINT (-122.50878906 37.7600441),Phone,
3642183,05/14/2014 01:37:20 PM,05/14/2014 03:20:00 AM,05/14/2014 03:20:00 AM,Closed,DPW Ops Queue,Illegal Postings,Illegal Posting - Affixed_Improperly,Affixed_Improperly,"811 PAGE ST, SAN FRANCISCO, CA, 94117",Lower Haight,5.0,POINT (-122.43448639 37.77242279),Web,
3642182,05/14/2014 01:37:14 PM,06/16/2014 10:45:00 AM,06/16/2014 10:45:00 AM,Closed,DPW BSM Queue,Blocked Street or SideWalk,Blocked_Sidewalk,Cafe_table_and_chairs blocking sidewalk,"3519 BALBOA ST, SAN FRANCISCO, CA, 94121",Outer Richmond,1.0,POINT (-122.49647093 37.77569888),Phone,
3642176,05/14/2014 01:36:21 PM,05/14/2014 02:14:00 AM,05/14/2014 02:14:00 AM,Closed,DPW Ops Queue,Graffiti,Graffiti on Pole,Pole - Offensive,Intersection of SCOTT ST and PAGE ST,Lower Haight,5.0,POINT (-122.43556213 37.77241898),Web,
3642171,05/14/2014 01:35:08 PM,06/27/2014 11:55:46 AM,06/27/2014 11:55:46 AM,Closed,DPT SignShop Surveyed - Area 1 Queue,Graffiti,Graffiti on Pole,Pole - Offensive,Intersection of PAGE ST and DIVISADERO ST,Buena Vista,5.0,POINT (-122.43723297 37.77220535),Web,
3642169,05/14/2014 01:35:03 PM,05/14/2014 02:26:08 PM,05/14/2014 02:26:08 PM,Closed,RPD Park Service Area 6 Queue,Rec and Park Requests,Park - Structural_Maintenance,Playground,"Mission Playground, , SAN FRANCISCO, CA, 94110",Mission Dolores,8.0,POINT (-122.4223013 37.75929092),Phone,
3642167,05/14/2014 01:34:10 PM,05/14/2014 02:15:00 AM,05/14/2014 02:15:00 AM,Closed,DPW Ops Queue,Graffiti,Graffiti on Sidewalk_structure,Sidewalk_structure - Offensive,Intersection of BRODERICK ST and PAGE ST,Buena Vista,5.0,POINT (-122.43889618 37.77199173),Web,
3642165,05/14/2014 01:33:31 PM,05/14/2014 02:48:19 PM,05/14/2014 02:48:19 PM,Closed,Recology_Abandoned,Street and Sidewalk Cleaning,General Cleaning,Other Loose Garbage,Intersection of 5TH ST and STEVENSON ST,South of Market,6.0,POINT (-122.40748537 37.78352864),Phone,
3642161,05/14/2014 01:33:15 PM,06/16/2014 02:21:23 PM,06/16/2014 02:21:23 PM,Closed,DPT SignShop Surveyed - Area 1 Queue,Graffiti,Graffiti on Pole,Pole - Offensive,Intersection of BAKER ST and PAGE ST,Buena Vista,5.0,POINT (-122.44054413 37.77177811),Web,
3642158,05/14/2014 01:32:25 PM,06/23/2014 02:08:58 PM,06/23/2014 02:08:58 PM,Closed,DPT SignShop Surveyed - Area 1 Queue,Graffiti,Graffiti on Pole,Pole - Offensive,Intersection of BAKER ST and PAGE ST,Buena Vista,5.0,POINT (-122.44054413 37.77177811),Web,
3642154,05/14/2014 01:31:24 PM,09/10/2014 12:06:18 PM,09/10/2014 12:06:18 PM,Closed,DPT SignShop Surveyed - Area 1 Queue,Graffiti,Graffiti on Pole,Pole - Offensive,Intersection of BAKER ST and PAGE ST,Buena Vista,5.0,POINT (-122.44054413 37.77177811),Web,
3642149,05/14/2014 01:30:41 PM,05/15/2014 07:19:21 AM,05/15/2014 07:19:21 AM,Closed,DPT - Sign Shop - G,Graffiti,Graffiti on Pole,Pole - Offensive,Intersection of BAKER ST and PAGE ST,Buena Vista,5.0,POINT (-122.44054413 37.77177811),Web,
3642144,05/14/2014 01:29:49 PM,05/14/2014 01:53:47 PM,05/14/2014 01:53:47 PM,Closed,PUC - Water - G,Graffiti,Graffiti on Fire_hydrant,Fire_hydrant - Offensive,Intersection of BAKER ST and PAGE ST,Buena Vista,5.0,POINT (-122.44054413 37.77177811),Web,
3642143,05/14/2014 01:29:45 PM,05/14/2014 02:24:02 PM,05/14/2014 02:24:02 PM,Closed,Recology_Abandoned,Street and Sidewalk Cleaning,Bulky Items,Furniture,"1753 WASHINGTON ST, SAN FRANCISCO, CA, 94109",Polk Gulch,3.0,POINT (-122.42208943 37.79309244),Phone,
3642142,05/14/2014 01:29:44 PM,05/16/2014 07:28:15 AM,05/16/2014 07:28:15 AM,Closed,DPT Abandoned Vehicles Work Queue,Abandoned Vehicle,Abandoned Vehicle - Car4door,green - Honda - unknown  - 4MON349,"2098 ALEMANY BLVD, SAN FRANCISCO, CA, 94112",Cayuga,11.0,POINT (-122.441371 37.71871636),Phone,
3642139,05/14/2014 01:29:17 PM,05/16/2014 09:00:00 AM,05/16/2014 09:00:00 AM,Closed,DPW Ops Queue,Graffiti,Graffiti on Pole,Pole - Offensive,Intersection of LYON ST and PAGE ST,Buena Vista,5.0,POINT (-122.44218445 37.77157211),Web,
3642138,05/14/2014 01:29:15 PM,05/22/2014 02:25:42 PM,05/22/2014 02:25:42 PM,Closed,DPT Meter_Bike Queue,Damaged Property,Damaged Parking_Meter,Parking_Meter,Intersection of FILLMORE ST and GREENWICH ST,Union Street,2.0,POINT (-122.43586731 37.7989502),Phone,
3642133,05/14/2014 01:28:18 PM,06/08/2014 11:00:06 AM,06/08/2014 11:00:06 AM,Closed,DPW Ops Queue,Graffiti,Graffiti on Pole,Pole - Offensive,Intersection of CENTRAL AVE and PAGE ST,Haight Ashbury,5.0,POINT (-122.44384003 37.77135849),Web,
3642131,05/14/2014 01:27:39 PM,05/16/2014 09:00:00 AM,05/16/2014 09:00:00 AM,Closed,DPW Ops Queue,Graffiti,Graffiti on Pole,Pole - Offensive,"1476 PAGE ST, SAN FRANCISCO, CA, 94117",Haight Ashbury,5.0,POINT (-122.44504547 37.77131271),Web,
3642127,05/14/2014 01:26:26 PM,05/14/2014 04:20:00 AM,05/14/2014 04:20:00 AM,Closed,DPW Ops Queue,Illegal Postings,Illegal Posting - No_Posting_Date,No_Posting_Date,"1563 PAGE ST, SAN FRANCISCO, CA, 94117",Haight Ashbury,5.0,POINT (-122.44633484 37.77088547),Web,
3642120,05/14/2014 01:25:15 PM,05/16/2014 09:00:00 AM,05/16/2014 09:00:00 AM,Closed,DPW Ops Queue,Graffiti,Graffiti on Pole,Pole - Offensive,Intersection of PAGE ST and ASHBURY ST,Haight Ashbury,5.0,POINT (-122.44712067 37.77093506),Web,
3642119,05/14/2014 01:25:10 PM,05/16/2014 06:21:30 AM,05/16/2014 06:21:30 AM,Closed,DPT Abandoned Vehicles Work Queue,Abandoned Vehicle,Abandoned Vehicle - PickupTruck,red - Ford - 250 - NONE,Intersection of GOUGH ST and GREEN ST,Union Street,2.0,POINT (-122.42707825 37.79719925),Phone,
3642116,05/14/2014 01:23:14 PM,05/16/2014 09:00:00 AM,05/16/2014 09:00:00 AM,Closed,DPW Ops Queue,Graffiti,Graffiti on Pole,Pole - Offensive,Intersection of PAGE ST and ASHBURY ST,Haight Ashbury,5.0,POINT (-122.44712067 37.77093506),Web,
3642110,05/14/2014 01:22:10 PM,05/16/2014 09:00:00 AM,05/16/2014 09:00:00 AM,Closed,DPW Ops Queue,Graffiti,Graffiti on Pole,Pole - Offensive,Intersection of ASHBURY ST and HAIGHT ST,Haight Ashbury,5.0,POINT (-122.44692993 37.77000809),Web,
3642109,05/14/2014 01:21:32 PM,05/15/2014 10:33:05 AM,05/15/2014 10:33:05 AM,Closed,MUNI Work Queue,MUNI Feedback,MUNI - Services_Service_Planning,704_Shelter_Requests,Intersection of SILVER AVE and MISSION ST,Mission Terrace,11.0,POINT (-122.4312973 37.72872925),Phone,
3642108,05/14/2014 01:21:31 PM,05/14/2014 04:13:00 AM,05/14/2014 04:13:00 AM,Closed,DPW Ops Queue,Tree Maintenance,Trees - Damaged_Tree,Dead_tree,"3238 OCTAVIA ST, SAN FRANCISCO, CA, 94123",Marina,2.0,POINT (-122.42967392 37.80202787),Phone,
3642104,05/14/2014 01:20:45 PM,05/14/2014 04:10:00 AM,05/14/2014 04:10:00 AM,Closed,DPW Ops Queue,Illegal Postings,Illegal Posting - Affixed_Improperly,Affixed_Improperly,Intersection of ASHBURY ST and HAIGHT ST,Haight Ashbury,5.0,POINT (-122.44692993 37.77000809),Web,
3642103,05/14/2014 01:20:43 PM,05/15/2014 03:55:51 PM,05/15/2014 03:55:51 PM,Closed,PUC Streetlights Queue,Streetlights,Streetlight - Light_On_all_the_time,Light_On_all_the_time on Concrete Pole,Intersection of GEARY BLVD and 21ST AVE,Outer Richmond,1.0,POINT (-122.48045349 37.78028107),Phone,
3642098,05/14/2014 01:20:09 PM,05/14/2014 04:10:00 AM,05/14/2014 04:10:00 AM,Closed,DPW Ops Queue,Illegal Postings,Illegal Posting - No_Posting_Date,No_Posting_Date,Intersection of ASHBURY ST and HAIGHT ST,Haight Ashbury,5.0,POINT (-122.44692993 37.77000809),Web,
3642095,05/14/2014 01:19:57 PM,05/15/2014 02:39:37 AM,05/15/2014 02:39:37 AM,Closed,DPW Ops Queue,Graffiti,Graffiti on Sidewalk_in_front_of_property,Sidewalk_in_front_of_property - Not_Offensive,"3431 MARKET ST, SAN FRANCISCO, CA, 94114",Eureka Valley,8.0,POINT (-122.44269627 37.75745882),Mobile/Open311,http://mobile311.sfgov.org/reports/3642095/photos
3642093,05/14/2014 01:19:31 PM,06/19/2014 09:58:54 AM,06/19/2014 09:58:54 AM,Closed,SFMTA - Livable Streets Queue,General Request - MTA,other,parking_traffic_other - other,Intersection of MANSELL ST and JOHN F SHELLEY DR,McLaren Park,9.0,POINT (-122.41851044 37.71876526),Web,
3642092,05/14/2014 01:19:11 PM,05/16/2014 09:00:00 AM,05/16/2014 09:00:00 AM,Closed,DPW Ops Queue,Graffiti,Graffiti on Pole,Pole - Offensive,Intersection of ASHBURY ST and HAIGHT ST,Haight Ashbury,5.0,POINT (-122.44692993 37.77000809),Web,
3642091,05/14/2014 01:19:03 PM,05/14/2014 04:26:00 AM,05/14/2014 04:26:00 AM,Closed,DPW Ops Queue,Street and Sidewalk Cleaning,General Cleaning,Other Loose Garbage,"1290 JACKSON ST, SAN FRANCISCO, CA, 94109",Nob Hill,3.0,POINT (-122.4162674 37.79488373),Phone,
3642081,05/14/2014 01:18:05 PM,05/16/2014 09:00:00 AM,05/16/2014 09:00:00 AM,Closed,DPW Ops Queue,Graffiti,Graffiti on Pole,Pole - Offensive,Intersection of CLAYTON ST and WALLER ST,Cole Valley,5.0,POINT (-122.44838715 37.76886368),Web,
3642080,05/14/2014 01:17:58 PM,05/14/2014 01:20:24 PM,05/14/2014 01:20:24 PM,Closed,PUC - Water - G,Sewer Issues,Water_leak,Water_main,Intersection of 23RD ST and ILLINOIS ST,Central Waterfront,10.0,POINT (-122.38706798 37.75544603),Phone,
3642079,05/14/2014 01:17:54 PM,05/14/2014 01:54:36 PM,05/14/2014 01:54:36 PM,Closed,PUC - Water - G,Sewer Issues,Water_leak,Other,"3442 CLAY ST, SAN FRANCISCO, CA, 94118",Presidio Heights,2.0,POINT (-122.44960785 37.78886795),Phone,
3642067,05/14/2014 01:15:24 PM,05/14/2014 02:43:05 PM,05/14/2014 02:43:05 PM,Closed,Recology_Abandoned,Street and Sidewalk Cleaning,Bulky Items,Mattress,"501 LYON ST, SAN FRANCISCO, CA, 94117",Panhandle,5.0,POINT (-122.44301997 37.77531466),Phone,
3642049,05/14/2014 01:11:21 PM,05/14/2014 02:05:54 PM,05/14/2014 02:05:54 PM,Closed,Recology_Abandoned,Street and Sidewalk Cleaning,Bulky Items,Furniture,"30 BERNARD ST, SAN FRANCISCO, CA, 94133",Russian Hill,3.0,POINT (-122.4139634 37.79651266),Phone,
3642048,05/14/2014 01:11:03 PM,05/17/2014 09:06:05 AM,05/17/2014 09:06:05 AM,Closed,DBI Housing Inspection Queue,Residential Building Request,Building - Plumbing_Broken_leaking,Plumbing_Broken_leaking,Intersection of DELTA ST and RAYMOND AVE,Visitacion Valley,10.0,POINT (-122.40919495 37.71379852),Phone,
3642037,05/14/2014 01:08:48 PM,05/22/2014 02:25:18 PM,05/22/2014 02:25:18 PM,Closed,DPT Meter_Bike Queue,Damaged Property,Damaged Parking_Meter,Parking_Meter,Intersection of SUTTER ST and VAN NESS AVE,Lower Nob Hill,3.0,POINT (-122.42175897 37.78754632),Phone,
3642035,05/14/2014 01:08:33 PM,05/14/2014 03:40:00 AM,05/14/2014 03:40:00 AM,Closed,DPW Ops Queue,Street and Sidewalk Cleaning,General Cleaning,Other Loose Garbage,Intersection of WASHINGTON ST and LEAVENWORTH ST,Nob Hill,3.0,POINT (-122.4162912 37.79389002),Phone,
3642033,05/14/2014 01:08:03 PM,05/27/2014 11:39:58 AM,05/27/2014 11:39:58 AM,Closed,Animal Care and Control - G,General Request - ANIMAL CARE CONTROL,request_for_service,animal_care_control - request_for_service,Intersection of ATHENS ST and ROLPH ST,Crocker Amazon,11.0,POINT (-122.43499965 37.71281086),Phone,
3642032,05/14/2014 01:07:59 PM,06/02/2014 09:47:47 AM,06/02/2014 09:47:47 AM,Closed,Entertainment Commission - G,General Request - ENTERTAINMENT COMMISSION,complaint,entertainment_commission - complaint,"807 GRANT AVE, SAN FRANCISCO, CA, 94108",Chinatown,3.0,POINT (-122.40638862 37.79433071),Phone,
3642031,05/14/2014 01:07:53 PM,05/14/2014 01:17:07 PM,05/14/2014 01:17:07 PM,Closed,PUC - Water - G,General Request - PUC,request_for_service,water - request_for_service,Intersection of TAYLOR ST and CLAY ST,Nob Hill,3.0,POINT (-122.41282654 37.79343414),Phone,
3642026,05/14/2014 01:07:13 PM,05/15/2014 10:34:49 AM,05/15/2014 10:34:49 AM,Closed,SSP - MTA Feedback Queue,MUNI Feedback,MUNI  - Services_Service_Planning,701_Insufficient_Frequency,Not associated with a specific address,,,POINT (0 0),Web,
3642019,05/14/2014 01:04:56 PM,05/14/2014 03:44:04 PM,05/14/2014 03:44:04 PM,Closed,Recology_Abandoned,Street and Sidewalk Cleaning,Bulky Items,Furniture,Intersection of CORTLAND AVE and MISSION ST,Bernal Heights,9.0,POINT (-122.42284231 37.741026),Phone,
3642017,05/14/2014 01:04:28 PM,05/14/2014 05:30:00 AM,05/14/2014 05:30:00 AM,Closed,DPW Ops Queue,Street and Sidewalk Cleaning,Human or Animal Waste,Human or Animal Waste,"535 EDDY ST, SAN FRANCISCO, CA, 94109",Tenderloin,5.0,POINT (-122.41645978 37.7833886),Phone,
3642010,05/14/2014 01:03:24 PM,05/14/2014 08:00:00 AM,05/14/2014 08:00:00 AM,Closed,DPW Ops Queue,Street and Sidewalk Cleaning,Human or Animal Waste,Human or Animal Waste,"669 ELLIS ST, SAN FRANCISCO, CA, 94109",Tenderloin,5.0,POINT (-122.41468375 37.78175832),Phone,
3642003,05/14/2014 01:01:52 PM,05/14/2014 02:00:00 AM,05/14/2014 02:00:00 AM,Closed,DPW Ops Queue,Street and Sidewalk Cleaning,Human or Animal Waste,Human or Animal Waste,Intersection of CONTINUUM WAY and GOLDEN GATE AVE,Civic Center,5.0,POINT (-122.41468375 37.78175832),Phone,
3641999,05/14/2014 01:00:42 PM,05/14/2014 03:33:00 AM,05/14/2014 03:33:00 AM,Closed,DPW Ops Queue,Street and Sidewalk Cleaning,Medical Waste,Needles,Intersection of HYDE ST and FULTON ST,Civic Center,5.0,POINT (-122.41512784 37.77978707),Phone,
3641993,05/14/2014 01:00:11 PM,05/14/2014 08:43:44 AM,05/14/2014 08:43:44 AM,Closed,DPW Ops Queue,Street and Sidewalk Cleaning,Human or Animal Waste,Human or Animal Waste,"379 ELLIS ST, SAN FRANCISCO, CA, 94102",Tenderloin,5.0,POINT (-122.41240664 37.78485808),Phone,
3641987,05/14/2014 12:59:11 PM,05/14/2014 08:42:53 AM,05/14/2014 08:42:53 AM,Closed,DPW Ops Queue,Street and Sidewalk Cleaning,Human or Animal Waste,Human or Animal Waste,"275 ELLIS ST, SAN FRANCISCO, CA, 94102",Tenderloin,5.0,POINT (-122.41070235 37.7850725),Phone,
3641983,05/14/2014 12:58:32 PM,05/30/2014 11:04:05 AM,05/30/2014 11:04:05 AM,Closed,SFMTA - Temporary Sign Request Printing Queue,Temporary Sign Request,Temporary Sign Request for Moving_residential_property,40 ft zone requested from 05/29/2014 to 05/31/2014,"2920 BUCHANAN ST, SAN FRANCISCO, CA, 94123",Union Street,2.0,POINT (-122.43196869 37.79711914),Phone,
3641982,05/14/2014 12:57:57 PM,05/14/2014 08:30:16 AM,05/14/2014 08:30:16 AM,Closed,DPW Ops Queue,Street and Sidewalk Cleaning,Human or Animal Waste,Human or Animal Waste,"570 ELLIS ST, SAN FRANCISCO, CA, 94109",Tenderloin,5.0,POINT (-122.41557301 37.7845677),Phone,
3641976,05/14/2014 12:56:39 PM,05/14/2014 08:28:44 AM,05/14/2014 08:28:44 AM,Closed,DPW Ops Queue,Street and Sidewalk Cleaning,Human or Animal Waste,Human or Animal Waste,"78 LEAVENWORTH ST, SAN FRANCISCO, CA, 94102",Tenderloin,5.0,POINT (-122.41371393 37.78146092),Phone,
3641970,05/14/2014 12:55:37 PM,05/14/2014 08:27:52 AM,05/14/2014 08:27:52 AM,Closed,DPW Ops Queue,Street and Sidewalk Cleaning,Human or Animal Waste,Human or Animal Waste,"345 JONES ST, SAN FRANCISCO, CA, 94102",Tenderloin,5.0,POINT (-122.4127499 37.78434434),Phone,
3641966,05/14/2014 12:54:21 PM,05/14/2014 08:27:15 AM,05/14/2014 08:27:15 AM,Closed,DPW Ops Queue,Street and Sidewalk Cleaning,Human or Animal Waste,Human or Animal Waste,"220 JONES ST, SAN FRANCISCO, CA, 94102",Tenderloin,5.0,POINT (-122.41238518 37.78321853),Phone,
3641963,05/14/2014 12:53:47 PM,05/22/2014 02:25:01 PM,05/22/2014 02:25:01 PM,Closed,DPT Meter_Bike Queue,Damaged Property,Damaged Parking_Meter,Parking_Meter,Intersection of JONES ST and BEACH ST,Fisherman's Wharf,3.0,POINT (-122.41726152 37.80707036),Phone,
3641962,05/14/2014 12:53:39 PM,05/14/2014 02:15:00 AM,05/14/2014 02:15:00 AM,Closed,DPW Ops Queue,Graffiti,Graffiti on Mail_box,Mail_box - Offensive,"2693 SUTTER ST, SAN FRANCISCO, CA, 94115",Lower Pacific Heights,5.0,POINT (-122.44471522 37.78443186),Mobile/Open311,http://mobile311.sfgov.org/reports/3641962/photos
3641961,05/14/2014 12:52:55 PM,05/14/2014 08:26:33 AM,05/14/2014 08:26:33 AM,Closed,DPW Ops Queue,Street and Sidewalk Cleaning,Human or Animal Waste,Human or Animal Waste,"421 LEAVENWORTH ST, SAN FRANCISCO, CA, 94102",Tenderloin,5.0,POINT (-122.41454204 37.78485364),Phone,
3641936,05/14/2014 12:49:35 PM,05/21/2014 09:38:27 AM,05/21/2014 09:38:27 AM,Closed,DPT - Other - G,General Request - MTA,other,parking_traffic_other - other,Intersection of COLBY ST and MANSELL ST,Portola,9.0,POINT (-122.41000366 37.71932983),Web,
3641933,05/14/2014 12:48:57 PM,05/15/2014 02:40:51 AM,05/15/2014 02:40:51 AM,Closed,DPW Ops Queue,Street and Sidewalk Cleaning,Hazardous Materials,Liquids - Oil/Paint/Other,"10 GLENDALE ST, SAN FRANCISCO, CA, 94114",Clarendon Heights,8.0,POINT (-122.44240785 37.75659862),Mobile/Open311,http://mobile311.sfgov.org/reports/3641933/photos
3641932,05/14/2014 12:48:52 PM,06/02/2020 02:01:24 PM,06/02/2020 02:01:24 PM,Closed,DPW Ops Queue,Litter Receptacles,Litter_Receptacle_Request_New_Removal,,Intersection of EDDY ST and MASON ST,Tenderloin,5.0,POINT (-122.41013072 37.78424396),Integrated Agency,
3641930,05/14/2014 12:48:41 PM,05/14/2014 01:44:55 PM,05/14/2014 01:44:55 PM,Closed,Recology_Abandoned,Street and Sidewalk Cleaning,Bulky Items,Furniture,"805 LEAVENWORTH ST, SAN FRANCISCO, CA, 94109",Lower Nob Hill,3.0,POINT (-122.415268 37.78844305),Phone,
3641925,05/14/2014 12:47:33 PM,05/15/2014 02:44:52 PM,05/15/2014 02:44:52 PM,Closed,DPW - Other - G,General Request - PUBLIC WORKS,complaint,dpw_other - complaint,"447 VALENCIA ST, SAN FRANCISCO, CA, 94103",Mission,9.0,POINT (-122.41848828 37.77482644),Phone,
3641924,05/14/2014 12:47:32 PM,12/11/2015 03:28:00 AM,12/11/2015 03:28:00 AM,Closed,DPW BSM Queue,Sidewalk or Curb,Sidewalk_Defect,Lifted_sidewalk_other,"682 12TH AVE, SAN FRANCISCO, CA, 94118",Inner Richmond,1.0,POINT (-122.47025519 37.77542025),Twitter,
3641914,05/14/2014 12:46:18 PM,02/25/2017 05:41:25 AM,02/25/2017 05:41:25 AM,Closed,DPW BSM Queue,Blocked Street or SideWalk,Blocked_Sidewalk,Tree_shrub_bush_privately_maintained blocking sidewalk,"431 LAKEVIEW AVE, SAN FRANCISCO, CA, 94112",Oceanview,11.0,POINT (-122.45364844 37.71784312),Phone,
3641910,05/14/2014 12:44:44 PM,05/15/2014 09:14:43 AM,05/15/2014 09:14:43 AM,Closed,SFMTA - Parking Enforcement - G,General Request - MTA,complaint,parking_enforcement - complaint,Not associated with a specific address,,,POINT (0 0),Web,
3641908,05/14/2014 12:44:18 PM,06/02/2020 02:01:24 PM,06/02/2020 02:01:24 PM,Closed,DPW Ops Queue,Residential Building Request,Building - General_Maintenance_Not_in_List_Above,General_Maintenance_Not_in_List_Above,Intersection of KEITH ST and UNDERWOOD AVE,Bayview,10.0,POINT (-122.38998413 37.72872925),Web,
3641907,05/14/2014 12:44:12 PM,06/24/2014 11:22:57 AM,06/24/2014 11:22:57 AM,Closed,SFMTA - Parking Enforcement - G,General Request - MTA,complaint,parking_enforcement - complaint,Not associated with a specific address,,,POINT (0 0),Web,
3641905,05/14/2014 12:43:42 PM,05/18/2014 01:20:42 AM,05/18/2014 01:20:42 AM,Closed,DPW Ops Queue,Graffiti,Graffiti on Building_commercial,Building_commercial - Not_Offensive,Intersection of GEARY BLVD and PALM AVE,Laurel Heights / Jordan Park,2.0,POINT (-122.45773384 37.78131227),Phone,
3641903,05/14/2014 12:43:37 PM,06/06/2014 10:38:29 AM,06/06/2014 10:38:29 AM,Closed,Art Commission - G,General Request - ART COMMISSION,complaint,art_commission - complaint,Intersection of 3RD ST and CHINA BASIN ST,Mission Bay,6.0,POINT (-122.38954411 37.7720004),Phone,
3641895,05/14/2014 12:42:23 PM,05/14/2014 03:33:00 AM,05/14/2014 03:33:00 AM,Closed,DPW Ops Queue,Street and Sidewalk Cleaning,General Cleaning,Other Loose Garbage,Intersection of LEAVENWORTH ST and JACKSON ST,Nob Hill,3.0,POINT (-122.41647339 37.79477692),Phone,
3641894,05/14/2014 12:42:20 PM,05/15/2014 10:57:40 AM,05/15/2014 10:57:40 AM,Closed,SSP - MTA Feedback Queue,MUNI Feedback,MUNI  - Conduct_Inattentiveness_Negligence,201_Pass_Up_Did_Not_Wait_for_Transferee,Not associated with a specific address,,,POINT (0 0),Web,
3641891,05/14/2014 12:42:04 PM,05/15/2014 11:03:32 AM,05/15/2014 11:03:32 AM,Closed,SSP - MTA Feedback Queue,MUNI Feedback,MUNI  - Conduct_Discourteous_Insensitive_Inappropriate_Conduct,301_Discourtesy_to_Customer,Not associated with a specific address,,,POINT (0 0),Web,
3641886,05/14/2014 12:40:58 PM,05/19/2014 02:13:34 AM,05/19/2014 02:13:34 AM,Closed,DPW Ops Queue,Litter Receptacles,Cans_Left_Out_24x7,,"244 MULLEN AVE, SAN FRANCISCO, CA, 94110",Peralta Heights,9.0,POINT (-122.40732984 37.74674724),Phone,
3641884,05/14/2014 12:40:40 PM,05/15/2014 10:44:48 AM,05/15/2014 10:44:48 AM,Closed,MUNI Work Queue,MUNI Feedback,MUNI - Services_Service_Delivery_Facilities,601_Delay_No_Show,Intersection of DIAMOND ST and CHENERY ST,Glen Park,8.0,POINT (-122.43387604 37.73450851),Phone,
3641855,05/14/2014 12:33:00 PM,05/14/2014 12:59:50 PM,05/14/2014 12:59:50 PM,Closed,PUC - Water - G,General Request - PUC,request_for_service,water - request_for_service,"3184 MARKET ST, SAN FRANCISCO, CA, 94114",Eureka Valley,8.0,POINT (-122.44488782 37.75968402),Phone,
3641851,05/14/2014 12:32:03 PM,05/14/2014 02:15:00 AM,05/14/2014 02:15:00 AM,Closed,DPW Ops Queue,Street and Sidewalk Cleaning,Human or Animal Waste,Human or Animal Waste,"126 HYDE ST, SAN FRANCISCO, CA, 94102",Tenderloin,5.0,POINT (-122.41562147 37.78217294),Mobile/Open311,http://mobile311.sfgov.org/reports/3641851/photos
3641843,05/14/2014 12:29:32 PM,05/15/2014 10:59:25 AM,05/15/2014 10:59:25 AM,Closed,PUC Sewer Ops,Sewer Issues,Sewage_back_up,Outofsewervent4inch,"291 BRODERICK ST, SAN FRANCISCO, CA, 94117",Buena Vista,5.0,POINT (-122.43913749 37.77281296),Phone,
3641840,05/14/2014 12:28:52 PM,05/14/2014 01:14:38 PM,05/14/2014 01:14:38 PM,Closed,Recology_Abandoned,Street and Sidewalk Cleaning,Bulky Items,Mattress,Intersection of ALABAMA ST and PRECITA AVE,Bernal Heights,9.0,POINT (-122.41049688 37.74735245),Phone,
3641839,05/14/2014 12:28:41 PM,05/19/2014 06:00:00 AM,05/19/2014 06:00:00 AM,Closed,DPW Ops Queue,Litter Receptacles,Tipped_over,,Intersection of GOLDEN GATE AVE and GOUGH ST,Cathedral Hill,5.0,POINT (-122.42373222 37.78061115),Phone,http://mobile311.sfgov.org/reports/3641839/photos
3641834,05/14/2014 12:27:59 PM,05/14/2014 12:45:58 PM,05/14/2014 12:45:58 PM,Closed,Recology_Abandoned,Street and Sidewalk Cleaning,General Cleaning,Other Loose Garbage,"165 SOUTH VAN NESS AVE, SAN FRANCISCO, CA, 94103",South of Market,6.0,POINT (-122.417604 37.770903),Mobile/Open311,http://mobile311.sfgov.org/reports/3641834/photos
3641832,05/14/2014 12:27:49 PM,05/14/2014 02:22:26 PM,05/14/2014 02:22:26 PM,Closed,Recology_Overflowing,Street and Sidewalk Cleaning,Overflowing_City_Receptacle_or_Dumpster,Overflowing_City_Receptacle_or_Dumpster,Intersection of 22ND ST and TENNESSEE ST,Dogpatch,10.0,POINT (-122.38925078 37.75788327),Phone,
3641830,05/14/2014 12:27:16 PM,05/16/2014 03:03:46 AM,05/16/2014 03:03:46 AM,Closed,DPW Ops Queue,Tree Maintenance,Trees - Overgrown_Tree,Blocking_signs,Intersection of 39TH AVE and CLEMENT ST,Outer Richmond,1.0,POINT (-122.49987215 37.78132744),Phone,
3641823,05/14/2014 12:25:59 PM,05/14/2014 02:15:00 AM,05/14/2014 02:15:00 AM,Closed,DPW Ops Queue,Street and Sidewalk Cleaning,General Cleaning,Other Loose Garbage,"165 SOUTH VAN NESS AVE, SAN FRANCISCO, CA, 94103",South of Market,6.0,POINT (-122.417604 37.770903),Mobile/Open311,http://mobile311.sfgov.org/reports/3641823/photos
3641822,05/14/2014 12:24:38 PM,05/23/2014 12:00:00 PM,05/23/2014 12:00:00 PM,Closed,DPW BSM Queue,Street Defects,Pavement_Defect,Pavement_Defect,"3065 16TH ST, SAN FRANCISCO, CA, 94103",Mission,9.0,POINT (-122.42100525 37.76483154),Web,
3641821,05/14/2014 12:24:37 PM,05/14/2014 02:28:46 AM,05/14/2014 02:28:46 AM,Closed,DPW Ops Queue,Graffiti,Graffiti on Sidewalk_in_front_of_property,Sidewalk_in_front_of_property - Not_Offensive,"499 GUERRERO ST, SAN FRANCISCO, CA, 94110",Mission Dolores,9.0,POINT (-122.42388632 37.76317942),Phone,
3641820,05/14/2014 12:24:32 PM,05/16/2014 06:26:55 AM,05/16/2014 06:26:55 AM,Closed,DPT Abandoned Vehicles Work Queue,Abandoned Vehicle,Abandoned Vehicles,DPT Abandoned Vehicles Low,Intersection of MARKET ST and SHORT ST,Eureka Valley,8.0,POINT (-122.44329834 37.75767373),Mobile/Open311,http://mobile311.sfgov.org/reports/3641820/photos
3641817,05/14/2014 12:22:42 PM,05/14/2014 02:29:26 AM,05/14/2014 02:29:26 AM,Closed,DPW Ops Queue,Graffiti,Graffiti on Sidewalk_in_front_of_property,Sidewalk_in_front_of_property - Not_Offensive,"3530 18TH ST, SAN FRANCISCO, CA, 94110",Mission Dolores,9.0,POINT (-122.42230164 37.76171095),Phone,
3641816,05/14/2014 12:22:28 PM,05/16/2014 06:26:14 AM,05/16/2014 06:26:14 AM,Closed,DPT Abandoned Vehicles Work Queue,Abandoned Vehicle,Abandoned Vehicles,DPT Abandoned Vehicles Low,"35 SHORT ST, SAN FRANCISCO, CA, 94114",Eureka Valley,8.0,POINT (-122.44316784 37.7575387),Mobile/Open311,http://mobile311.sfgov.org/reports/3641816/photos
3641813,05/14/2014 12:21:36 PM,05/14/2014 02:02:24 PM,05/14/2014 02:02:24 PM,Closed,Recology_Abandoned,Street and Sidewalk Cleaning,Bulky Items,Refrigerator,Intersection of 21ST AVE and LINCOLN WAY,Outer Sunset,4.0,POINT (-122.47940063 37.76535034),Integrated Agency,
3641810,05/14/2014 12:20:47 PM,05/15/2014 05:36:18 AM,05/15/2014 05:36:18 AM,Closed,DPW Ops Queue,Graffiti,Graffiti on Signal_box,Signal_box - Not_Offensive,"501 DOLORES ST, SAN FRANCISCO, CA, 94110",Mission Dolores,8.0,POINT (-122.42598591 37.76141732),Phone,
3641809,05/14/2014 12:20:37 PM,05/20/2014 08:06:32 AM,05/20/2014 08:06:32 AM,Closed,DPT Abandoned Vehicles Work Queue,Abandoned Vehicle,Abandoned Vehicle - Other,yellow - Dodge Winnabego - Trace man 300 - 338RPR,"2258 BUSH ST, SAN FRANCISCO, CA, 94115",Lower Pacific Heights,5.0,POINT (-122.43443596 37.7869517),Phone,
3641807,05/14/2014 12:20:18 PM,05/23/2014 02:39:06 PM,05/23/2014 02:39:06 PM,Closed,PUC Streetlights Hold Queue,General Request - PUC,customer_callback,puco - customer_callback,"398 HAYES ST, SAN FRANCISCO, CA, 94102",Civic Center,5.0,POINT (-122.4229416 37.77694318),Phone,
3641800,05/14/2014 12:19:20 PM,05/14/2014 05:38:46 PM,05/14/2014 05:38:46 PM,Closed,311 Supervisor Queue,Encampments,Encampment items,Cart Pickup,"5811 MISSION ST, SAN FRANCISCO, CA, 94112",Crocker Amazon,11.0,POINT (-122.45066458 37.70942643),Phone,
3641789,05/14/2014 12:18:16 PM,05/14/2014 01:09:14 AM,05/14/2014 01:09:14 AM,Closed,DPW Ops Queue,Street and Sidewalk Cleaning,General Cleaning,Other Loose Garbage,"267 10TH AVE, SAN FRANCISCO, CA, 94118",Inner Richmond,1.0,POINT (-122.4688797 37.78330994),Phone,
3641782,05/14/2014 12:15:33 PM,05/14/2014 12:29:50 PM,05/14/2014 12:29:50 PM,Closed,PUC Sewer Ops,Sewer Issues,Sewage_back_up,Outofsewervent4inch,Intersection of RANDOLPH ST and HEAD ST,Merced Heights,11.0,POINT (-122.46440254 37.71429373),Phone,
3641779,05/14/2014 12:14:58 PM,05/22/2014 02:24:22 PM,05/22/2014 02:24:22 PM,Closed,DPT Meter_Bike Queue,Damaged Property,Damaged Parking_Meter,Parking_Meter,Intersection of CLEMENT ST and 7TH AVE,Inner Richmond,1.0,POINT (-122.46549361 37.782889),Phone,
3641775,05/14/2014 12:14:07 PM,05/17/2014 07:19:27 AM,05/17/2014 07:19:27 AM,Closed,DPW Ops Queue,Street and Sidewalk Cleaning,General Cleaning,Other Loose Garbage,"499 DOLORES ST, SAN FRANCISCO, CA, 94110",Mission Dolores,8.0,POINT (-122.42600335 37.76142253),Phone,
3641773,05/14/2014 12:13:48 PM,05/15/2014 03:09:39 AM,05/15/2014 03:09:39 AM,Closed,DPW Ops Queue,Street and Sidewalk Cleaning,General Cleaning,Other Loose Garbage,"3356 MARKET ST, SAN FRANCISCO, CA, 94114",Clarendon Heights,8.0,POINT (-122.44354796 37.75788614),Mobile/Open311,http://mobile311.sfgov.org/reports/3641773/photos
3641767,05/14/2014 12:12:20 PM,03/05/2024 03:03:40 PM,03/05/2024 03:03:40 PM,Closed,DPW BSSR Queue,Street Defects,Pavement_Defect,Pavement_Defect,"595 18TH AVE, SAN FRANCISCO, CA, 94121",Inner Richmond,1.0,POINT (-122.47704297 37.77676798),Phone,
3641766,05/14/2014 12:12:12 PM,05/15/2014 01:53:43 PM,05/15/2014 01:53:43 PM,Closed,TAXI Lost and Found High Queue,General Request - MTA,customer_callback,mta_other - customer_callback,Not associated with a specific address,,,POINT (0 0),Phone,
3641760,05/14/2014 12:10:49 PM,05/14/2014 02:24:50 AM,05/14/2014 02:24:50 AM,Closed,DPW Ops Queue,Street and Sidewalk Cleaning,General Cleaning,Other Loose Garbage,"599 DOLORES ST, SAN FRANCISCO, CA, 94110",Mission Dolores,8.0,POINT (-122.42583106 37.75984861),Phone,
3641753,05/14/2014 12:08:48 PM,05/14/2014 12:16:10 PM,05/14/2014 12:16:10 PM,Closed,Clear Channel - Transit Queue,Damaged Property,Damaged Transit_Shelter_Ad_Kiosk,Transit_Shelter_Ad_Kiosk,"1200 MARKET ST, SAN FRANCISCO, CA, 94102",Civic Center,5.0,POINT (-122.415123 37.778707),Mobile/Open311,http://mobile311.sfgov.org/reports/3641753/photos
3641750,05/14/2014 12:07:27 PM,05/22/2014 02:24:06 PM,05/22/2014 02:24:06 PM,Closed,DPT Meter_Bike Queue,Damaged Property,Damaged Parking_Meter,Parking_Meter,"1533 PINE ST, SAN FRANCISCO, CA, 94109",Lower Nob Hill,3.0,POINT (-122.42110443 37.78941727),Phone,
3641745,05/14/2014 12:06:32 PM,05/19/2014 03:07:14 PM,05/19/2014 03:07:14 PM,Closed,PUC Sewer Ops,Catch Basin Maintenance,Maintenance,Maintenance,"3548 18TH ST, SAN FRANCISCO, CA, 94110",Mission Dolores,9.0,POINT (-122.42261602 37.76169209),Phone,
3641742,05/14/2014 12:05:47 PM,05/14/2014 04:29:44 PM,05/14/2014 04:29:44 PM,Closed,Mayors Office of Neighborhood Services - G,General Request - MONS,other,mons - other,Not associated with a specific address,,,POINT (0 0),Web,
3641738,05/14/2014 12:04:25 PM,05/27/2014 08:19:56 AM,05/27/2014 08:19:56 AM,Closed,DPT - Traffic Signal - G,General Request - MTA,request_for_service,parking_traffic_other - request_for_service,Intersection of 20TH ST and DOLORES ST,Dolores Heights,8.0,POINT (-122.42576825 37.7582262),Phone,
3641728,05/14/2014 12:03:03 PM,05/15/2014 07:50:05 AM,05/15/2014 07:50:05 AM,Closed,DPW Ops Queue,Graffiti,Graffiti on Building_other,Building_other - Not_Offensive,"569 MINNA ST, SAN FRANCISCO, CA, 94103",South of Market,6.0,POINT (-122.40962219 37.77928162),Integrated Agency,
3641727,05/14/2014 12:03:01 PM,05/22/2014 09:40:04 AM,05/22/2014 09:40:04 AM,Closed,DPW Ops Queue,Graffiti,Graffiti on Building_other,Building_other - Not_Offensive,"498 14TH ST, SAN FRANCISCO, CA, 94103",Mission Dolores,9.0,POINT (-122.42417908 37.76815033),Integrated Agency,
3641726,05/14/2014 12:02:58 PM,05/15/2014 07:52:46 AM,05/15/2014 07:52:46 AM,Closed,DPW Ops Queue,Graffiti,Graffiti on Building_other,Building_other - Not_Offensive,"567 MINNA ST, SAN FRANCISCO, CA, 94103",South of Market,6.0,POINT (-122.40956879 37.77932358),Integrated Agency,
3641725,05/14/2014 12:02:56 PM,07/11/2014 10:48:39 AM,07/11/2014 10:48:39 AM,Closed,DPW Ops Queue,Graffiti,Graffiti on Building_other,Building_other - Not_Offensive,"1025 HOWARD ST, SAN FRANCISCO, CA, 94103",South of Market,6.0,POINT (-122.40770721 37.77910233),Integrated Agency,
3641721,05/14/2014 12:00:59 PM,05/14/2014 01:07:29 PM,05/14/2014 01:07:29 PM,Closed,Recology_Abandoned,Street and Sidewalk Cleaning,General Cleaning,Other Loose Garbage,Intersection of SUNNYDALE AVE and,Sunnydale,10.0,POINT (-122.423624 37.714023),Mobile/Open311,http://mobile311.sfgov.org/reports/3641721/photos
3641716,05/14/2014 11:59:54 AM,05/27/2014 11:44:13 AM,05/27/2014 11:44:13 AM,Closed,Animal Care and Control - G,General Request - ANIMAL CARE CONTROL,complaint,animal_care_control - complaint,Not associated with a specific address,,,POINT (0 0),Web,
3641708,05/14/2014 11:58:22 AM,05/14/2014 11:24:50 AM,05/14/2014 11:24:50 AM,Closed,DPW Ops Queue,Street and Sidewalk Cleaning,General Cleaning,Paper Spill,Intersection of NIANTIC AVE and SAINT CHARLES AVE,Merced Heights,7.0,POINT (-122.46927071 37.7086608),Phone,
3641706,05/14/2014 11:58:16 AM,02/23/2015 09:09:46 AM,02/23/2015 09:09:46 AM,Closed,DBI - Others - G,General Request - 311CUSTOMERSERVICECENTER,other,311CustomerServiceCenter - other,Not associated with a specific address,,,POINT (0 0),Web,
3641704,05/14/2014 11:57:47 AM,05/15/2014 10:31:49 AM,05/15/2014 10:31:49 AM,Closed,MUNI Work Queue,MUNI Feedback,MUNI - Conduct_Inattentiveness_Negligence,213_General_Distraction_from_Duty,Not associated with a specific address,,,POINT (0 0),Phone,
3641702,05/14/2014 11:57:16 AM,05/21/2014 09:32:32 AM,05/21/2014 09:32:32 AM,Closed,DPT - Bicycle - G,General Request - MTA,compliment,bicycle - compliment,Not associated with a specific address,,,POINT (0 0),Web,
3641701,05/14/2014 11:57:04 AM,05/16/2014 11:39:19 AM,05/16/2014 11:39:19 AM,Closed,SFMTA - Citations/Resident Parking Permits - G,General Request - MTA,request_for_service,parking_meter_cards - request_for_service,Not associated with a specific address,,,POINT (0 0),Web,
3641700,05/14/2014 11:57:01 AM,05/14/2014 11:25:29 AM,05/14/2014 11:25:29 AM,Closed,DPW Ops Queue,Street and Sidewalk Cleaning,General Cleaning,Paper Spill,"4035 ALEMANY BLVD, SAN FRANCISCO, CA, 94132",Merced Heights,7.0,POINT (-122.47040999 37.70989986),Phone,
3641685,05/14/2014 11:51:35 AM,05/14/2014 01:54:59 PM,05/14/2014 01:54:59 PM,Closed,Recology_Abandoned,Encampments,Encampment Reports,Storage,"1745 OAK ST, SAN FRANCISCO, CA, 94117",Haight Ashbury,5.0,POINT (-122.44804779 37.77172934),Phone,
3641680,05/14/2014 11:50:07 AM,05/15/2014 08:24:50 AM,05/15/2014 08:24:50 AM,Closed,DPW Ops Queue,Graffiti,Graffiti on Building_other,Building_other - Not_Offensive,"1077 MARKET ST, SAN FRANCISCO, CA, 94103",South of Market,6.0,POINT (-122.412143 37.780637),Mobile/Open311,http://mobile311.sfgov.org/reports/3641680/photos
3641679,05/14/2014 11:50:07 AM,05/22/2014 02:23:15 PM,05/22/2014 02:23:15 PM,Closed,DPT Meter_Bike Queue,Damaged Property,Damaged Parking_Meter,Parking_Meter,Intersection of SOUTH VAN NESS AVE and MISSION ST,South of Market,6.0,POINT (-122.41861725 37.77305222),Phone,
3641676,05/14/2014 11:49:41 AM,05/20/2014 12:38:00 PM,05/20/2014 12:38:00 PM,Closed,PUC Sewer Ops,Sewer Issues,Sewage_back_up,Outofsewervent4inch,"473 PRENTISS ST, SAN FRANCISCO, CA, 94110",Bernal Heights,9.0,POINT (-122.41209218 37.73739422),Mobile/Open311,
3641671,05/14/2014 11:47:57 AM,05/15/2014 10:55:18 AM,05/15/2014 10:55:18 AM,Closed,PUC Sewer Ops,Sewer Issues,Sewage_back_up,Outofsewervent4inch,"119 TURQUOISE WAY, SAN FRANCISCO, CA, 94131",Diamond Heights,8.0,POINT (-122.44456564 37.7435428),Phone,
3641667,05/14/2014 11:46:39 AM,05/14/2014 03:21:05 PM,05/14/2014 03:21:05 PM,Closed,PG and E - Streetlights Queue,Streetlights,Streetlight - Light_Burnt_Out,Light_Burnt_Out on Metal Pole,"947 COLUMBUS AVE, SAN FRANCISCO, CA, 94133",Russian Hill,3.0,POINT (-122.41456604 37.80314255),Mobile/Open311,
3641664,05/14/2014 11:46:11 AM,06/10/2014 04:51:37 AM,06/10/2014 04:51:37 AM,Closed,DPW Ops Queue,Litter Receptacles,Cans_Left_Out_24x7,,Intersection of HARKNESS AVE and SAN BRUNO AVE,Portola,10.0,POINT (-122.40013365 37.71790542),Phone,
3641663,05/14/2014 11:46:08 AM,05/14/2014 03:22:38 PM,05/14/2014 03:22:38 PM,Closed,PG and E - Streetlights Queue,Streetlights,Streetlight - Light_Burnt_Out,Light_Burnt_Out on Metal Pole,"947 COLUMBUS AVE, SAN FRANCISCO, CA, 94133",Russian Hill,3.0,POINT (-122.41456604 37.80314255),Mobile/Open311,
3641660,05/14/2014 11:45:23 AM,05/14/2014 03:19:40 PM,05/14/2014 03:19:40 PM,Closed,PG and E - Streetlights Queue,Streetlights,Streetlight - Light_Burnt_Out,Light_Burnt_Out on Metal Pole,"665 CHESTNUT ST, SAN FRANCISCO, CA, 94133",North Beach,3.0,POINT (-122.41439819 37.80345917),Mobile/Open311,
3641654,05/14/2014 11:44:28 AM,05/14/2014 03:06:43 PM,05/14/2014 03:06:43 PM,Closed,PG and E - Streetlights Queue,Streetlights,Streetlight - Light_Burnt_Out,Light_Burnt_Out on Metal Pole,Intersection of CHESTNUT ST and COLUMBUS AVE,Russian Hill,3.0,POINT (-122.41487885 37.80354309),Mobile/Open311,
3641651,05/14/2014 11:44:07 AM,05/15/2014 05:38:29 AM,05/15/2014 05:38:29 AM,Closed,DPW Ops Queue,Illegal Postings,Illegal Postings - Posted_on_Historic_Street_Light,Posted on Historic Street Light,"2029 MARKET ST, SAN FRANCISCO, CA, 94114",Mission Dolores,8.0,POINT (-122.42716544 37.76867229),Mobile/Open311,http://mobile311.sfgov.org/reports/3641651/photos
3641647,05/14/2014 11:43:19 AM,05/21/2014 03:42:14 AM,05/21/2014 03:42:14 AM,Closed,DPW BSSR Queue,Street Defects,Pavement_Defect,Pavement_Defect,"871 28TH AVE, SAN FRANCISCO, CA, 94121",Outer Richmond,1.0,POINT (-122.48757935 37.77299118),Web,
3641645,05/14/2014 11:42:55 AM,05/16/2014 11:22:23 AM,05/16/2014 11:22:23 AM,Closed,PUC Sewer Ops,Sewer Issues,Sewage_back_up,Outofsewervent4inch,Intersection of RANDOLPH ST and VICTORIA ST,Merced Heights,11.0,POINT (-122.46530141 37.71428698),Phone,
3641635,05/14/2014 11:39:32 AM,05/19/2014 01:33:52 PM,05/19/2014 01:33:52 PM,Closed,SFMTA - SFpark Queue,General Request - MTA,customer_callback,parking_meter_cards - customer_callback,Not associated with a specific address,,,POINT (0 0),Web,
3641632,05/14/2014 11:38:29 AM,05/14/2014 01:45:30 PM,05/14/2014 01:45:30 PM,Closed,Recology_Abandoned,Street and Sidewalk Cleaning,Bulky Items,Furniture,"515 NATOMA ST, SAN FRANCISCO, CA, 94103",South of Market,6.0,POINT (-122.408024 37.779806),Mobile/Open311,http://mobile311.sfgov.org/reports/3641632/photos
3641628,05/14/2014 11:37:15 AM,05/15/2014 01:08:56 AM,05/15/2014 01:08:56 AM,Closed,DPW Ops Queue,Litter Receptacles,Tipped_over,,Intersection of FULTON ST and OCTAVIA ST,Western Addition,5.0,POINT (-122.42500051 37.77853575),Phone,
3641624,05/14/2014 11:35:31 AM,05/14/2014 11:40:31 AM,05/14/2014 11:40:31 AM,Closed,Recology_Abandoned,Street and Sidewalk Cleaning,Bulky Items,Refrigerator,"517 MINNA ST, SAN FRANCISCO, CA, 94103",South of Market,6.0,POINT (-122.40859222 37.78009033),Integrated Agency,
3641623,05/14/2014 11:35:27 AM,05/14/2014 01:44:59 PM,05/14/2014 01:44:59 PM,Closed,Recology_Abandoned,Street and Sidewalk Cleaning,Bulky Items,Refrigerator,"517 MINNA ST, SAN FRANCISCO, CA, 94103",South of Market,6.0,POINT (-122.40859222 37.78009033),Integrated Agency,
3641622,05/14/2014 11:35:22 AM,05/14/2014 12:20:29 PM,05/14/2014 12:20:29 PM,Closed,Recology_Abandoned,Street and Sidewalk Cleaning,Bulky Items,Refrigerator,"1015 WASHINGTON ST, SAN FRANCISCO, CA, 94108",Nob Hill,3.0,POINT (-122.4101181 37.79458237),Integrated Agency,
3641621,05/14/2014 11:35:07 AM,05/14/2014 08:44:25 AM,05/14/2014 08:44:25 AM,Closed,DPW Ops Queue,Encampments,Encampment Reports,Encampment Cleanup,Intersection of MERLIN ST and HARRISON ST,South of Market,6.0,POINT (-122.40238566 37.77860344),Phone,
3641617,05/14/2014 11:33:39 AM,05/14/2014 08:45:00 AM,05/14/2014 08:45:00 AM,Closed,DPW Ops Queue,Street and Sidewalk Cleaning,Human or Animal Waste,Human or Animal Waste,Intersection of MERLIN ST and HARRISON ST,South of Market,6.0,POINT (-122.40238566 37.77860344),Phone,
3641616,05/14/2014 11:33:36 AM,05/15/2014 08:23:54 AM,05/15/2014 08:23:54 AM,Closed,DPW Ops Queue,Graffiti,Graffiti on Building_other,Building_other - Not_Offensive,Intersection of 7TH ST and CHARLES J BRENHAM PL,Civic Center,6.0,POINT (-122.412237 37.78046),Mobile/Open311,http://mobile311.sfgov.org/reports/3641616/photos
3641612,05/14/2014 11:33:06 AM,05/14/2014 02:10:42 PM,05/14/2014 02:10:42 PM,Closed,Recology_Abandoned,Street and Sidewalk Cleaning,Bulky Items,Furniture,"1023 MISSION ST, SAN FRANCISCO, CA, 94103",South of Market,6.0,POINT (-122.409052 37.779996),Mobile/Open311,http://mobile311.sfgov.org/reports/3641612/photos
3641610,05/14/2014 11:32:30 AM,11/05/2014 07:25:19 AM,11/05/2014 07:25:19 AM,Closed,SFFD Bureau of Fire Prevention Queue,Residential Building Request,Building - Fire_Hazard,Fire_Hazard,"1485 PINE ST, SAN FRANCISCO, CA, 94109",Lower Nob Hill,3.0,POINT (-122.42021179 37.78953171),Phone,
3641603,05/14/2014 11:30:35 AM,05/14/2014 02:39:46 PM,05/14/2014 02:39:46 PM,Closed,Recology_Abandoned,Street and Sidewalk Cleaning,General Cleaning,Other Loose Garbage,"15 BRUSH PL, SAN FRANCISCO, CA, 94103",South of Market,6.0,POINT (-122.40830994 37.77542114),Phone,
3641600,05/14/2014 11:29:24 AM,05/14/2014 03:05:50 PM,05/14/2014 03:05:50 PM,Closed,DPT Meter_Bike Queue,Damaged Property,Damaged Parking_Meter,Parking_Meter,Intersection of WEBSTER ST and SUTTER ST,Japantown,5.0,POINT (-122.4315532 37.78630399),Phone,
3641599,05/14/2014 11:29:08 AM,06/11/2014 07:21:50 AM,06/11/2014 07:21:50 AM,Closed,DPW Ops Queue,Tree Maintenance,Trees - Overgrown_Tree,Blocking_traffic_signal,"1348 DOLORES ST, SAN FRANCISCO, CA, 94110",Dolores Heights,8.0,POINT (-122.42500305 37.74794388),Phone,
3641595,05/14/2014 11:28:17 AM,05/23/2014 01:55:14 PM,05/23/2014 01:55:14 PM,Closed,SFMTA - Temporary Sign Request Printing Queue,Temporary Sign Request,Temporary Sign Request for Moving_residential_property,20 ft zone requested from 05/29/2014 to 05/29/2014,"50 LUCERNE ST, SAN FRANCISCO, CA, 94103",South of Market,6.0,POINT (-122.40142822 37.77336502),Phone,
3641590,05/14/2014 11:26:55 AM,05/14/2014 12:11:10 PM,05/14/2014 12:11:10 PM,Closed,PUC - Water - G,Sewer Issues,Water_leak,Water_main,"100 EDINBURGH ST, SAN FRANCISCO, CA, 94112",Excelsior,11.0,POINT (-122.42739829 37.72743662),Phone,
3641582,05/14/2014 11:23:21 AM,06/14/2014 11:00:09 AM,06/14/2014 11:00:09 AM,Closed,DPW Ops Queue,Graffiti,Graffiti on Building_other,Building_other - Offensive,"685 MINNA ST, SAN FRANCISCO, CA, 94103",South of Market,6.0,POINT (-122.412288 37.777273),Mobile/Open311,http://mobile311.sfgov.org/reports/3641582/photos
3641579,05/14/2014 11:22:17 AM,06/03/2014 11:07:06 AM,06/03/2014 11:07:06 AM,Closed,PUC Sewer Ops,General Request - PUBLIC WORKS,request_for_service,bssr - request_for_service,Intersection of GEARY BLVD and 25TH AVE,Outer Richmond,1.0,POINT (-122.48473173 37.78009171),Phone,
3641574,05/14/2014 11:18:26 AM,05/14/2014 11:55:14 AM,05/14/2014 11:55:14 AM,Closed,Recology_Abandoned,Street and Sidewalk Cleaning,Bulky Items,Furniture,"949 CAPP ST, SAN FRANCISCO, CA, 94110",Mission,9.0,POINT (-122.416969 37.751434),Mobile/Open311,
3641572,05/14/2014 11:17:37 AM,05/15/2014 09:28:15 AM,05/15/2014 09:28:15 AM,Closed,PUC Sewer Ops,Sewer Issues,Sewage_back_up,Out_of_manhole_cover,"255 BEACON ST, SAN FRANCISCO, CA, 94131",Fairmount,8.0,POINT (-122.43245447 37.74046769),Phone,
3641566,05/14/2014 11:15:23 AM,05/15/2014 10:20:45 AM,05/15/2014 10:20:45 AM,Closed,MUNI Work Queue,MUNI Feedback,MUNI - Conduct_Unsafe_Operation,108_General_Careless_Operation,Intersection of VAN NESS AVE and GEARY BLVD,Cathedral Hill,5.0,POINT (-122.42139435 37.78568649),Phone,
3641565,05/14/2014 11:14:56 AM,05/15/2014 04:39:13 PM,05/15/2014 04:39:13 PM,Closed,PUC Streetlights Queue,Streetlights,Streetlight - Other_Request_Light_Shield,Other_Request_Light_Shield on Metal Pole,Intersection of HAYES ST and MARKET ST,Civic Center,6.0,POINT (-122.416008 37.77777481),Mobile/Open311,http://mobile311.sfgov.org/reports/3641565/photos
3641563,05/14/2014 11:14:38 AM,05/14/2014 12:11:49 PM,05/14/2014 12:11:49 PM,Closed,311 Service Request Queue,Damaged Property,Damaged Traffic_Signal,Traffic_Signal,Intersection of 20TH ST and DOLORES ST,Dolores Heights,8.0,POINT (-122.42576825 37.7582262),Phone,
3641558,05/14/2014 11:13:47 AM,05/14/2014 11:40:25 AM,05/14/2014 11:40:25 AM,Closed,Recology_Abandoned,Street and Sidewalk Cleaning,Bulky Items,Furniture,Intersection of MARIPOSA ST and ALABAMA ST,Mission,9.0,POINT (-122.41217388 37.76291403),Phone,
3641557,05/14/2014 11:13:29 AM,05/15/2014 10:23:46 AM,05/15/2014 10:23:46 AM,Closed,SSP - MTA Feedback Queue,MUNI Feedback,MUNI  - Conduct_Discourteous_Insensitive_Inappropriate_Conduct,301_Discourtesy_to_Customer,Not associated with a specific address,,,POINT (0 0),Web,
3641554,05/14/2014 11:12:41 AM,05/19/2014 12:00:00 PM,05/19/2014 12:00:00 PM,Closed,DPW BSM Queue,Graffiti,Graffiti on Building_other,Building_other - Not_Offensive,"1275 MARKET ST, SAN FRANCISCO, CA, 94103",South of Market,6.0,POINT (-122.41599 37.777474),Mobile/Open311,http://mobile311.sfgov.org/reports/3641554/photos
3641546,05/14/2014 11:09:50 AM,05/14/2014 11:37:45 AM,05/14/2014 11:37:45 AM,Closed,Recology_Abandoned,Street and Sidewalk Cleaning,Bulky Items,Furniture,Intersection of 32ND AVE and KIRKHAM ST,Outer Sunset,4.0,POINT (-122.49079646 37.75921692),Phone,
3641540,05/14/2014 11:08:27 AM,05/14/2014 12:14:04 PM,05/14/2014 12:14:04 PM,Closed,PUC - Water - G,Sewer Issues,Water_leak,Other,"376 PROSPECT AVE, SAN FRANCISCO, CA, 94110",Bernal Heights,9.0,POINT (-122.42077328 37.7404719),Phone,
3641537,05/14/2014 11:07:58 AM,05/21/2014 09:24:15 AM,05/21/2014 09:24:15 AM,Closed,PUC Water Quality Queue,General Request - PUC,request_for_service,water_quality - request_for_service,"1044 CASTRO ST, SAN FRANCISCO, CA, 94114",Noe Valley,8.0,POINT (-122.43441772 37.75307465),Web,
3641534,05/14/2014 11:07:42 AM,05/15/2014 10:24:41 AM,05/15/2014 10:24:41 AM,Closed,MUNI Work Queue,MUNI Feedback,MUNI - Commendation,401_Employee_Commendation,Not associated with a specific address,,,POINT (0 0),Phone,
3641528,05/14/2014 11:06:03 AM,06/24/2014 11:15:57 AM,06/24/2014 11:15:57 AM,Closed,SFMTA - Parking Enforcement - G,General Request - MTA,complaint,parking_enforcement - complaint,Not associated with a specific address,,,POINT (0 0),Web,
3641525,05/14/2014 11:04:37 AM,05/14/2014 08:45:56 AM,05/14/2014 08:45:56 AM,Closed,DPW Ops Queue,Street and Sidewalk Cleaning,Hazardous Materials,Glass,Intersection of GRACE ST and MISSION ST,South of Market,6.0,POINT (-122.41394326 37.77437841),Phone,
3641524,05/14/2014 11:04:33 AM,05/20/2014 12:31:51 PM,05/20/2014 12:31:51 PM,Closed,PUC Sewer Ops,Street Defects,Pavement_Defect,Pavement_Defect,Intersection of DIVISADERO ST and BUSH ST,Lower Pacific Heights,2.0,POINT (-122.44006348 37.78617859),Integrated Agency,
3641523,05/14/2014 11:04:31 AM,05/14/2014 12:05:24 PM,05/14/2014 12:05:24 PM,Closed,Recology_Abandoned,Street and Sidewalk Cleaning,Bulky Items,Refrigerator,Intersection of 26TH AVE and JUDAH ST,Outer Sunset,4.0,POINT (-122.48449707 37.76137161),Integrated Agency,
3641522,05/14/2014 11:04:27 AM,05/14/2014 11:37:51 AM,05/14/2014 11:37:51 AM,Closed,Recology_Abandoned,Street and Sidewalk Cleaning,Bulky Items,Refrigerator,Intersection of ALABAMA ST and 19TH ST,Mission,9.0,POINT (-122.41170502 37.76038361),Integrated Agency,
3641517,05/14/2014 11:03:29 AM,05/20/2014 12:51:25 PM,05/20/2014 12:51:25 PM,Closed,PUC Sewer Ops,Sewer Issues,Sewage_back_up,Sewage_back_up Out_of_manhole_cover,"1044 CASTRO ST, SAN FRANCISCO, CA, 94114",Noe Valley,8.0,POINT (-122.43441772 37.75307465),Web,
3641513,05/14/2014 11:02:14 AM,05/19/2014 06:48:31 AM,05/19/2014 06:48:31 AM,Closed,DPW Ops Queue,Litter Receptacles,Recycling_top_issues,,Intersection of 8TH ST and MISSION ST,South of Market,6.0,POINT (-122.41299727 37.77750018),Mobile/Open311,http://mobile311.sfgov.org/reports/3641513/photos
3641506,05/14/2014 11:00:05 AM,05/17/2014 10:16:44 AM,05/17/2014 10:16:44 AM,Closed,311 Supervisor Queue,General Request - BUILDING INSPECTION,complaint,dbi_other - complaint,Not associated with a specific address,,,POINT (0 0),Web,
3641504,05/14/2014 10:58:58 AM,05/14/2014 11:33:45 AM,05/14/2014 11:33:45 AM,Closed,Recology_Abandoned,Street and Sidewalk Cleaning,General Cleaning,Other Loose Garbage,Intersection of SAN JOSE AVE and SADOWA ST,Oceanview,11.0,POINT (-122.45466535 37.71232957),Phone,
3641501,05/14/2014 10:58:38 AM,05/14/2014 02:39:47 PM,05/14/2014 02:39:47 PM,Closed,Recology_Abandoned,Street and Sidewalk Cleaning,Bulky Items,Mattress,"469 POTRERO AVE, SAN FRANCISCO, CA, 94110",Potrero Hill,10.0,POINT (-122.407192 37.763671),Mobile/Open311,http://mobile311.sfgov.org/reports/3641501/photos
3641488,05/14/2014 10:55:47 AM,05/17/2014 09:12:02 AM,05/17/2014 09:12:02 AM,Closed,DBI Housing Inspection Queue,Residential Building Request,Building - Mold_and_Mildew,Mold_and_Mildew,"108 WALNUT ST, SAN FRANCISCO, CA, 94118",Presidio Heights,2.0,POINT (-122.44895935 37.79027176),Phone,
3641484,05/14/2014 10:54:23 AM,05/14/2014 08:46:58 AM,05/14/2014 08:46:58 AM,Closed,DPW Ops Queue,Street and Sidewalk Cleaning,Human or Animal Waste,Human or Animal Waste,"116 TAYLOR ST, SAN FRANCISCO, CA, 94102",Tenderloin,5.0,POINT (-122.41073177 37.78339092),Phone,
3641482,05/14/2014 10:53:41 AM,05/15/2014 07:20:17 AM,05/15/2014 07:20:17 AM,Closed,DPW Ops Queue,Street and Sidewalk Cleaning,Hazardous Materials,Liquids - Oil/Paint/Other,"1689 GREENWICH ST, SAN FRANCISCO, CA, 94123",Union Street,2.0,POINT (-122.42740836 37.79997178),Phone,
3641477,05/14/2014 10:52:56 AM,05/14/2014 08:46:28 AM,05/14/2014 08:46:28 AM,Closed,DPW Ops Queue,Street and Sidewalk Cleaning,Human or Animal Waste,Human or Animal Waste,Intersection of EDDY ST and TAYLOR ST,Tenderloin,5.0,POINT (-122.41095179 37.78414001),Phone,
3641476,05/14/2014 10:52:44 AM,05/14/2014 11:22:00 AM,05/14/2014 11:22:00 AM,Closed,DPW Ops Queue,Graffiti,Graffiti on Mail_box,Mail_box - Not_Offensive,Not associated with a specific address,,,POINT (0 0),Web,
3641472,05/14/2014 10:52:06 AM,05/15/2014 10:26:10 AM,05/15/2014 10:26:10 AM,Closed,MUNI Work Queue,MUNI Feedback,MUNI - Conduct_Discourteous_Insensitive_Inappropriate_Conduct,306_General_Unprofessional_Conduct_Appearance,Intersection of 3RD ST and PALOU AVE,Bayview,10.0,POINT (-122.39096832 37.7340126),Phone,
3641469,05/14/2014 10:51:26 AM,05/14/2014 11:47:42 AM,05/14/2014 11:47:42 AM,Closed,Recology_Abandoned,Street and Sidewalk Cleaning,Bulky Items,Furniture,"1689 GREENWICH ST, SAN FRANCISCO, CA, 94123",Union Street,2.0,POINT (-122.42740836 37.79997178),Phone,
3641468,05/14/2014 10:51:18 AM,05/14/2014 11:25:22 AM,05/14/2014 11:25:22 AM,Closed,Recology_Abandoned,Street and Sidewalk Cleaning,Bulky Items,Electronics,Intersection of ORANGE ALY and 25TH ST,Mission,9.0,POINT (-122.41993341 37.75053935),Phone,
3641462,05/14/2014 10:49:50 AM,05/17/2014 10:06:17 AM,05/17/2014 10:06:17 AM,Closed,DBI Support Services Queue,General Request - BUILDING INSPECTION,request_for_service,dbi_other - request_for_service,Not associated with a specific address,,,POINT (0 0),Web,
3641457,05/14/2014 10:49:09 AM,05/14/2014 11:14:35 AM,05/14/2014 11:14:35 AM,Closed,Recology_Abandoned,Street and Sidewalk Cleaning,Bulky Items,Refrigerator,Intersection of BRYANT ST and 25TH ST,Mission,9.0,POINT (-122.40898132 37.75120163),Integrated Agency,
3641446,05/14/2014 10:48:01 AM,05/16/2014 07:28:53 AM,05/16/2014 07:28:53 AM,Closed,DPT Abandoned Vehicles Work Queue,Abandoned Vehicle,Abandoned Vehicle - Car4door,Gold - Toyota - Corolla - 3XCA827,"19 MANGELS AVE, SAN FRANCISCO, CA, 94131",Sunnyside,8.0,POINT (-122.43802643 37.73299408),Web,
3641445,05/14/2014 10:47:32 AM,05/14/2014 08:45:29 AM,05/14/2014 08:45:29 AM,Closed,DPW Ops Queue,Street and Sidewalk Cleaning,Human or Animal Waste,Human or Animal Waste,Intersection of TAYLOR ST and GOLDEN GATE AVE,Tenderloin,6.0,POINT (-122.41029352 37.78223059),Phone,
3641444,05/14/2014 10:47:26 AM,05/14/2014 07:20:58 AM,05/14/2014 07:20:58 AM,Closed,DPW Ops Queue,Encampments,Encampment Reports,Encampment Cleanup,Intersection of BEACH ST and TAYLOR ST,Fisherman's Wharf,3.0,POINT (-122.41561882 37.8072756),Phone,
3641443,05/14/2014 10:47:24 AM,05/19/2014 01:39:44 AM,05/19/2014 01:39:44 AM,Closed,DPW Ops Queue,Street Defects,Pavement_Defect,Pavement_Defect,"144 9TH AVE, SAN FRANCISCO, CA, 94118",Inner Richmond,1.0,POINT (-122.46776911 37.78569138),Phone,
3641439,05/14/2014 10:46:57 AM,05/14/2014 11:43:26 AM,05/14/2014 11:43:26 AM,Closed,Recology_Abandoned,Street and Sidewalk Cleaning,Bulky Items,Mattress,Intersection of 18TH AVE and KIRKHAM ST,Golden Gate Heights,7.0,POINT (-122.47579768 37.75987861),Phone,
3641438,05/14/2014 10:46:46 AM,05/20/2014 07:44:05 AM,05/20/2014 07:44:05 AM,Closed,DPT Abandoned Vehicles Work Queue,Abandoned Vehicle,Abandoned Vehicle - Car4door,Dark Brown - Honda -  - 4EFW394,"3535 QUINTARA ST, SAN FRANCISCO, CA, 94116",Outer Sunset,4.0,POINT (-122.50348663 37.74729538),Web,
3641432,05/14/2014 10:46:26 AM,05/15/2014 10:28:56 AM,05/15/2014 10:28:56 AM,Closed,SSP - MTA Feedback Queue,MUNI Feedback,MUNI  - Services_Service_Delivery_Facilities,605_Vehicle_Maintenance_Noise,Not associated with a specific address,,,POINT (0 0),Web,
3641429,05/14/2014 10:46:01 AM,05/14/2014 11:01:00 AM,05/14/2014 11:01:00 AM,Closed,Recology_Abandoned,Street and Sidewalk Cleaning,General Cleaning,Other Loose Garbage,Intersection of BEAVER ST and NOE ST,Duboce Triangle,8.0,POINT (-122.433166 37.765014),Mobile/Open311,http://mobile311.sfgov.org/reports/3641429/photos
3641428,05/14/2014 10:45:45 AM,05/14/2014 02:22:40 AM,05/14/2014 02:22:40 AM,Closed,DPW Ops Queue,Street and Sidewalk Cleaning,General Cleaning,Other Loose Garbage,Intersection of CALEDONIA ST and 15TH ST,Mission,9.0,POINT (-122.42153115 37.76656909),Phone,
3641426,05/14/2014 10:45:39 AM,05/14/2014 02:28:06 AM,05/14/2014 02:28:06 AM,Closed,DPW Ops Queue,Street and Sidewalk Cleaning,Human or Animal Waste,Human or Animal Waste,Intersection of BEAVER ST and NOE ST,Duboce Triangle,8.0,POINT (-122.433166 37.765014),Mobile/Open311,http://mobile311.sfgov.org/reports/3641426/photos
3641423,05/14/2014 10:44:53 AM,05/19/2014 11:27:16 AM,05/19/2014 11:27:16 AM,Closed,DPT - Other - G,General Request - MTA,request_for_service,parking_traffic_other - request_for_service,"23 KENWOOD WAY, SAN FRANCISCO, CA, 94127",Westwood Park,7.0,POINT (-122.46063995 37.72861481),Web,
3641420,05/14/2014 10:44:07 AM,05/14/2014 02:22:40 AM,05/14/2014 02:22:40 AM,Closed,DPW Ops Queue,Street and Sidewalk Cleaning,General Cleaning,Other Loose Garbage,Intersection of CALEDONIA ST and 15TH ST,Mission,9.0,POINT (-122.42153115 37.76656909),Phone,
3641419,05/14/2014 10:43:57 AM,05/14/2014 02:18:54 AM,05/14/2014 02:18:54 AM,Closed,DPW Ops Queue,Tree Maintenance,Trees - Damaged_Tree,Damage_vandalism,"950 GOUGH ST, SAN FRANCISCO, CA, 94109",Cathedral Hill,5.0,POINT (-122.42394875 37.78202227),Phone,http://mobile311.sfgov.org/reports/3641419/photos
3641417,05/14/2014 10:43:08 AM,05/14/2014 12:33:34 PM,05/14/2014 12:33:34 PM,Closed,Recology_Abandoned,Street and Sidewalk Cleaning,Bulky Items,Furniture,Intersection of OAK ST and OCTAVIA ST,Hayes Valley,5.0,POINT (-122.42411695 37.77469767),Mobile/Open311,http://mobile311.sfgov.org/reports/3641417/photos
3641416,05/14/2014 10:43:01 AM,06/06/2014 12:00:00 PM,06/06/2014 12:00:00 PM,Closed,DPW - Bureau of Urban Forestry - G,General Request - PUBLIC WORKS,customer_callback,buf - customer_callback,"2245 FRANKLIN ST, SAN FRANCISCO, CA, 94109",Pacific Heights,2.0,POINT (-122.42502616 37.79501406),Phone,
3641410,05/14/2014 10:41:32 AM,05/14/2014 01:04:41 PM,05/14/2014 01:04:41 PM,Closed,Recology_Abandoned,Street and Sidewalk Cleaning,Bulky Items,Electronics,"1180 STANYAN ST, SAN FRANCISCO, CA, 94117",Ashbury Heights,8.0,POINT (-122.45212848 37.7626711),Phone,
3641407,05/14/2014 10:41:14 AM,05/16/2014 07:33:45 AM,05/16/2014 07:33:45 AM,Closed,DPT Abandoned Vehicles Work Queue,Abandoned Vehicle,Abandoned Vehicle - Car4door,Red - Ford  - Escort - 4DHG566,"112 SARGENT ST, SAN FRANCISCO, CA, 94132",Merced Heights,11.0,POINT (-122.4636538 37.71618789),Phone,
3641406,05/14/2014 10:40:29 AM,05/16/2014 01:14:34 AM,05/16/2014 01:14:34 AM,Closed,DPW Ops Queue,Graffiti,Graffiti on Pole,Pole - Not_Offensive,Intersection of FAXON AVE and WILDWOOD WAY,Westwood Park,7.0,POINT (-122.45987735 37.72758476),Phone,
3641404,05/14/2014 10:38:46 AM,09/25/2014 09:08:21 PM,09/25/2014 09:08:21 PM,Closed,DPT Color Curb Queue,Color Curb,White_Fee Color Curb Request,White_Fee zone for Restaurant,Not associated with a specific address,,,POINT (0 0),Phone,
3641400,05/14/2014 10:38:42 AM,05/14/2014 10:45:56 AM,05/14/2014 10:45:56 AM,Closed,DPW Ops Queue,Tree Maintenance,Trees - Tree_Other,Other,"2245 FRANKLIN ST, SAN FRANCISCO, CA, 94109",Pacific Heights,2.0,POINT (-122.42502616 37.79501406),Phone,
3641393,05/14/2014 10:36:16 AM,05/15/2014 05:37:08 AM,05/15/2014 05:37:08 AM,Closed,DPW Ops Queue,Graffiti,Graffiti on Sidewalk_structure,Sidewalk_structure - Not_Offensive,Intersection of MULLEN AVE and BREWSTER ST,Peralta Heights,9.0,POINT (-122.40679541 37.74506379),Phone,
3641387,05/14/2014 10:35:04 AM,05/15/2014 05:36:43 AM,05/15/2014 05:36:43 AM,Closed,DPW Ops Queue,Graffiti,Graffiti on Sidewalk_structure,Sidewalk_structure - Not_Offensive,Intersection of FRANCONIA ST and BREWSTER ST,Bernal Heights,9.0,POINT (-122.40810456 37.74310327),Phone,
3641386,05/14/2014 10:34:35 AM,03/25/2017 05:26:32 AM,03/25/2017 05:26:32 AM,Closed,DPW BSM Queue,Sidewalk or Curb,Missing_Side_Sewer_Vent_Cover,Missing_Side_Sewer_Vent_Cover,Intersection of TARAVAL ST and 21ST AVE,Parkside,4.0,POINT (-122.47783828 37.74295331),Phone,
3641379,05/14/2014 10:33:03 AM,05/14/2014 11:48:37 AM,05/14/2014 11:48:37 AM,Closed,Recology_Abandoned,Street and Sidewalk Cleaning,Bulky Items,Furniture,"500 46TH AVE, SAN FRANCISCO, CA, 94121",Sutro Heights,1.0,POINT (-122.506966 37.77887),Mobile/Open311,
3641376,05/14/2014 10:32:06 AM,05/19/2014 11:26:49 AM,05/19/2014 11:26:49 AM,Closed,DPT - Other - G,General Request - MTA,followup_request,parking_traffic_other - followup_request,"23 KENWOOD WAY, SAN FRANCISCO, CA, 94127",Westwood Park,7.0,POINT (-122.46063995 37.72861481),Web,
3641374,05/14/2014 10:30:55 AM,06/06/2014 10:17:06 AM,06/06/2014 10:17:06 AM,Closed,DPW Ops Queue,Tree Maintenance,Trees - Overgrown_Tree,Pruning_request,Intersection of NORTON ST and ALEMANY BLVD,Mission Terrace,11.0,POINT (-122.43662137 37.72542019),Phone,
3641372,05/14/2014 10:30:41 AM,05/14/2014 12:19:42 PM,05/14/2014 12:19:42 PM,Closed,Recology_Abandoned,Street and Sidewalk Cleaning,General Cleaning,Other Loose Garbage,Intersection of ELM ST and GOUGH ST,Cathedral Hill,5.0,POINT (-122.4238983 37.78119986),Mobile/Open311,http://mobile311.sfgov.org/reports/3641372/photos
3641360,05/14/2014 10:28:41 AM,05/14/2014 11:29:54 AM,05/14/2014 11:29:54 AM,Closed,Recology_Abandoned,Street and Sidewalk Cleaning,General Cleaning,Other Loose Garbage,Intersection of 32ND AVE and CLEMENT ST,Outer Richmond,1.0,POINT (-122.49237823 37.78167725),Phone,
3641354,05/14/2014 10:27:50 AM,06/19/2014 01:28:35 AM,06/19/2014 01:28:35 AM,Closed,DPW Ops Queue,Graffiti,Graffiti on Building_commercial,Building_commercial - Offensive,"930 GOUGH ST, SAN FRANCISCO, CA, 94109",Cathedral Hill,2.0,POINT (-122.42403415 37.78194702),Mobile/Open311,http://mobile311.sfgov.org/reports/3641354/photos
3641352,05/14/2014 10:26:48 AM,05/14/2014 12:27:31 PM,05/14/2014 12:27:31 PM,Closed,Recology_Abandoned,Street and Sidewalk Cleaning,General Cleaning,Other Loose Garbage,"950 GOUGH ST, SAN FRANCISCO, CA, 94109",Cathedral Hill,2.0,POINT (-122.4240533 37.78197665),Mobile/Open311,http://mobile311.sfgov.org/reports/3641352/photos
3641346,05/14/2014 10:25:38 AM,05/14/2014 11:17:02 AM,05/14/2014 11:17:02 AM,Closed,DPW Ops Queue,Street and Sidewalk Cleaning,General Cleaning,Other Loose Garbage,"160 JERROLD AVE, SAN FRANCISCO, CA, 94124",Hunters Point,10.0,POINT (-122.3718054 37.7288769),Phone,
3641342,05/14/2014 10:24:57 AM,05/14/2014 02:18:54 AM,05/14/2014 02:18:54 AM,Closed,DPW Ops Queue,Graffiti,Graffiti on Other_enter_additional_details_below,Other_enter_additional_details_below - Offensive,"950 GOUGH ST, SAN FRANCISCO, CA, 94109",Cathedral Hill,2.0,POINT (-122.42398101 37.78204864),Mobile/Open311,http://mobile311.sfgov.org/reports/3641342/photos
3641338,05/14/2014 10:23:53 AM,05/15/2014 09:02:09 AM,05/15/2014 09:02:09 AM,Closed,PUC Sewer Ops,General Request - PUC,request_for_service,sewer - request_for_service,"1287 GENEVA AVE, SAN FRANCISCO, CA, 94112",Excelsior,11.0,POINT (-122.43469317 37.71365646),Phone,
3641334,05/14/2014 10:23:12 AM,05/15/2014 09:50:22 AM,05/15/2014 09:50:22 AM,Closed,SSP - MTA Feedback Queue,MUNI Feedback,MUNI  - Services_Service_Planning,701_Insufficient_Frequency,Not associated with a specific address,,,POINT (0 0),Web,
3641333,05/14/2014 10:23:09 AM,05/14/2014 02:26:55 AM,05/14/2014 02:26:55 AM,Closed,DPW Ops Queue,Street and Sidewalk Cleaning,Human or Animal Waste,Human or Animal Waste,"715 SHOTWELL ST, SAN FRANCISCO, CA, 94110",Mission,9.0,POINT (-122.41543579 37.75673676),Phone,
3641330,05/14/2014 10:21:19 AM,05/19/2014 07:32:57 AM,05/19/2014 07:32:57 AM,Closed,DPT Abandoned Vehicles Work Queue,Abandoned Vehicle,Abandoned Vehicle - SUV,Dark Blue - Land_Rover -  - 5YUB048,"63 VALLEY ST, SAN FRANCISCO, CA, 94110",Noe Valley,8.0,POINT (-122.42346954 37.7445488),Web,
3641327,05/14/2014 10:21:06 AM,05/15/2014 10:12:20 AM,05/15/2014 10:12:20 AM,Closed,SSP - MTA Feedback Queue,MUNI Feedback,MUNI  - Conduct_Discourteous_Insensitive_Inappropriate_Conduct,302_Altercation_Employee_Customer,Not associated with a specific address,,,POINT (0 0),Web,
3641326,05/14/2014 10:20:56 AM,05/16/2014 03:05:54 AM,05/16/2014 03:05:54 AM,Closed,DPW Ops Queue,Tree Maintenance,Trees - Overgrown_Tree,Blocking_sidewalk,"4622 CABRILLO ST, SAN FRANCISCO, CA, 94121",Outer Richmond,1.0,POINT (-122.50815116 37.77339906),Phone,
3641325,05/14/2014 10:20:50 AM,05/20/2014 07:40:50 AM,05/20/2014 07:40:50 AM,Closed,DPT Abandoned Vehicles Work Queue,Abandoned Vehicle,Abandoned Vehicle - Other,Gray - Dodge - Carvan - 6KSH163,"1754 32ND AVE, SAN FRANCISCO, CA, 94122",Outer Sunset,4.0,POINT (-122.49039251 37.75447149),Phone,
3641324,05/14/2014 10:20:43 AM,05/19/2014 09:00:00 AM,05/19/2014 09:00:00 AM,Closed,DPW Ops Queue,Graffiti,Graffiti on Sidewalk_structure,Sidewalk_structure - Offensive,"1610 POST ST, SAN FRANCISCO, CA, 94115",Japantown,5.0,POINT (-122.42842927 37.78588135),Mobile/Open311,http://mobile311.sfgov.org/reports/3641324/photos
3641319,05/14/2014 10:19:28 AM,05/17/2014 02:04:37 AM,05/17/2014 02:04:37 AM,Closed,DPW Ops Queue,Graffiti,Graffiti on Sidewalk_structure,Sidewalk_structure - Offensive,Intersection of GREENWICH ST and SANSOME ST,Northern Waterfront,3.0,POINT (-122.40316217 37.80309873),Phone,
3641315,05/14/2014 10:17:25 AM,05/16/2014 09:00:00 AM,05/16/2014 09:00:00 AM,Closed,DPW Ops Queue,Graffiti,Graffiti on Pole,Pole - Not_Offensive,"1850 POST ST, SAN FRANCISCO, CA, 94115",Japantown,5.0,POINT (-122.43247696 37.78524241),Mobile/Open311,http://mobile311.sfgov.org/reports/3641315/photos
3641313,05/14/2014 10:16:48 AM,05/14/2014 08:47:29 AM,05/14/2014 08:47:29 AM,Closed,DPW Ops Queue,Encampments,Encampment Reports,Encampment Cleanup,"160 SOUTH VAN NESS AVE, SAN FRANCISCO, CA, 94103",South of Market,6.0,POINT (-122.41822052 37.77101517),Phone,http://mobile311.sfgov.org/reports/3641313/photos
3641310,05/14/2014 10:16:29 AM,07/09/2014 05:08:33 PM,07/09/2014 05:08:33 PM,Closed,PUC Streetlights Queue,Streetlights,Streetlight - Light_Burnt_Out,Light_Burnt_Out on Unknown Pole,"300 GREENWICH ST, SAN FRANCISCO, CA, 94133",Telegraph Hill,3.0,POINT (-122.40505219 37.80304337),Phone,
3641309,05/14/2014 10:16:28 AM,05/15/2014 10:27:24 AM,05/15/2014 10:27:24 AM,Closed,RecPark Work Queue,Sign Repair,Sign - Defaced,Other - Defaced; support - OK,Intersection of EXCELSIOR AVE and,Excelsior,11.0,POINT (-122.42499537 37.72227088),Mobile/Open311,http://mobile311.sfgov.org/reports/3641309/photos
3641306,05/14/2014 10:15:18 AM,05/16/2014 09:00:00 AM,05/16/2014 09:00:00 AM,Closed,DPW Ops Queue,Graffiti,Graffiti on Signal_box,Signal_box - Not_Offensive,Intersection of POST ST and STEINER ST,Lower Pacific Heights,5.0,POINT (-122.43473375 37.78492469),Mobile/Open311,http://mobile311.sfgov.org/reports/3641306/photos
3641304,05/14/2014 10:14:29 AM,05/14/2014 02:05:58 PM,05/14/2014 02:05:58 PM,Closed,Recology_Abandoned,Street and Sidewalk Cleaning,General Cleaning,Other Loose Garbage,"90 NATOMA ST, SAN FRANCISCO, CA, 94105",South of Market,6.0,POINT (-122.39856657 37.78746881),Phone,
3641295,05/14/2014 10:13:02 AM,06/27/2014 11:55:47 AM,06/27/2014 11:55:47 AM,Closed,DPT SignShop Surveyed - Area 1 Queue,Sign Repair,Sign - Defaced,Other - Defaced; support - OK,Intersection of GEARY BLVD and STEINER ST,Western Addition,5.0,POINT (-122.43452811 37.78427445),Mobile/Open311,http://mobile311.sfgov.org/reports/3641295/photos
3641293,05/14/2014 10:12:20 AM,05/19/2014 09:00:00 AM,05/19/2014 09:00:00 AM,Closed,DPW Ops Queue,Graffiti,Graffiti on Street,Street - Offensive,Intersection of GEARY BLVD and STEINER ST,Western Addition,5.0,POINT (-122.43453314 37.7842957),Mobile/Open311,http://mobile311.sfgov.org/reports/3641293/photos
3641290,05/14/2014 10:11:13 AM,09/10/2014 12:06:18 PM,09/10/2014 12:06:18 PM,Closed,DPT SignShop Surveyed - Area 1 Queue,Sign Repair,Sign - Defaced,Other - Defaced; support - OK,Intersection of GEARY BLVD and STEINER ST,Western Addition,5.0,POINT (-122.43447522 37.78423393),Mobile/Open311,http://mobile311.sfgov.org/reports/3641290/photos
3641288,05/14/2014 10:10:24 AM,05/14/2014 10:33:36 AM,05/14/2014 10:33:36 AM,Closed,Recology_Abandoned,Street and Sidewalk Cleaning,General Cleaning,Other Loose Garbage,Intersection of ALABAMA ST and 25TH ST,Mission,9.0,POINT (-122.41081238 37.751091),Phone,
3641286,05/14/2014 10:08:52 AM,05/14/2014 11:24:21 AM,05/14/2014 11:24:21 AM,Closed,DPW Ops Queue,Street and Sidewalk Cleaning,General Cleaning,Other Loose Garbage,Intersection of ALEMANY BLVD and BRIGHT ST,Merced Heights,7.0,POINT (-122.46347445 37.7113617),Phone,
3641284,05/14/2014 10:08:18 AM,08/07/2014 09:07:18 AM,08/07/2014 09:07:18 AM,Closed,PUC Sewer Ops,Sewer Issues,Sewage_back_up,Outofsewervent4inch,"1339 BRUSSELS ST, SAN FRANCISCO, CA, 94134",Portola,10.0,POINT (-122.40075684 37.71582031),Phone,
3641282,05/14/2014 10:07:47 AM,05/22/2014 08:02:39 AM,05/22/2014 08:02:39 AM,Closed,DPT Abandoned Vehicles Work Queue,Abandoned Vehicle,Abandoned Vehicle - Other,WHITE - Ford - ECONOLINE VAN 150 - 8C45865,"30 STANFORD HEIGHTS AVE, SAN FRANCISCO, CA, 94127",Miraloma Park,7.0,POINT (-122.44972992 37.73442078),Web,
3641280,05/14/2014 10:07:20 AM,06/05/2014 09:16:00 AM,06/05/2014 09:16:00 AM,Closed,DPW BSM Queue,Graffiti,Graffiti on Pay_phone,Pay_phone - Not_Offensive,"1550 STEINER ST, SAN FRANCISCO, CA, 94115",Western Addition,5.0,POINT (-122.43445961 37.7835531),Mobile/Open311,http://mobile311.sfgov.org/reports/3641280/photos
3641279,05/14/2014 10:07:13 AM,05/23/2014 04:09:54 PM,05/23/2014 04:09:54 PM,Closed,PUC Sewer Ops,Sewer Issues,Sewage_back_up,Outofsewervent4inch,"173 GRANVILLE WAY, SAN FRANCISCO, CA, 94127",Laguna Honda,7.0,POINT (-122.46186829 37.74195099),Phone,
3641275,05/14/2014 10:05:19 AM,11/03/2014 10:46:26 AM,11/03/2014 10:46:26 AM,Closed,RPD Park Service Area 3 Queue,Graffiti,Graffiti on Other_enter_additional_details_below,Other_enter_additional_details_below - Offensive,"John McLaren Park, , SAN FRANCISCO, CA, 94134",McLaren Park,10.0,POINT (-122.42215927 37.71928143),Mobile/Open311,http://mobile311.sfgov.org/reports/3641275/photos
3641271,05/14/2014 10:04:33 AM,05/15/2014 12:00:00 PM,05/15/2014 12:00:00 PM,Closed,DPW BSM Queue,Blocked Street or SideWalk,Blocked_Parking_Space_or_Strip,Construction_equipment blocking parking space,"949 FELL ST, SAN FRANCISCO, CA, 94117",Lower Haight,5.0,POINT (-122.43344453 37.7745299),Phone,
3641261,05/14/2014 10:02:38 AM,05/14/2014 10:24:35 AM,05/14/2014 10:24:35 AM,Closed,Recology_Abandoned,Street and Sidewalk Cleaning,Bulky Items,Refrigerator,"2256 BRYANT ST, SAN FRANCISCO, CA, 94110",Mission,9.0,POINT (-122.40970612 37.75846481),Integrated Agency,
3641258,05/14/2014 10:01:13 AM,05/22/2014 02:22:45 PM,05/22/2014 02:22:45 PM,Closed,DPT Meter_Bike Queue,Damaged Property,Damaged Parking_Meter,Parking_Meter,Intersection of CEDAR ST and POLK ST,Lower Nob Hill,3.0,POINT (-122.41983494 37.78635804),Phone,
3641252,05/14/2014 09:58:57 AM,05/15/2014 10:13:11 AM,05/15/2014 10:13:11 AM,Closed,MUNI Work Queue,MUNI Feedback,MUNI - Conduct_Inattentiveness_Negligence,202_Ignored_Stop_Request,Not associated with a specific address,,,POINT (0 0),Phone,
3641249,05/14/2014 09:58:51 AM,05/14/2014 12:53:53 PM,05/14/2014 12:53:53 PM,Closed,Recology_Abandoned,Street and Sidewalk Cleaning,Bulky Items,Mattress,Intersection of NEWHALL ST and EVANS AVE,Bayview,10.0,POINT (-122.38655575 37.74195042),Phone,
3641248,05/14/2014 09:58:41 AM,05/16/2014 12:00:00 PM,05/16/2014 12:00:00 PM,Closed,DPW BSM Queue,Sidewalk or Curb,Sidewalk_Defect,Lifted_sidewalk_tree_roots,Intersection of PRENTISS ST and JARBOE AVE,Bernal Heights,9.0,POINT (-122.41212463 37.7382431),Web,
3641242,05/14/2014 09:55:21 AM,05/14/2014 10:12:34 AM,05/14/2014 10:12:34 AM,Closed,Recology_Abandoned,Street and Sidewalk Cleaning,Bulky Items,Mattress,"538 STEINER ST, SAN FRANCISCO, CA, 94117",Lower Haight,5.0,POINT (-122.43259725 37.77405235),Mobile/Open311,http://mobile311.sfgov.org/reports/3641242/photos
3641239,05/14/2014 09:54:38 AM,05/14/2014 10:13:55 AM,05/14/2014 10:13:55 AM,Closed,Recology_Abandoned,Street and Sidewalk Cleaning,General Cleaning,Other Loose Garbage,"535 HAIGHT ST, SAN FRANCISCO, CA, 94117",Lower Haight,5.0,POINT (-122.43101451 37.77197663),Phone,
3641236,05/14/2014 09:54:00 AM,05/14/2014 01:36:43 PM,05/14/2014 01:36:43 PM,Closed,Recology_Abandoned,General Request - PUBLIC WORKS,request_for_service,bses - request_for_service,Intersection of JULIAN AVE and 14TH ST,Mission,9.0,POINT (-122.42121124 37.76819992),Web,
3641230,05/14/2014 09:53:17 AM,05/15/2014 10:15:04 AM,05/15/2014 10:15:04 AM,Closed,SSP - MTA Feedback Queue,MUNI Feedback,MUNI  - Services_Service_Delivery_Facilities,606_Lift_Bike_Rack_Securements_Defective,Not associated with a specific address,,,POINT (0 0),Web,
3641229,05/14/2014 09:52:47 AM,05/14/2014 10:13:03 AM,05/14/2014 10:13:03 AM,Closed,Recology_Abandoned,Street and Sidewalk Cleaning,Bulky Items,Furniture,Intersection of WEBSTER ST and LAUSSAT ST,Lower Haight,5.0,POINT (-122.42870994 37.77184955),Phone,
3641220,05/14/2014 09:51:01 AM,05/15/2014 10:18:28 AM,05/15/2014 10:18:28 AM,Closed,SSP - MTA Feedback Queue,MUNI Feedback,MUNI  -,,Not associated with a specific address,,,POINT (0 0),Web,
3641216,05/14/2014 09:49:07 AM,05/14/2014 11:32:32 AM,05/14/2014 11:32:32 AM,Closed,Recology_Abandoned,Street and Sidewalk Cleaning,Bulky Items,Refrigerator,Intersection of CLAY ST and POWELL ST,Nob Hill,3.0,POINT (-122.40953827 37.79385376),Integrated Agency,
3641210,05/14/2014 09:47:34 AM,05/14/2014 02:40:02 PM,05/14/2014 02:40:02 PM,Closed,Recology_Abandoned,Street and Sidewalk Cleaning,Bulky Items,Furniture,"188 SHIPLEY ST, SAN FRANCISCO, CA, 94107",South of Market,6.0,POINT (-122.40261078 37.78009033),Phone,
3641207,05/14/2014 09:46:49 AM,05/15/2014 09:58:14 AM,05/15/2014 09:58:14 AM,Closed,PUC Sewer Ops,Sewer Issues,Sewage_back_up,Outofsewervent4inch,"1591 18TH AVE, SAN FRANCISCO, CA, 94122",Golden Gate Heights,7.0,POINT (-122.47574983 37.75820926),Phone,
3641203,05/14/2014 09:46:10 AM,05/14/2014 11:23:50 AM,05/14/2014 11:23:50 AM,Closed,DPW Ops Queue,Street and Sidewalk Cleaning,General Cleaning,Other Loose Garbage,"2395 27TH AVE, SAN FRANCISCO, CA, 94116",Parkside,4.0,POINT (-122.48442256 37.74279145),Mobile/Open311,http://mobile311.sfgov.org/reports/3641203/photos
3641195,05/14/2014 09:44:37 AM,03/07/2022 05:30:29 PM,03/07/2022 05:30:29 PM,Closed,DPW BSSR Queue,Street Defects,Pavement_Defect,Pavement_Defect,"267 4TH AVE, SAN FRANCISCO, CA, 94118",Inner Richmond,1.0,POINT (-122.46239563 37.78366305),Phone,
3641188,05/14/2014 09:41:49 AM,05/13/2014 01:40:00 AM,05/13/2014 01:40:00 AM,Closed,DPW Ops Queue,Street and Sidewalk Cleaning,Human or Animal Waste,Human or Animal Waste,Intersection of VARNEY PL and JACK LONDON ALY,South Beach,6.0,POINT (-122.39352027 37.7812321),Phone,
3641187,05/14/2014 09:41:29 AM,05/21/2014 12:41:06 PM,05/21/2014 12:41:06 PM,Closed,DPW Ops Queue,Graffiti,Graffiti on Building_other,Building_other - Offensive,Intersection of GERMANIA ST and STEINER ST,Duboce Triangle,5.0,POINT (-122.4318115 37.77054449),Mobile/Open311,http://mobile311.sfgov.org/reports/3641187/photos
3641182,05/14/2014 09:38:08 AM,05/14/2014 10:01:34 AM,05/14/2014 10:01:34 AM,Closed,Recology_Abandoned,Street and Sidewalk Cleaning,General Cleaning,Other Loose Garbage,"601 HAIGHT ST, SAN FRANCISCO, CA, 94117",Lower Haight,5.0,POINT (-122.43208009 37.77181991),Mobile/Open311,http://mobile311.sfgov.org/reports/3641182/photos
3641177,05/14/2014 09:35:33 AM,05/14/2014 10:30:49 AM,05/14/2014 10:30:49 AM,Closed,Recology_Abandoned,Street and Sidewalk Cleaning,Bulky Items,Refrigerator,"2976 FOLSOM ST, SAN FRANCISCO, CA, 94110",Mission,9.0,POINT (-122.41400909 37.74967957),Integrated Agency,
3641176,05/14/2014 09:35:30 AM,05/14/2014 10:54:33 AM,05/14/2014 10:54:33 AM,Closed,Recology_Abandoned,Street and Sidewalk Cleaning,Bulky Items,Refrigerator,"1016 CLAY ST, SAN FRANCISCO, CA, 94108",Nob Hill,3.0,POINT (-122.40996552 37.79391098),Integrated Agency,
3641174,05/14/2014 09:34:15 AM,05/14/2014 02:48:04 PM,05/14/2014 02:48:04 PM,Closed,Recology_Abandoned,Street and Sidewalk Cleaning,General Cleaning,Other Loose Garbage,"1048 FOLSOM ST, SAN FRANCISCO, CA, 94103",South of Market,6.0,POINT (-122.40668183 37.77782012),Mobile/Open311,http://mobile311.sfgov.org/reports/3641174/photos
3641171,05/14/2014 09:32:37 AM,05/15/2014 07:15:28 AM,05/15/2014 07:15:28 AM,Closed,DPW Ops Queue,Graffiti,Graffiti on Sidewalk_structure,Sidewalk_structure - Not_Offensive,"542 FAXON AVE, SAN FRANCISCO, CA, 94112",Ingleside,11.0,POINT (-122.46016306 37.72412433),Phone,
3641168,05/14/2014 09:32:20 AM,05/27/2014 11:44:57 AM,05/27/2014 11:44:57 AM,Closed,Animal Care and Control - G,General Request - ANIMAL CARE CONTROL,request_for_service,animal_care_control - request_for_service,"3251 20TH AVE, SAN FRANCISCO, CA, 94132",Stonestown,7.0,POINT (-122.41848828 37.77482644),Phone,
3641164,05/14/2014 09:31:20 AM,05/14/2014 01:09:10 PM,05/14/2014 01:09:10 PM,Closed,Recology_Abandoned,Encampments,Encampment Reports,Encampment Cleanup,Intersection of ABBEY ST and CHULA LN,Mission Dolores,8.0,POINT (-122.42714952 37.76382391),Mobile/Open311,http://mobile311.sfgov.org/reports/3641164/photos
3641153,05/14/2014 09:25:50 AM,05/14/2014 12:42:27 PM,05/14/2014 12:42:27 PM,Closed,Recology_Abandoned,Street and Sidewalk Cleaning,General Cleaning,Other Loose Garbage,Intersection of 24TH ST and VICKSBURG ST,Noe Valley,8.0,POINT (-122.4285485 37.75163755),Phone,
3641149,05/14/2014 09:24:29 AM,05/20/2014 12:23:41 PM,05/20/2014 12:23:41 PM,Closed,PUC Sewer Ops,Sewer Issues,Odor,From_other_location,Intersection of 5TH ST and BERRY ST,Mission Bay,6.0,POINT (-122.39451248 37.77484646),Mobile/Open311,
3641148,05/14/2014 09:23:04 AM,05/14/2014 10:01:10 AM,05/14/2014 10:01:10 AM,Closed,Recology_Overflowing,Street and Sidewalk Cleaning,Overflowing_City_Receptacle_or_Dumpster,Overflowing_City_Receptacle_or_Dumpster,Intersection of FILLMORE ST and DUBOCE AVE,Duboce Triangle,8.0,POINT (-122.42990612 37.76940718),Phone,
3641144,05/14/2014 09:22:04 AM,05/19/2014 02:09:45 AM,05/19/2014 02:09:45 AM,Closed,DPW Ops Queue,Litter Receptacles,Cans_Left_Out_24x7,,"885 CLAYTON ST, SAN FRANCISCO, CA, 94117",Cole Valley,8.0,POINT (-122.44772466 37.76543416),Mobile/Open311,http://mobile311.sfgov.org/reports/3641144/photos
3641142,05/14/2014 09:21:34 AM,05/14/2014 09:46:39 AM,05/14/2014 09:46:39 AM,Closed,Recology_Abandoned,Street and Sidewalk Cleaning,Bulky Items,Refrigerator,Intersection of LILY ST and BUCHANAN ST,Lower Haight,5.0,POINT (-122.42745209 37.77392197),Integrated Agency,
3641141,05/14/2014 09:21:32 AM,05/16/2014 11:26:06 AM,05/16/2014 11:26:06 AM,Closed,PUC Sewer Ops,General Request - PUC,request_for_service,sewer - request_for_service,"766 BRUSSELS ST, SAN FRANCISCO, CA, 94134",Portola,9.0,POINT (-122.403862 37.72266769),Integrated Agency,
3641137,05/14/2014 09:20:41 AM,07/17/2014 10:36:10 AM,07/17/2014 10:36:10 AM,Closed,DPW Ops Queue,Graffiti,Graffiti on Building_residential,Building_residential - Offensive,"897 CLAYTON ST, SAN FRANCISCO, CA, 94117",Cole Valley,8.0,POINT (-122.44781284 37.76513987),Mobile/Open311,http://mobile311.sfgov.org/reports/3641137/photos
3641135,05/14/2014 09:19:52 AM,05/14/2014 10:59:57 AM,05/14/2014 10:59:57 AM,Closed,Recology_Abandoned,Street and Sidewalk Cleaning,General Cleaning,Other Loose Garbage,"376 7TH AVE, SAN FRANCISCO, CA, 94118",Inner Richmond,1.0,POINT (-122.46531657 37.78143058),Phone,
3641130,05/14/2014 09:19:00 AM,05/22/2014 02:22:17 PM,05/22/2014 02:22:17 PM,Closed,DPT Meter_Bike Queue,Damaged Property,Damaged Parking_Meter,Parking_Meter,Intersection of JACKSON ST and COLUMBUS AVE,Chinatown,3.0,POINT (-122.40441416 37.79630193),Phone,
3641125,05/14/2014 09:17:41 AM,05/15/2014 12:00:00 PM,05/15/2014 12:00:00 PM,Closed,DPW Ops Queue,Tree Maintenance,Trees - Damaged_Tree,damaged_vandalism,"960 COLE ST, SAN FRANCISCO, CA, 94117",Cole Valley,5.0,POINT (-122.44947472 37.76493309),Mobile/Open311,http://mobile311.sfgov.org/reports/3641125/photos
3641122,05/14/2014 09:16:39 AM,05/14/2014 11:54:59 AM,05/14/2014 11:54:59 AM,Closed,DPW Ops Queue,Graffiti,Graffiti on Other_enter_additional_details_below,Other_enter_additional_details_below - Offensive,"960 COLE ST, SAN FRANCISCO, CA, 94117",Cole Valley,8.0,POINT (-122.44937489 37.7649794),Mobile/Open311,http://mobile311.sfgov.org/reports/3641122/photos
3641118,05/14/2014 09:15:52 AM,06/10/2014 12:25:27 PM,06/10/2014 12:25:27 PM,Closed,DPW Ops Queue,Graffiti,Graffiti on Building_commercial,Building_commercial - Offensive,"960 COLE ST, SAN FRANCISCO, CA, 94117",Cole Valley,8.0,POINT (-122.44938319 37.76501598),Mobile/Open311,http://mobile311.sfgov.org/reports/3641118/photos
3641110,05/14/2014 09:14:18 AM,05/14/2014 09:43:55 AM,05/14/2014 09:43:55 AM,Closed,Recology_Overflowing,Street and Sidewalk Cleaning,Overflowing_City_Receptacle_or_Dumpster,Overflowing_City_Receptacle_or_Dumpster,Intersection of SCOTT ST and WALLER ST,Duboce Triangle,5.0,POINT (-122.43518526 37.77054576),Phone,
3641103,05/14/2014 09:13:09 AM,05/14/2014 09:36:00 AM,05/14/2014 09:36:00 AM,Closed,Recology_Abandoned,Street and Sidewalk Cleaning,Bulky Items,Mattress,Intersection of ABBEY ST and CHULA LN,Mission Dolores,8.0,POINT (-122.427297 37.763746),Mobile/Open311,http://mobile311.sfgov.org/reports/3641103/photos
3641099,05/14/2014 09:12:13 AM,05/14/2014 12:11:40 PM,05/14/2014 12:11:40 PM,Closed,SFMTA - Temporary Sign Request Queue,Temporary Sign Request,Temporary Sign Request for Moving_residential_property,60 ft zone requested from 05/19/2014 to 05/20/2014,"1350 FILBERT ST, SAN FRANCISCO, CA, 94109",Russian Hill,3.0,POINT (-122.42169952 37.79990768),Web,
3641094,05/14/2014 09:11:43 AM,05/14/2014 10:40:03 AM,05/14/2014 10:40:03 AM,Closed,Recology_Abandoned,Street and Sidewalk Cleaning,Bulky Items,Mattress,"1040 BUSH ST, SAN FRANCISCO, CA, 94109",Lower Nob Hill,3.0,POINT (-122.41441942 37.78949516),Phone,
3641092,05/14/2014 09:11:39 AM,05/20/2014 07:39:06 AM,05/20/2014 07:39:06 AM,Closed,DPT Abandoned Vehicles Work Queue,Abandoned Vehicle,Abandoned Vehicle - Other,WHITE - VAN - VAN - 4E82102,"345 SANTIAGO ST, SAN FRANCISCO, CA, 94116",Golden Gate Heights,7.0,POINT (-122.47119141 37.74498367),Phone,
3641090,05/14/2014 09:10:46 AM,05/16/2014 03:28:24 PM,05/16/2014 03:28:24 PM,Closed,PUC Sewer Ops,Sewer Issues,Sewage_back_up,Outofsewervent4inch,"828 QUINTARA ST, SAN FRANCISCO, CA, 94116",Golden Gate Heights,7.0,POINT (-122.47427093 37.74877901),Phone,
3641089,05/14/2014 09:10:45 AM,05/14/2014 09:48:23 AM,05/14/2014 09:48:23 AM,Closed,Recology_Abandoned,Street and Sidewalk Cleaning,Bulky Items,Furniture,Intersection of WEBSTER ST and HAIGHT ST,Lower Haight,5.0,POINT (-122.42880162 37.77231502),Phone,
3641088,05/14/2014 09:10:45 AM,05/14/2014 11:04:03 AM,05/14/2014 11:04:03 AM,Closed,Recology_Abandoned,Street and Sidewalk Cleaning,General Cleaning,Other Loose Garbage,"428 15TH AVE, SAN FRANCISCO, CA, 94118",Inner Richmond,1.0,POINT (-122.47377014 37.77997208),Phone,
3641080,05/14/2014 09:08:33 AM,05/14/2014 09:53:41 AM,05/14/2014 09:53:41 AM,Closed,Recology_Abandoned,Encampments,Encampment items,Clothing,"459 HAIGHT ST, SAN FRANCISCO, CA, 94117",Lower Haight,5.0,POINT (-122.42974874 37.7721402),Phone,
3641077,05/14/2014 09:07:19 AM,05/15/2014 10:22:34 AM,05/15/2014 10:22:34 AM,Closed,PUC Sewer Ops,Sewer Issues,Sewage_back_up,Outofsewervent4inch,"2736 FILBERT ST, SAN FRANCISCO, CA, 94123",Cow Hollow,2.0,POINT (-122.44457946 37.79694296),Phone,
3641075,05/14/2014 09:06:37 AM,04/17/2015 10:06:16 PM,04/17/2015 10:06:16 PM,Closed,311 Service Request Queue - Hold,Street Defects,Pavement_Defect,Pavement_Defect,Intersection of BUSH ST and DIVISADERO ST,Lower Pacific Heights,2.0,POINT (-122.44038081 37.78614901),Mobile/Open311,
3641073,05/14/2014 09:06:31 AM,05/19/2014 02:01:56 AM,05/19/2014 02:01:56 AM,Closed,DPW Ops Queue,Litter Receptacles,Litter_Receptacle_Request_New_Removal,,"807 ALVARADO ST, SAN FRANCISCO, CA, 94114",Upper Market,8.0,POINT (-122.43867338 37.75317793),Mobile/Open311,
3641070,05/14/2014 09:04:40 AM,05/14/2014 10:04:18 AM,05/14/2014 10:04:18 AM,Closed,Recology_Abandoned,Street and Sidewalk Cleaning,Bulky Items,Furniture,"20 GERMANIA ST, SAN FRANCISCO, CA, 94117",Duboce Triangle,5.0,POINT (-122.42894873 37.77091718),Phone,
3641065,05/14/2014 09:03:50 AM,05/28/2014 12:00:00 PM,05/28/2014 12:00:00 PM,Closed,DPW Ops Queue,Graffiti,Graffiti on Building_other,Building_other - Not_Offensive,"2486 GEARY BLVD, SAN FRANCISCO, CA, 94115",Lower Pacific Heights,2.0,POINT (-122.44420624 37.78289413),Integrated Agency,
3641064,05/14/2014 09:03:48 AM,05/20/2014 12:31:41 PM,05/20/2014 12:31:41 PM,Closed,DPW Ops Queue,Graffiti,Graffiti on Building_other,Building_other - Not_Offensive,"2302 GEARY BLVD, SAN FRANCISCO, CA, 94115",Lower Pacific Heights,2.0,POINT (-122.44142151 37.78325272),Integrated Agency,
3641063,05/14/2014 09:03:45 AM,06/03/2014 11:49:04 AM,06/03/2014 11:49:04 AM,Closed,DPW Ops Queue,Graffiti,Graffiti on Building_other,Building_other - Not_Offensive,"1114 MARKET ST, SAN FRANCISCO, CA, 94102",Tenderloin,5.0,POINT (-122.41269684 37.78081131),Integrated Agency,
3641061,05/14/2014 09:03:08 AM,05/14/2014 09:32:31 AM,05/14/2014 09:32:31 AM,Closed,DPW Ops Queue,Street and Sidewalk Cleaning,General Cleaning,Other Loose Garbage,Intersection of 26TH ST and GUERRERO ST,Mission,8.0,POINT (-122.42256927 37.74877167),Phone,
3641054,05/14/2014 09:01:52 AM,05/19/2014 01:57:54 AM,05/19/2014 01:57:54 AM,Closed,DPW Ops Queue,Litter Receptacles,Cans_Left_Out_24x7,,"44 PARNASSUS AVE, SAN FRANCISCO, CA, 94117",Cole Valley,8.0,POINT (-122.44868103 37.76511363),Mobile/Open311,http://mobile311.sfgov.org/reports/3641054/photos
3641053,05/14/2014 09:01:36 AM,05/14/2014 09:33:01 AM,05/14/2014 09:33:01 AM,Closed,DPW - Bureau of Street Environmental Services - G,General Request - PUBLIC WORKS,request_for_service,bses - request_for_service,"2445 CLEMENT ST, SAN FRANCISCO, CA, 94121",Outer Richmond,1.0,POINT (-122.48561859 37.78181458),Web,
3641051,05/14/2014 08:59:41 AM,05/14/2014 01:11:11 PM,05/14/2014 01:11:11 PM,Closed,Recology_Abandoned,Blocked Street or SideWalk,Blocked_Sidewalk,Residential_totter blocking sidewalk,"105 CARL ST, SAN FRANCISCO, CA, 94117",Cole Valley,8.0,POINT (-122.44994259 37.76552594),Mobile/Open311,http://mobile311.sfgov.org/reports/3641051/photos
3641049,05/14/2014 08:59:05 AM,05/15/2014 09:34:53 AM,05/15/2014 09:34:53 AM,Closed,PUC Sewer Ops,Sewer Issues,Sewage_back_up,Outofsewervent4inch,"330 ALEMANY BLVD, SAN FRANCISCO, CA, 94110",Bernal Heights,9.0,POINT (-122.41182604 37.73434068),Phone,
3641046,05/14/2014 08:57:05 AM,05/14/2014 01:08:49 AM,05/14/2014 01:08:49 AM,Closed,DPW Ops Queue,Street and Sidewalk Cleaning,General Cleaning,Other Loose Garbage,Intersection of CLAYTON ST and PARNASSUS AVE,Cole Valley,8.0,POINT (-122.44765747 37.76523962),Mobile/Open311,http://mobile311.sfgov.org/reports/3641046/photos
3641045,05/14/2014 08:57:01 AM,10/12/2016 01:12:00 AM,10/12/2016 01:12:00 AM,Closed,DPW - Bureau of Street Use and Mapping - G,General Request - PUBLIC WORKS,request_for_service,bsm - request_for_service,Intersection of CLAREMONT BLVD and ALLSTON WAY,West Portal,7.0,POINT (-122.46395537 37.74225979),Phone,
3641042,05/14/2014 08:55:55 AM,05/16/2014 07:39:53 AM,05/16/2014 07:39:53 AM,Closed,DPT Abandoned Vehicles Work Queue,Abandoned Vehicle,Abandoned Vehicle - Car2door,gray - Ford - Mustang - 4WDS315,"179 SATURN ST, SAN FRANCISCO, CA, 94114",Buena Vista,8.0,POINT (-122.44427655 37.76250422),Phone,
3641036,05/14/2014 08:53:55 AM,05/16/2014 06:25:27 AM,05/16/2014 06:25:27 AM,Closed,DPT Abandoned Vehicles Work Queue,Abandoned Vehicle,Abandoned Vehicle - Other,,Intersection of GRAND VIEW AVE and ELIZABETH ST,Upper Market,8.0,POINT (-122.44274139 37.75157166),Web,
3641031,05/14/2014 08:52:53 AM,05/15/2014 09:42:58 AM,05/15/2014 09:42:58 AM,Closed,MUNI Work Queue,MUNI Feedback,MUNI - Conduct_Inattentiveness_Negligence,201_Pass_Up_Did_Not_Wait_for_Transferee,Intersection of POWELL ST and CLAY ST,Nob Hill,3.0,POINT (-122.40953827 37.79385376),Phone,
3641030,05/14/2014 08:52:33 AM,05/16/2014 06:24:47 AM,05/16/2014 06:24:47 AM,Closed,DPT Abandoned Vehicles Work Queue,Abandoned Vehicle,Abandoned Vehicle - Other,,Intersection of GRAND VIEW AVE and ELIZABETH ST,Upper Market,8.0,POINT (-122.44274139 37.75157166),Web,
3641028,05/14/2014 08:52:20 AM,05/14/2014 07:18:44 AM,05/14/2014 07:18:44 AM,Closed,DPW Ops Queue,Street and Sidewalk Cleaning,Human or Animal Waste,Human or Animal Waste,"1259 POLK ST, SAN FRANCISCO, CA, 94109",Lower Nob Hill,3.0,POINT (-122.42053483 37.78852768),Phone,
3641024,05/14/2014 08:51:22 AM,05/21/2014 06:29:36 AM,05/21/2014 06:29:36 AM,Closed,DPT Abandoned Vehicles Work Queue,Abandoned Vehicle,Abandoned Vehicle - Car4door,Green - Oldsmobile - Cutlass - 3MBB283,Intersection of GRAND VIEW AVE and ELIZABETH ST,Upper Market,8.0,POINT (-122.44274139 37.75157166),Web,
3641019,05/14/2014 08:50:00 AM,05/16/2014 06:24:08 AM,05/16/2014 06:24:08 AM,Closed,DPT Abandoned Vehicles Work Queue,Abandoned Vehicle,Abandoned Vehicle - PickupTruck,green - Ford - F150 - 7J29904,Intersection of GRAND VIEW AVE and ELIZABETH ST,Upper Market,8.0,POINT (-122.44274139 37.75157166),Web,
3641015,05/14/2014 08:49:12 AM,05/14/2014 11:56:02 AM,05/14/2014 11:56:02 AM,Closed,Recology_Abandoned,Street and Sidewalk Cleaning,Bulky Items,Refrigerator,Intersection of 35TH AVE and IRVING ST,Outer Sunset,4.0,POINT (-122.49427032 37.76280594),Integrated Agency,
3641014,05/14/2014 08:49:10 AM,06/09/2014 08:34:28 AM,06/09/2014 08:34:28 AM,Closed,PUC Sewer Ops,General Request - PUC,request_for_service,sewer - request_for_service,Intersection of BUSH ST and BRODERICK ST,Lower Pacific Heights,2.0,POINT (-122.44172668 37.78596878),Integrated Agency,
3641013,05/14/2014 08:49:05 AM,05/15/2014 09:44:26 AM,05/15/2014 09:44:26 AM,Closed,SSP - MTA Feedback Queue,MUNI Feedback,MUNI  -,,Not associated with a specific address,,,POINT (0 0),Web,
3641008,05/14/2014 08:48:22 AM,05/14/2014 08:48:45 AM,05/14/2014 08:48:45 AM,Closed,DPW Ops Queue,Street and Sidewalk Cleaning,General Cleaning,Paper Spill,"43 NORFOLK ST, SAN FRANCISCO, CA, 94103",South of Market,6.0,POINT (-122.413803 37.771027),Mobile/Open311,
3641006,05/14/2014 08:48:00 AM,05/15/2014 12:00:00 PM,05/15/2014 12:00:00 PM,Closed,DPW BSM Queue,Blocked Street or SideWalk,Blocked_Sidewalk,Construction_materials blocking sidewalk,Intersection of DOWNEY ST and FREDERICK ST,Ashbury Heights,8.0,POINT (-122.44719696 37.76710892),Web,
3640995,05/14/2014 08:45:48 AM,05/15/2014 09:48:50 AM,05/15/2014 09:48:50 AM,Closed,PUC Sewer Ops,Sewer Issues,Sewage_back_up,Outofsewervent4inch,"2395 CHESTNUT ST, SAN FRANCISCO, CA, 94123",Marina,2.0,POINT (-122.44272271 37.79993749),Phone,
3640987,05/14/2014 08:42:20 AM,05/14/2014 02:53:24 AM,05/14/2014 02:53:24 AM,Closed,DPW Ops Queue,Street and Sidewalk Cleaning,Missed_Route_Mechanical_Sweeping,Missed_Route_Mechanical_Sweeping,"540 ALABAMA ST, SAN FRANCISCO, CA, 94110",Mission,9.0,POINT (-122.41219136 37.76238359),Phone,
3640986,05/14/2014 08:42:12 AM,05/15/2014 08:49:46 AM,05/15/2014 08:49:46 AM,Closed,DPW Ops Queue,Street and Sidewalk Cleaning,General Cleaning,Paper Spill,Intersection of MINNA ST and 10TH ST,South of Market,6.0,POINT (-122.41537476 37.77484512),Phone,
3640984,05/14/2014 08:41:54 AM,05/15/2014 05:35:24 AM,05/15/2014 05:35:24 AM,Closed,DPW Ops Queue,Graffiti,Graffiti on Street,Street - Not_Offensive,Not associated with a specific address,,,POINT (0 0),Phone,
3640980,05/14/2014 08:40:53 AM,05/14/2014 08:53:05 AM,05/14/2014 08:53:05 AM,Closed,PUC - Water - G,Sewer Issues,Water_leak,Other,"99 SANTA RITA AVE, SAN FRANCISCO, CA, 94116",Forest Hill,7.0,POINT (-122.4645119 37.7468242),Phone,
3640976,05/14/2014 08:40:15 AM,03/07/2022 05:30:29 PM,03/07/2022 05:30:29 PM,Closed,DPW BSSR Queue,Street Defects,Pavement_Defect,Pavement_Defect,Intersection of IRVING ST and 10TH AVE,Inner Sunset,7.0,POINT (-122.46738452 37.76398869),Phone,
3640970,05/14/2014 08:38:49 AM,02/16/2015 09:39:46 PM,02/16/2015 09:39:46 PM,Closed,RPD Park Service Area 5 Queue,Rec and Park Requests,Park - Neighborhood_Services_Area,Irrigation,"Corona Heights, , SAN FRANCISCO, CA, 94114",Corona Heights,8.0,POINT (-122.43879796 37.76497605),Phone,
3640967,05/14/2014 08:38:01 AM,05/14/2014 10:48:24 AM,05/14/2014 10:48:24 AM,Closed,Recology_Abandoned,Street and Sidewalk Cleaning,Bulky Items,Mattress,"1950 FRANKLIN ST, SAN FRANCISCO, CA, 94109",Pacific Heights,2.0,POINT (-122.42436355 37.79242081),Phone,
3640963,05/14/2014 08:37:32 AM,05/15/2014 09:45:48 AM,05/15/2014 09:45:48 AM,Closed,MUNI Work Queue,MUNI Feedback,MUNI - Conduct_Inattentiveness_Negligence,212_Did_Not_Enforce_Rules_Contact_Authorities,Intersection of GEARY BLVD and ARGUELLO BLVD,Lone Mountain,2.0,POINT (-122.4588623 37.78125763),Phone,
3640955,05/14/2014 08:35:49 AM,05/15/2014 08:10:20 AM,05/15/2014 08:10:20 AM,Closed,PUC - Water - G,General Request - PUC,request_for_service,water - request_for_service,Intersection of 3RD ST and SOUTH ST,Mission Bay,6.0,POINT (-122.38923839 37.76882439),Phone,
3640954,05/14/2014 08:35:17 AM,05/15/2014 09:47:50 AM,05/15/2014 09:47:50 AM,Closed,SSP - MTA Feedback Queue,MUNI Feedback,MUNI  - Services_Service_Planning,701_Insufficient_Frequency,Not associated with a specific address,,,POINT (0 0),Web,
3640951,05/14/2014 08:35:00 AM,05/16/2014 09:00:00 AM,05/16/2014 09:00:00 AM,Closed,DPW Ops Queue,Graffiti,Graffiti on City_receptacle,City_receptacle - Not_Offensive,"994 ANZA ST, SAN FRANCISCO, CA, 94118",Lone Mountain,2.0,POINT (-122.458702 37.779423),Mobile/Open311,
3640950,05/14/2014 08:34:32 AM,05/14/2014 11:34:47 AM,05/14/2014 11:34:47 AM,Closed,Recology_Abandoned,Street and Sidewalk Cleaning,Bulky Items,Refrigerator,Intersection of PINE ST and POWELL ST,Nob Hill,3.0,POINT (-122.40897369 37.7910881),Integrated Agency,
3640942,05/14/2014 08:31:57 AM,05/14/2014 09:32:31 AM,05/14/2014 09:32:31 AM,Closed,DPW Ops Queue,Street and Sidewalk Cleaning,General Cleaning,Other Loose Garbage,Intersection of 26TH ST and GUERRERO ST,Mission,8.0,POINT (-122.42257226 37.74877126),Phone,
3640930,05/14/2014 08:27:03 AM,05/14/2014 12:38:34 PM,05/14/2014 12:38:34 PM,Closed,Recology_Abandoned,Street and Sidewalk Cleaning,Bulky Items,Furniture,"222 DORE ST, SAN FRANCISCO, CA, 94103",South of Market,6.0,POINT (-122.41035527 37.77171442),Phone,
3640927,05/14/2014 08:26:24 AM,04/30/2015 08:32:53 AM,04/30/2015 08:32:53 AM,Closed,DPT Paint Shop Queue,General Request - MTA,followup_request,paint_shop - followup_request,Not associated with a specific address,,,POINT (0 0),Web,
3640926,05/14/2014 08:26:23 AM,05/27/2014 12:09:19 PM,05/27/2014 12:09:19 PM,Closed,DPW Ops Queue,Graffiti,Graffiti on Building_commercial,Building_commercial - Offensive,"838 HYDE ST, SAN FRANCISCO, CA, 94109",Lower Nob Hill,3.0,POINT (-122.41683533 37.78855218),Phone,
3640924,05/14/2014 08:25:31 AM,05/15/2014 01:23:15 AM,05/15/2014 01:23:15 AM,Closed,DPW Ops Queue,Litter Receptacles,Litter_Receptacle_Request_New_Removal,,Intersection of LEAVENWORTH ST and JACKSON ST,Nob Hill,3.0,POINT (-122.41647332 37.79477705),Phone,
3640919,05/14/2014 08:24:26 AM,05/14/2014 10:45:59 AM,05/14/2014 10:45:59 AM,Closed,Recology_Abandoned,Street and Sidewalk Cleaning,Bulky Items,Furniture,"841 JONES ST, SAN FRANCISCO, CA, 94109",Lower Nob Hill,3.0,POINT (-122.41368949 37.78897411),Phone,
3640912,05/14/2014 08:22:56 AM,05/14/2014 10:23:42 AM,05/14/2014 10:23:42 AM,Closed,Recology_Abandoned,Street and Sidewalk Cleaning,Bulky Items,Furniture,Intersection of LEAVENWORTH ST and JACKSON ST,Nob Hill,3.0,POINT (-122.41647332 37.79477705),Phone,
3640911,05/14/2014 08:22:37 AM,05/14/2014 08:43:32 AM,05/14/2014 08:43:32 AM,Closed,PUC - Water - G,General Request - PUC,request_for_service,water - request_for_service,Intersection of 16TH ST and 3RD ST,Mission Bay,6.0,POINT (-122.38909912 37.76690292),Phone,
3640904,05/14/2014 08:20:31 AM,05/14/2014 11:00:19 AM,05/14/2014 11:00:19 AM,Closed,Recology_Abandoned,Street and Sidewalk Cleaning,General Cleaning,Other Loose Garbage,"924 GENEVA AVE, SAN FRANCISCO, CA, 94112",Crocker Amazon,11.0,POINT (-122.4407375 37.71616277),Mobile/Open311,http://mobile311.sfgov.org/reports/3640904/photos
3640902,05/14/2014 08:19:54 AM,05/14/2014 11:40:58 AM,05/14/2014 11:40:58 AM,Closed,Clear Channel - Transit Queue,Street and Sidewalk Cleaning,General Cleaning,Other Loose Garbage,"906 GENEVA AVE, SAN FRANCISCO, CA, 94112",Crocker Amazon,11.0,POINT (-122.4408976 37.71621554),Mobile/Open311,http://mobile311.sfgov.org/reports/3640902/photos
3640900,05/14/2014 08:19:23 AM,05/14/2014 11:01:07 AM,05/14/2014 11:01:07 AM,Closed,Recology_Abandoned,Street and Sidewalk Cleaning,General Cleaning,Other Loose Garbage,"906 GENEVA AVE, SAN FRANCISCO, CA, 94112",Crocker Amazon,11.0,POINT (-122.44099139 37.71625699),Mobile/Open311,http://mobile311.sfgov.org/reports/3640900/photos
3640893,05/14/2014 08:18:07 AM,05/14/2014 10:33:27 AM,05/14/2014 10:33:27 AM,Closed,Recology_Abandoned,Street and Sidewalk Cleaning,Bulky Items,Refrigerator,Intersection of 25TH ST and VALENCIA ST,Mission,8.0,POINT (-122.42050934 37.75050735),Integrated Agency,
3640891,05/14/2014 08:18:01 AM,05/15/2014 09:37:14 AM,05/15/2014 09:37:14 AM,Closed,MUNI Work Queue,MUNI Feedback,MUNI - Conduct_Inattentiveness_Negligence,201_Pass_Up_Did_Not_Wait_for_Transferee,Not associated with a specific address,,,POINT (0 0),Phone,
3640892,05/14/2014 08:18:01 AM,05/14/2014 11:40:41 AM,05/14/2014 11:40:41 AM,Closed,Clear Channel - Transit Queue,Street and Sidewalk Cleaning,General Cleaning,Other Loose Garbage,"5159 MISSION ST, SAN FRANCISCO, CA, 94112",Crocker Amazon,11.0,POINT (-122.44123321 37.71609467),Mobile/Open311,http://mobile311.sfgov.org/reports/3640892/photos
3640889,05/14/2014 08:17:30 AM,05/14/2014 11:01:20 AM,05/14/2014 11:01:20 AM,Closed,Recology_Abandoned,Street and Sidewalk Cleaning,General Cleaning,Other Loose Garbage,"5126 MISSION ST, SAN FRANCISCO, CA, 94112",Cayuga,11.0,POINT (-122.44128317 37.71622266),Mobile/Open311,http://mobile311.sfgov.org/reports/3640889/photos
3640887,05/14/2014 08:16:12 AM,05/14/2014 09:16:00 AM,05/14/2014 09:16:00 AM,Closed,DPW Ops Queue,Street and Sidewalk Cleaning,General Cleaning,Paper Spill,"888 GENEVA AVE, SAN FRANCISCO, CA, 94112",Cayuga,11.0,POINT (-122.44124964 37.71663916),Mobile/Open311,http://mobile311.sfgov.org/reports/3640887/photos
3640885,05/14/2014 08:15:36 AM,05/16/2014 11:42:30 AM,05/16/2014 11:42:30 AM,Closed,PUC Sewer Ops,Sewer Issues,Sewage_back_up,Outofsewervent4inch,"1900 17TH AVE, SAN FRANCISCO, CA, 94116",Golden Gate Heights,7.0,POINT (-122.47413239 37.75241831),Phone,
3640873,05/14/2014 08:13:35 AM,05/14/2014 01:08:21 AM,05/14/2014 01:08:21 AM,Closed,DPW Ops Queue,Street and Sidewalk Cleaning,General Cleaning,Paper Spill,"235 DIVISADERO ST, SAN FRANCISCO, CA, 94117",Buena Vista,5.0,POINT (-122.437402 37.770851),Mobile/Open311,
3640872,05/14/2014 08:13:21 AM,05/17/2014 01:30:12 AM,05/17/2014 01:30:12 AM,Closed,DPT Signal Queue,Damaged Property,Damaged Traffic_Signal,Traffic_Signal,Intersection of 4TH ST and HOWARD ST,South of Market,6.0,POINT (-122.40270906 37.78325696),Phone,
3640867,05/14/2014 08:12:03 AM,05/14/2014 11:06:59 AM,05/14/2014 11:06:59 AM,Closed,Recology_Abandoned,Street and Sidewalk Cleaning,Bulky Items,Furniture,"190 COLERIDGE ST, SAN FRANCISCO, CA, 94110",Bernal Heights,9.0,POINT (-122.42035052 37.74285214),Phone,
3640860,05/14/2014 08:11:14 AM,05/14/2014 10:10:49 AM,05/14/2014 10:10:49 AM,Closed,Recology_Abandoned,Street and Sidewalk Cleaning,General Cleaning,Other Loose Garbage,"1745 CLAY ST, SAN FRANCISCO, CA, 94109",Polk Gulch,3.0,POINT (-122.42178339 37.7922349),Phone,
3640853,05/14/2014 08:08:28 AM,05/15/2014 09:38:42 AM,05/15/2014 09:38:42 AM,Closed,SSP - MTA Feedback Queue,MUNI Feedback,MUNI  - Conduct_Discourteous_Insensitive_Inappropriate_Conduct,301_Discourtesy_to_Customer,Not associated with a specific address,,,POINT (0 0),Web,
3640849,05/14/2014 08:06:28 AM,05/20/2014 08:08:10 AM,05/20/2014 08:08:10 AM,Closed,DPT Abandoned Vehicles Work Queue,Abandoned Vehicle,Abandoned Vehicle - SUV,BEIGE - 25 foot RV - RV - Unknown,"1462 ARMSTRONG AVE, SAN FRANCISCO, CA, 94124",Bayview,10.0,POINT (-122.38962395 37.72480994),Phone,
3640842,05/14/2014 08:03:18 AM,05/22/2014 08:05:24 AM,05/22/2014 08:05:24 AM,Closed,DPW Ops Queue,Graffiti,Graffiti on Building_other,Building_other - Not_Offensive,"501 DIVISADERO ST, SAN FRANCISCO, CA, 94117",Panhandle,5.0,POINT (-122.43791962 37.77414703),Integrated Agency,
3640840,05/14/2014 08:02:55 AM,05/14/2014 09:38:34 AM,05/14/2014 09:38:34 AM,Closed,Recology_Abandoned,Encampments,Encampment items,Cart Pickup,"571 IVY ST, SAN FRANCISCO, CA, 94102",Hayes Valley,5.0,POINT (-122.42750425 37.77672857),Phone,
3640838,05/14/2014 08:02:08 AM,05/14/2014 09:04:43 AM,05/14/2014 09:04:43 AM,Closed,Recology_Abandoned,Street and Sidewalk Cleaning,Bulky Items,Mattress,Intersection of 19TH ST and MISSION ST,Mission,9.0,POINT (-122.41924807 37.76027673),Mobile/Open311,
3640835,05/14/2014 08:01:18 AM,05/14/2014 07:18:04 AM,05/14/2014 07:18:04 AM,Closed,DPW Ops Queue,Street and Sidewalk Cleaning,Human or Animal Waste,Human or Animal Waste,"8 NOBLES ALY, SAN FRANCISCO, CA, 94133",Telegraph Hill,3.0,POINT (-122.40716029 37.80105912),Phone,
3640831,05/14/2014 08:00:23 AM,05/14/2014 11:52:22 AM,05/14/2014 11:52:22 AM,Closed,Recology_Abandoned,Street and Sidewalk Cleaning,Bulky Items,Mattress,Intersection of TENNESSEE ST and 26TH ST,Central Waterfront,10.0,POINT (-122.3886261 37.75150299),Phone,
3640830,05/14/2014 08:00:06 AM,05/14/2014 12:03:31 PM,05/14/2014 12:03:31 PM,Closed,DPW Ops Queue,Street and Sidewalk Cleaning,Missed_Route_Mechanical_Sweeping,Missed_Route_Mechanical_Sweeping,"1401 YOSEMITE AVE, SAN FRANCISCO, CA, 94124",Bayview,10.0,POINT (-122.38802725 37.72471467),Phone,
3640820,05/14/2014 07:57:17 AM,05/22/2014 02:21:38 PM,05/22/2014 02:21:38 PM,Closed,DPT Meter_Bike Queue,Damaged Property,Damaged Parking_Meter,Parking_Meter,Intersection of WASHINGTON ST and SANSOME ST,Financial District,3.0,POINT (-122.40167832 37.79571704),Phone,
3640819,05/14/2014 07:56:37 AM,05/14/2014 08:40:18 AM,05/14/2014 08:40:18 AM,Closed,Recology_Overflowing,Street and Sidewalk Cleaning,Overflowing_City_Receptacle_or_Dumpster,Overflowing_City_Receptacle_or_Dumpster,Intersection of ARCH ST and RANDOLPH ST,Merced Heights,11.0,POINT (-122.46709442 37.71427155),Phone,
3640816,05/14/2014 07:55:14 AM,05/21/2014 08:40:16 AM,05/21/2014 08:40:16 AM,Closed,DPT Abandoned Vehicles Work Queue,Abandoned Vehicle,Abandoned Vehicle - Car4door,GRAY - ISUZU - RODEO - 3XWM708,Intersection of ARLETA AVE and RUTLAND ST,Visitacion Valley,10.0,POINT (-122.40676712 37.71390033),Phone,
3640814,05/14/2014 07:54:35 AM,05/14/2014 10:54:58 AM,05/14/2014 10:54:58 AM,Closed,DPW BSSR Queue,Street Defects,Pavement_Defect,Pavement_Defect,Intersection of BUSH ST and DIVISADERO ST,Lower Pacific Heights,2.0,POINT (-122.44006105 37.78617804),Phone,
3640812,05/14/2014 07:54:21 AM,05/14/2014 02:51:51 AM,05/14/2014 02:51:51 AM,Closed,DPW Ops Queue,Street and Sidewalk Cleaning,General Cleaning,Other Loose Garbage,"755 SOUTH VAN NESS AVE, SAN FRANCISCO, CA, 94110",Mission,9.0,POINT (-122.41702642 37.76109366),Phone,
3640808,05/14/2014 07:53:17 AM,05/14/2014 11:58:18 AM,05/14/2014 11:58:18 AM,Closed,Recology_Abandoned,Street and Sidewalk Cleaning,Bulky Items,Furniture,"300 RANDOLPH ST, SAN FRANCISCO, CA, 94132",Merced Heights,11.0,POINT (-122.46553486 37.71440287),Mobile/Open311,http://mobile311.sfgov.org/reports/3640808/photos
3640807,05/14/2014 07:53:12 AM,05/16/2014 12:00:00 PM,05/16/2014 12:00:00 PM,Closed,DPW BSM Queue,Blocked Street or SideWalk,Blocked_Sidewalk,Port_A_Potty blocking sidewalk,"8 NOBLES ALY, SAN FRANCISCO, CA, 94133",Telegraph Hill,3.0,POINT (-122.40716029 37.80105912),Phone,
3640795,05/14/2014 07:47:21 AM,05/15/2014 09:39:44 AM,05/15/2014 09:39:44 AM,Closed,MUNI Work Queue,MUNI Feedback,MUNI - Conduct_Unsafe_Operation,108_General_Careless_Operation,Not associated with a specific address,,,POINT (0 0),Phone,
3640794,05/14/2014 07:46:58 AM,05/14/2014 10:21:31 AM,05/14/2014 10:21:31 AM,Closed,Recology_Abandoned,Street and Sidewalk Cleaning,Bulky Items,Refrigerator,Intersection of LEAVENWORTH ST and SACRAMENTO ST,Nob Hill,3.0,POINT (-122.41593933 37.79213333),Integrated Agency,
3640793,05/14/2014 07:46:57 AM,05/14/2014 09:14:29 AM,05/14/2014 09:14:29 AM,Closed,Recology_Abandoned,Street and Sidewalk Cleaning,Bulky Items,Refrigerator,"1917 MISSION ST, SAN FRANCISCO, CA, 94103",Mission,9.0,POINT (-122.4196167 37.76633072),Integrated Agency,
3640792,05/14/2014 07:46:11 AM,05/15/2014 10:20:36 AM,05/15/2014 10:20:36 AM,Closed,SFMTA - G,General Request - MTA,complaint,mta_other - complaint,Not associated with a specific address,,,POINT (0 0),Web,
3640791,05/14/2014 07:45:48 AM,07/17/2020 06:00:32 PM,07/17/2020 06:00:32 PM,Closed,SFFD Other Queue,General Request - FIRE DEPARTMENT,request_for_service,sffd_other - request_for_service,Intersection of 3RD ST and MISSION BAY BLVD NORTH,Mission Bay,6.0,POINT (-122.38945921 37.77111176),Phone,
3640790,05/14/2014 07:43:53 AM,05/20/2014 08:00:14 AM,05/20/2014 08:00:14 AM,Closed,DPW Ops Queue,Graffiti,Graffiti on Building_residential,Building_residential - Post_Abatement_Inspection,"97 LAFAYETTE ST, SAN FRANCISCO, CA, 94103",South of Market,6.0,POINT (-122.41631808 37.77253236),Phone,
3640784,05/14/2014 07:38:25 AM,05/14/2014 10:04:12 AM,05/14/2014 10:04:12 AM,Closed,Recology_Abandoned,Street and Sidewalk Cleaning,General Cleaning,Other Loose Garbage,"1 SANSOME ST, SAN FRANCISCO, CA, 94104",Financial District,3.0,POINT (-122.40063181 37.79026484),Phone,
3640780,05/14/2014 07:37:44 AM,05/14/2014 10:51:40 AM,05/14/2014 10:51:40 AM,Closed,Recology_Abandoned,Street and Sidewalk Cleaning,General Cleaning,Other Loose Garbage,"795 20TH AVE, SAN FRANCISCO, CA, 94121",Outer Richmond,1.0,POINT (-122.47899117 37.77281396),Mobile/Open311,http://mobile311.sfgov.org/reports/3640780/photos
3640779,05/14/2014 07:36:43 AM,05/14/2014 08:50:13 AM,05/14/2014 08:50:13 AM,Closed,DPW Ops Queue,Street and Sidewalk Cleaning,General Cleaning,Paper Spill,"670 NATOMA ST, SAN FRANCISCO, CA, 94103",South of Market,6.0,POINT (-122.411522 37.777222),Mobile/Open311,
3640778,05/14/2014 07:35:52 AM,05/14/2014 02:23:39 AM,05/14/2014 02:23:39 AM,Closed,DPW Ops Queue,Street and Sidewalk Cleaning,General Cleaning,Other Loose Garbage,Intersection of CLAYTON ST and CORBETT AVE,Eureka Valley,8.0,POINT (-122.44602167 37.75872035),Phone,
3640776,05/14/2014 07:34:21 AM,05/14/2014 10:42:40 AM,05/14/2014 10:42:40 AM,Closed,Recology_Abandoned,Street and Sidewalk Cleaning,Bulky Items,Refrigerator,Intersection of SALINAS AVE and CARR ST,Bret Harte,10.0,POINT (-122.3972702 37.72092819),Integrated Agency,
3640775,05/14/2014 07:34:06 AM,05/15/2014 07:22:20 AM,05/15/2014 07:22:20 AM,Closed,DPT Abandoned Vehicles Work Queue,Abandoned Vehicle,Abandoned Vehicle -,Gold - Jaguar - XJ6 - IYORKY,Intersection of POWHATTAN AVE and FOLSOM ST,Bernal Heights,9.0,POINT (-122.41321564 37.74147415),Web,
3640773,05/14/2014 07:33:38 AM,05/15/2014 12:00:00 PM,05/15/2014 12:00:00 PM,Closed,DPW BSM Queue,Blocked Street or SideWalk,Blocked_Sidewalk,Construction_materials blocking sidewalk,Intersection of 17TH AVE and RIVERA ST,Golden Gate Heights,7.0,POINT (-122.47381551 37.74687201),Phone,
3640770,05/14/2014 07:31:15 AM,05/14/2014 11:36:16 AM,05/14/2014 11:36:16 AM,Closed,Recology_Abandoned,Street and Sidewalk Cleaning,Bulky Items,Furniture,Intersection of DAVIDSON AVE and RANKIN ST,Central Waterfront,10.0,POINT (-122.3916193 37.74573141),Phone,
3640764,05/14/2014 07:29:41 AM,08/10/2015 12:00:00 PM,08/10/2015 12:00:00 PM,Closed,DPW BSM Queue,Blocked Street or SideWalk,Blocked_Sidewalk,Construction_materials blocking sidewalk,Intersection of SANSOME ST and WASHINGTON ST,Financial District,3.0,POINT (-122.40167832 37.79571704),Phone,
3640755,05/14/2014 07:26:06 AM,05/20/2014 08:00:29 AM,05/20/2014 08:00:29 AM,Closed,DPT Abandoned Vehicles Work Queue,Abandoned Vehicle,Abandoned Vehicle - Motorcycle,black - Suziki -  - NONE,"530 LARKIN ST, SAN FRANCISCO, CA, 94102",Tenderloin,5.0,POINT (-122.41733103 37.78268221),Phone,
3640748,05/14/2014 07:24:59 AM,05/14/2014 04:49:11 PM,05/14/2014 04:49:11 PM,Closed,Recology_Abandoned,Street and Sidewalk Cleaning,Bulky Items,Furniture,Intersection of LELAND AVE and PEABODY ST,Visitacion Valley,10.0,POINT (-122.40652501 37.71225798),Mobile/Open311,http://mobile311.sfgov.org/reports/3640748/photos
3640747,05/14/2014 07:24:14 AM,05/15/2014 09:41:12 AM,05/15/2014 09:41:12 AM,Closed,MUNI Work Queue,MUNI Feedback,MUNI - Conduct_Unsafe_Operation,108_General_Careless_Operation,Intersection of WEST PORTAL AVE and JUNIPERO SERRA BLVD,Merced Manor,7.0,POINT (-122.47157288 37.73470688),Phone,
3640746,05/14/2014 07:22:31 AM,05/15/2014 07:21:45 AM,05/15/2014 07:21:45 AM,Closed,DPT Abandoned Vehicles Work Queue,Abandoned Vehicle,Abandoned Vehicle - Car4door,Gold - Subaru -  - 6FIF205,"3619 FOLSOM ST, SAN FRANCISCO, CA, 94110",Bernal Heights,9.0,POINT (-122.41312408 37.74119186),Web,
3640744,05/14/2014 07:21:33 AM,05/14/2014 02:23:10 AM,05/14/2014 02:23:10 AM,Closed,DPW Ops Queue,Street and Sidewalk Cleaning,General Cleaning,Paper Spill,Intersection of VALENCIA ST and 15TH ST,Mission,9.0,POINT (-122.42204594 37.76653872),Phone,
3640743,05/14/2014 07:21:26 AM,05/14/2014 10:30:57 AM,05/14/2014 10:30:57 AM,Closed,Recology_Abandoned,Street and Sidewalk Cleaning,General Cleaning,Other Loose Garbage,"1390 TAYLOR ST, SAN FRANCISCO, CA, 94108",Nob Hill,3.0,POINT (-122.41309997 37.79511202),Phone,
3640737,05/14/2014 07:20:03 AM,05/14/2014 09:23:07 AM,05/14/2014 09:23:07 AM,Closed,Recology_Abandoned,Street and Sidewalk Cleaning,Bulky Items,Mattress,Intersection of VALENCIA ST and 15TH ST,Mission,9.0,POINT (-122.42204594 37.76653872),Phone,
3640733,05/14/2014 07:18:39 AM,05/14/2014 11:04:13 AM,05/14/2014 11:04:13 AM,Closed,Recology_Abandoned,Street and Sidewalk Cleaning,Bulky Items,Refrigerator,Intersection of BROADWAY and KEARNY ST,North Beach,3.0,POINT (-122.4054718 37.79801559),Integrated Agency,
3640732,05/14/2014 07:18:31 AM,05/15/2014 09:10:04 AM,05/15/2014 09:10:04 AM,Closed,DPH - Environmental Health - G,General Request - DPH,request_for_service,environmental_health - request_for_service,"144 ALBION ST, SAN FRANCISCO, CA, 94110",Mission Dolores,9.0,POINT (-122.42285192 37.76412202),Phone,
3640727,05/14/2014 07:15:22 AM,05/15/2014 12:00:00 PM,05/15/2014 12:00:00 PM,Closed,DPW - Bureau of Street Use and Mapping - G,General Request - PUBLIC WORKS,complaint,bsm - complaint,"3100 CLAY ST, SAN FRANCISCO, CA, 94115",Pacific Heights,2.0,POINT (-122.44418047 37.78950538),Phone,
3640722,05/14/2014 07:13:05 AM,05/19/2014 01:56:03 AM,05/19/2014 01:56:03 AM,Closed,DPW Ops Queue,Litter Receptacles,Cans_Left_Out_24x7,,"190 ALBION ST, SAN FRANCISCO, CA, 94110",Mission Dolores,9.0,POINT (-122.42278445 37.76338694),Phone,
3640719,05/14/2014 07:12:36 AM,05/14/2014 10:21:34 AM,05/14/2014 10:21:34 AM,Closed,Recology_Abandoned,Street and Sidewalk Cleaning,Bulky Items,Furniture,"126 SUTTER ST, SAN FRANCISCO, CA, 94104",Downtown / Union Square,3.0,POINT (-122.40269565 37.79002829),Phone,
3640718,05/14/2014 07:12:32 AM,05/15/2014 08:46:21 AM,05/15/2014 08:46:21 AM,Closed,SSP - MTA Feedback Queue,MUNI Feedback,MUNI  - Services_Service_Delivery_Facilities,601_Delay_No_Show,Not associated with a specific address,,,POINT (0 0),Web,
3640715,05/14/2014 07:10:57 AM,05/20/2014 02:13:32 AM,05/20/2014 02:13:32 AM,Closed,DPW Ops Queue,Graffiti,Graffiti on Building_residential,Building_residential - Not_Offensive,"557 GUERRERO ST, SAN FRANCISCO, CA, 94110",Mission Dolores,9.0,POINT (-122.42375189 37.76226414),Phone,
3640703,05/14/2014 07:08:32 AM,05/14/2014 11:01:05 AM,05/14/2014 11:01:05 AM,Closed,Recology_Abandoned,Street and Sidewalk Cleaning,General Cleaning,Other Loose Garbage,Intersection of DRUMM ST and WASHINGTON ST,Northern Waterfront,3.0,POINT (-122.3969574 37.79634857),Phone,
3640699,05/14/2014 07:06:22 AM,06/10/2014 10:35:37 AM,06/10/2014 10:35:37 AM,Closed,SFMTA - Temporary Sign Request Printing Queue,Temporary Sign Request,Temporary Sign Request for Moving_residential_property,40 ft zone requested from 2014-05-24 to 2014-05-24,"201 SANSOME ST, SAN FRANCISCO, CA, 94104",Financial District,3.0,POINT (-122.40111542 37.79228973),Web,
3640693,05/14/2014 07:03:12 AM,05/15/2014 09:07:42 AM,05/15/2014 09:07:42 AM,Closed,MUNI Work Queue,MUNI Feedback,MUNI - Services_Service_Delivery_Facilities,601_Delay_No_Show,Intersection of MCALLISTER ST and DIVISADERO ST,Western Addition,5.0,POINT (-122.43836212 37.77779388),Phone,
3640687,05/14/2014 06:58:45 AM,05/14/2014 02:34:04 PM,05/14/2014 02:34:04 PM,Closed,DPH - Environmental Health - G,General Request - DPH,complaint,environmental_health - complaint,Intersection of 8TH ST and MARKET ST,Civic Center,6.0,POINT (-122.41474038 37.77871932),Phone,
3640685,05/14/2014 06:58:00 AM,05/14/2014 10:28:52 AM,05/14/2014 10:28:52 AM,Closed,Recology_Abandoned,Street and Sidewalk Cleaning,Bulky Items,Mattress,Intersection of REVERE AVE and JENNINGS ST,Bayview,10.0,POINT (-122.38642061 37.72954203),Phone,
3640684,05/14/2014 06:57:54 AM,05/14/2014 02:55:56 AM,05/14/2014 02:55:56 AM,Closed,DPW Ops Queue,Street and Sidewalk Cleaning,General Cleaning,Other Loose Garbage,Intersection of MARKET ST and DUBOCE AVE,Mission Dolores,8.0,POINT (-122.42630884 37.76960062),Phone,
3640681,05/14/2014 06:57:16 AM,05/14/2014 11:11:17 AM,05/14/2014 11:11:17 AM,Closed,Recology_Abandoned,Street and Sidewalk Cleaning,Bulky Items,Furniture,"300 16TH AVE, SAN FRANCISCO, CA, 94118",Inner Richmond,1.0,POINT (-122.47504237 37.78232669),Mobile/Open311,http://mobile311.sfgov.org/reports/3640681/photos
3640677,05/14/2014 06:56:13 AM,05/14/2014 01:50:21 AM,05/14/2014 01:50:21 AM,Closed,DPW Ops Queue,Street and Sidewalk Cleaning,General Cleaning,Other Loose Garbage,"1201 FITZGERALD AVE, SAN FRANCISCO, CA, 94124",Bret Harte,10.0,POINT (-122.39140393 37.72096315),Phone,
3640674,05/14/2014 06:54:09 AM,05/14/2014 09:15:48 AM,05/14/2014 09:15:48 AM,Closed,Recology_Abandoned,Street and Sidewalk Cleaning,General Cleaning,Other Loose Garbage,"1330 SACRAMENTO ST, SAN FRANCISCO, CA, 94109",Nob Hill,3.0,POINT (-122.41482824 37.79232882),Phone,
3640675,05/14/2014 06:54:09 AM,05/15/2014 09:20:20 AM,05/15/2014 09:20:20 AM,Closed,SSP - MTA Feedback Queue,MUNI Feedback,MUNI  - Services_Service_Delivery_Facilities,601_Delay_No_Show,Not associated with a specific address,,,POINT (0 0),Web,
3640673,05/14/2014 06:54:06 AM,05/14/2014 08:53:51 AM,05/14/2014 08:53:51 AM,Closed,Recology_Abandoned,Street and Sidewalk Cleaning,General Cleaning,Other Loose Garbage,"7 SAN CARLOS ST, SAN FRANCISCO, CA, 94110",Mission,9.0,POINT (-122.42013766 37.76259228),Phone,
3640671,05/14/2014 06:53:17 AM,05/16/2014 08:20:50 AM,05/16/2014 08:20:50 AM,Closed,PUC - Water - G,Sewer Issues,Water_leak,Other,"1408 SHAFTER AVE, SAN FRANCISCO, CA, 94124",Bayview,10.0,POINT (-122.38714541 37.72907443),Phone,
3640668,05/14/2014 06:52:12 AM,05/14/2014 12:33:14 PM,05/14/2014 12:33:14 PM,Closed,Recology_Abandoned,Street and Sidewalk Cleaning,General Cleaning,Other Loose Garbage,Intersection of KIRKWOOD AVE and MILTON I ROSS ST,Produce Market,10.0,POINT (-122.39887857 37.74322483),Phone,
3640667,05/14/2014 06:51:57 AM,05/15/2014 09:08:50 AM,05/15/2014 09:08:50 AM,Closed,MUNI Work Queue,MUNI Feedback,MUNI - Commendation,401_Employee_Commendation,Not associated with a specific address,,,POINT (0 0),Phone,
3640663,05/14/2014 06:50:34 AM,05/15/2014 01:28:03 AM,05/15/2014 01:28:03 AM,Closed,DPW Ops Queue,Litter Receptacles,Tipped_over,,Intersection of 10TH ST and FELL ST,Civic Center,6.0,POINT (-122.41745845 37.7766711),Mobile/Open311,http://mobile311.sfgov.org/reports/3640663/photos
3640658,05/14/2014 06:44:57 AM,05/29/2014 12:00:00 PM,05/29/2014 12:00:00 PM,Closed,DPW BSM Queue,Sidewalk or Curb,Missing_Side_Sewer_Vent_Cover,Missing_Side_Sewer_Vent_Cover,"801 CALIFORNIA ST, SAN FRANCISCO, CA, 94108",Nob Hill,3.0,POINT (-122.40778062 37.79210717),Mobile/Open311,http://mobile311.sfgov.org/reports/3640658/photos
3640657,05/14/2014 06:43:45 AM,05/14/2014 12:10:10 PM,05/14/2014 12:10:10 PM,Closed,Recology_Abandoned,Street and Sidewalk Cleaning,General Cleaning,Other Loose Garbage,"4800 3RD ST, SAN FRANCISCO, CA, 94124",Silver Terrace,10.0,POINT (-122.390892 37.734711),Mobile/Open311,
3640648,05/14/2014 06:37:18 AM,05/14/2014 08:51:42 AM,05/14/2014 08:51:42 AM,Closed,DPW Ops Queue,Street and Sidewalk Cleaning,General Cleaning,Other Loose Garbage,Intersection of JONES ST and ELLIS ST,Tenderloin,5.0,POINT (-122.4127841 37.78486569),Phone,
3640645,05/14/2014 06:36:15 AM,05/20/2014 08:02:44 AM,05/20/2014 08:02:44 AM,Closed,DPT Abandoned Vehicles Work Queue,Abandoned Vehicle,Abandoned Vehicle - Car2door,mauve - dodge - durange - 6GJP152,Intersection of PACIFIC AVE and HYDE ST,Nob Hill,3.0,POINT (-122.4182945 37.79546164),Phone,
3640644,05/14/2014 06:34:54 AM,05/14/2014 08:52:11 AM,05/14/2014 08:52:11 AM,Closed,DPW Ops Queue,Street and Sidewalk Cleaning,General Cleaning,Other Loose Garbage,Intersection of TURK ST and MASON ST,Tenderloin,6.0,POINT (-122.4089536 37.78328787),Phone,
3640642,05/14/2014 06:34:20 AM,10/28/2014 01:03:54 PM,10/28/2014 01:03:54 PM,Closed,RPD Park Service Area 2 Queue,Rec and Park Requests,Park - Structural_Maintenance,Plumbing,"Margaret S.Hayward Playground, 1016 LAGUNA ST, SAN FRANCISCO, CA, 94102",Cathedral Hill,6.0,POINT (-122.42542721 37.78084443),Phone,
3640640,05/14/2014 06:34:15 AM,05/15/2014 09:24:31 AM,05/15/2014 09:24:31 AM,Closed,SSP - MTA Feedback Queue,MUNI Feedback,MUNI  - Services_Service_Delivery_Facilities,601_Delay_No_Show,Not associated with a specific address,,,POINT (0 0),Web,
3640638,05/14/2014 06:32:46 AM,05/14/2014 12:54:01 PM,05/14/2014 12:54:01 PM,Closed,Recology_Abandoned,Street and Sidewalk Cleaning,Bulky Items,Electronics,"2497 SAN BRUNO AVE, SAN FRANCISCO, CA, 94134",Portola,9.0,POINT (-122.40468962 37.73048501),Mobile/Open311,http://mobile311.sfgov.org/reports/3640638/photos
3640637,05/14/2014 06:32:38 AM,05/14/2014 07:17:25 AM,05/14/2014 07:17:25 AM,Closed,DPW Ops Queue,Street and Sidewalk Cleaning,General Cleaning,Other Loose Garbage,Intersection of EDDY ST and MASON ST,Tenderloin,5.0,POINT (-122.40930965 37.78434791),Phone,
3640632,05/14/2014 06:30:39 AM,05/16/2014 08:20:58 AM,05/16/2014 08:20:58 AM,Closed,PUC - Water - G,Sewer Issues,Water_leak,Other,"915 GOLDEN GATE AVE, SAN FRANCISCO, CA, 94102",Western Addition,5.0,POINT (-122.42559696 37.780317),Phone,
3640631,05/14/2014 06:30:22 AM,05/15/2014 05:47:37 AM,05/15/2014 05:47:37 AM,Closed,DPW Ops Queue,Graffiti,Graffiti on Signal_box,Signal_box - Not_Offensive,"199 EDDY ST, SAN FRANCISCO, CA, 94102",Tenderloin,5.0,POINT (-122.4108917 37.78409154),Phone,
3640630,05/14/2014 06:29:44 AM,05/14/2014 02:30:03 AM,05/14/2014 02:30:03 AM,Closed,DPW Ops Queue,Graffiti,Graffiti on Sidewalk_in_front_of_property,Sidewalk_in_front_of_property - Not_Offensive,"299 GUERRERO ST, SAN FRANCISCO, CA, 94103",Mission Dolores,9.0,POINT (-122.42434103 37.76603979),Phone,
3640628,05/14/2014 06:29:22 AM,05/15/2014 07:15:29 AM,05/15/2014 07:15:29 AM,Closed,DPT Abandoned Vehicles Work Queue,Abandoned Vehicle,Abandoned Vehicle - Car4door,wht - honda - accord - 2WZD948,Intersection of VICENTE ST and 31ST AVE,Parkside,4.0,POINT (-122.48828701 37.7387559),Phone,
3640626,05/14/2014 06:28:46 AM,05/15/2014 08:34:44 AM,05/15/2014 08:34:44 AM,Closed,SSP - MTA Feedback Queue,MUNI Feedback,MUNI  - Services_Service_Delivery_Facilities,601_Delay_No_Show,Not associated with a specific address,,,POINT (0 0),Web,
3640624,05/14/2014 06:28:06 AM,05/14/2014 11:05:26 AM,05/14/2014 11:05:26 AM,Closed,Recology_Abandoned,Street and Sidewalk Cleaning,General Cleaning,Other Loose Garbage,Intersection of 32ND AVE and FULTON ST,Outer Richmond,1.0,POINT (-122.49168843 37.77222521),Phone,
3640622,05/14/2014 06:27:39 AM,05/14/2014 03:03:40 AM,05/14/2014 03:03:40 AM,Closed,DPW Ops Queue,Street and Sidewalk Cleaning,General Cleaning,Other Loose Garbage,"320 GUERRERO ST, SAN FRANCISCO, CA, 94103",Mission Dolores,8.0,POINT (-122.42434103 37.76603979),Phone,
3640619,05/14/2014 06:26:42 AM,06/03/2014 09:55:07 AM,06/03/2014 09:55:07 AM,Closed,DPT Signal Queue,311 External Request,Damaged_Property,Damaged_Property,Intersection of TAYLOR ST and EDDY ST,Tenderloin,5.0,POINT (-122.41095179 37.78414001),Phone,
3640618,05/14/2014 06:26:03 AM,05/14/2014 10:54:47 AM,05/14/2014 10:54:47 AM,Closed,Recology_Abandoned,Street and Sidewalk Cleaning,Bulky Items,Mattress,Intersection of ELLIS ST and TAYLOR ST,Tenderloin,5.0,POINT (-122.41120236 37.78496202),Mobile/Open311,http://mobile311.sfgov.org/reports/3640618/photos
3640616,05/14/2014 06:25:30 AM,05/14/2014 09:26:41 AM,05/14/2014 09:26:41 AM,Closed,Recology_Abandoned,Encampments,Encampment items,Clothing,"320 GUERRERO ST, SAN FRANCISCO, CA, 94103",Mission Dolores,8.0,POINT (-122.42434103 37.76603979),Phone,
3640613,05/14/2014 06:24:07 AM,05/14/2014 09:08:49 AM,05/14/2014 09:08:49 AM,Closed,PUC Sewer Ops,Sewer Issues,Sewage_back_up,Out_of_manhole_cover,"1035 ASHBURY ST, SAN FRANCISCO, CA, 94117",Ashbury Heights,8.0,POINT (-122.44632925 37.7639894),Phone,
3640611,05/14/2014 06:23:40 AM,06/12/2014 02:14:56 PM,06/12/2014 02:14:56 PM,Closed,DPT SignShop Surveyed - Area 2 Queue,Graffiti,Graffiti on Sidewalk_in_front_of_property,Sidewalk_in_front_of_property - Not_Offensive,"400 GUERRERO ST, SAN FRANCISCO, CA, 94110",Mission Dolores,8.0,POINT (-122.42438507 37.76449966),Phone,
3640610,05/14/2014 06:23:16 AM,05/14/2014 08:03:41 AM,05/14/2014 08:03:41 AM,Closed,Recology_Abandoned,Street and Sidewalk Cleaning,Bulky Items,Electronics,"1036 POTRERO AVE, SAN FRANCISCO, CA, 94110",Mission,9.0,POINT (-122.40670502 37.75556123),Phone,
3640608,05/14/2014 06:22:40 AM,05/15/2014 05:41:29 AM,05/15/2014 05:41:29 AM,Closed,DPW Ops Queue,Graffiti,Graffiti on Pole,Pole - Not_Offensive,"215 TAYLOR ST, SAN FRANCISCO, CA, 94102",Tenderloin,5.0,POINT (-122.41124725 37.78432846),Phone,
3640606,05/14/2014 06:21:37 AM,05/14/2014 10:26:10 AM,05/14/2014 10:26:10 AM,Closed,Recology_Abandoned,Litter Receptacles,Litter_Receptacle_Request_New_Removal,,"406 OAK ST, SAN FRANCISCO, CA, 94102",Hayes Valley,5.0,POINT (-122.426003 37.774696),Mobile/Open311,
3640605,05/14/2014 06:21:35 AM,05/15/2014 05:35:50 AM,05/15/2014 05:35:50 AM,Closed,DPW Ops Queue,Graffiti,Graffiti on Pole,Pole - Not_Offensive,"3639 18TH ST, SAN FRANCISCO, CA, 94110",Mission Dolores,8.0,POINT (-122.42469788 37.76139069),Phone,
3640604,05/14/2014 06:18:44 AM,05/14/2014 08:09:09 AM,05/14/2014 08:09:09 AM,Closed,Recology_Abandoned,Street and Sidewalk Cleaning,General Cleaning,Other Loose Garbage,"3301 CESAR CHAVEZ ST, SAN FRANCISCO, CA, 94110",,0.0,POINT (0 0),Web,
3640601,05/14/2014 06:17:21 AM,05/14/2014 08:25:43 AM,05/14/2014 08:25:43 AM,Closed,Recology_Abandoned,Street and Sidewalk Cleaning,Bulky Items,Furniture,Intersection of 29TH ST and SAN JOSE AVE,Bernal Heights,9.0,POINT (-122.42266846 37.74394226),Web,
3640598,05/14/2014 06:16:10 AM,05/14/2014 08:14:10 AM,05/14/2014 08:14:10 AM,Closed,Recology_Abandoned,Street and Sidewalk Cleaning,Automotive,Tires,Intersection of 26TH ST and BARTLETT ST,Mission,9.0,POINT (-122.41925049 37.74897385),Web,
3640597,05/14/2014 06:15:58 AM,05/16/2014 09:00:00 AM,05/16/2014 09:00:00 AM,Closed,DPW Ops Queue,Graffiti,Graffiti on Sidewalk_structure,Sidewalk_structure - Offensive,Intersection of HAIGHT ST and BAKER ST,Buena Vista,5.0,POINT (-122.44036102 37.77084732),Web,
3640595,05/14/2014 06:14:57 AM,05/14/2014 08:20:09 AM,05/14/2014 08:20:09 AM,Closed,Recology_Abandoned,Street and Sidewalk Cleaning,General Cleaning,Other Loose Garbage,"3330 MISSION ST, SAN FRANCISCO, CA, 94110",Bernal Heights,9.0,POINT (-122.4213562 37.74341583),Web,
3640594,05/14/2014 06:13:04 AM,05/14/2014 08:51:06 AM,05/14/2014 08:51:06 AM,Closed,DPW Ops Queue,Street and Sidewalk Cleaning,General Cleaning,Paper Spill,Intersection of STANFORD ST and TOWNSEND ST,South Beach,6.0,POINT (-122.390987 37.780208),Mobile/Open311,http://mobile311.sfgov.org/reports/3640594/photos
3640592,05/14/2014 06:12:02 AM,05/16/2014 09:00:00 AM,05/16/2014 09:00:00 AM,Closed,DPW Ops Queue,Graffiti,Graffiti on Pole,Pole - Offensive,Intersection of HAIGHT ST and BAKER ST,Buena Vista,5.0,POINT (-122.44036102 37.77084732),Web,
3640587,05/14/2014 06:08:32 AM,05/14/2014 09:45:00 AM,05/14/2014 09:45:00 AM,Closed,DPW Ops Queue,Street and Sidewalk Cleaning,General Cleaning,Other Loose Garbage,Intersection of SAN BRUNO AVE and ALAMEDA ST,Showplace Square,6.0,POINT (-122.40583038 37.76847458),Phone,
3640586,05/14/2014 06:08:23 AM,09/10/2014 12:06:19 PM,09/10/2014 12:06:19 PM,Closed,DPT SignShop Surveyed - Area 1 Queue,Graffiti,Graffiti on Pole,Pole - Offensive,Intersection of BAKER ST and PAGE ST,Buena Vista,5.0,POINT (-122.44054413 37.77177811),Web,
3640583,05/14/2014 06:07:05 AM,05/14/2014 02:57:07 PM,05/14/2014 02:57:07 PM,Closed,Recology_Abandoned,Street and Sidewalk Cleaning,General Cleaning,Other Loose Garbage,Intersection of SAN BRUNO AVE and 16TH ST,Potrero Hill,6.0,POINT (-122.40558629 37.76589948),Phone,
3640582,05/14/2014 06:06:48 AM,06/27/2014 11:55:47 AM,06/27/2014 11:55:47 AM,Closed,DPT SignShop Surveyed - Area 1 Queue,Graffiti,Graffiti on Pole,Pole - Offensive,Intersection of BAKER ST and PAGE ST,Buena Vista,5.0,POINT (-122.44054413 37.77177811),Web,
3640579,05/14/2014 06:05:05 AM,06/23/2014 09:56:00 AM,06/23/2014 09:56:00 AM,Closed,DPW BSM Queue,Graffiti,Graffiti on News_rack,News_rack - Offensive,Intersection of BAKER ST and MCALLISTER ST,Western Addition,2.0,POINT (-122.44168091 37.77737427),Web,
3640576,05/14/2014 06:03:01 AM,05/19/2014 12:00:00 PM,05/19/2014 12:00:00 PM,Closed,DPW BSM Queue,Graffiti,Graffiti on News_rack,News_rack - Offensive,Intersection of BAKER ST and MCALLISTER ST,Western Addition,2.0,POINT (-122.44168091 37.77737427),Web,
3640575,05/14/2014 06:02:57 AM,05/20/2014 12:00:00 PM,05/20/2014 12:00:00 PM,Closed,DPW BSM Queue,Damaged Property,Damaged News_Rack,News_Rack,"554 COMMERCIAL ST, SAN FRANCISCO, CA, 94111",Financial District,3.0,POINT (-122.40240631 37.79440537),Mobile/Open311,http://mobile311.sfgov.org/reports/3640575/photos
3640574,05/14/2014 06:00:17 AM,05/14/2014 11:45:29 AM,05/14/2014 11:45:29 AM,Closed,Recology_Abandoned,Street and Sidewalk Cleaning,Bulky Items,Furniture,"4333 CABRILLO ST, SAN FRANCISCO, CA, 94121",Outer Richmond,1.0,POINT (-122.5052948 37.77333832),Phone,
3640573,05/14/2014 06:00:11 AM,05/29/2014 01:38:13 AM,05/29/2014 01:38:13 AM,Closed,DPW Ops Queue,Graffiti,Graffiti on Sidewalk_structure,Sidewalk_structure - Offensive,Intersection of BAKER ST and MCALLISTER ST,Western Addition,2.0,POINT (-122.44168091 37.77737427),Web,
3640571,05/14/2014 05:58:24 AM,05/15/2014 05:49:14 AM,05/15/2014 05:49:14 AM,Closed,DPW Ops Queue,Graffiti,Graffiti on Pole,Pole - Offensive,Intersection of BAKER ST and TURK BLVD,Western Addition,2.0,POINT (-122.44205475 37.77924347),Web,
3640568,05/14/2014 05:54:44 AM,05/14/2014 10:26:19 AM,05/14/2014 10:26:19 AM,Closed,Recology_Abandoned,Street and Sidewalk Cleaning,General Cleaning,Other Loose Garbage,Intersection of LAGUNA ST and OAK ST,Lower Haight,5.0,POINT (-122.425957 37.774647),Mobile/Open311,
3640567,05/14/2014 05:54:40 AM,05/14/2014 03:59:17 AM,05/14/2014 03:59:17 AM,Closed,DPW Ops Queue,Graffiti,Graffiti on Street,Street - Offensive,Intersection of GEARY BLVD and PRESIDIO AVE,Anza Vista,2.0,POINT (-122.44582367 37.78248978),Web,
3640562,05/14/2014 05:46:55 AM,06/19/2014 11:27:00 AM,06/19/2014 11:27:00 AM,Closed,DPW BSM Queue,Graffiti,Graffiti on News_rack,News_rack - Offensive,"2500 GEARY BLVD, SAN FRANCISCO, CA, 94115",Lower Pacific Heights,2.0,POINT (-122.44475555 37.78282547),Web,
3640561,05/14/2014 05:46:33 AM,05/14/2014 01:07:47 AM,05/14/2014 01:07:47 AM,Closed,DPW Ops Queue,Street and Sidewalk Cleaning,General Cleaning,Paper Spill,Intersection of 32ND AVE and FULTON ST,Outer Richmond,1.0,POINT (-122.49168843 37.77222521),Phone,
3640559,05/14/2014 05:44:15 AM,05/19/2014 12:00:00 PM,05/19/2014 12:00:00 PM,Closed,DPW BSM Queue,Sidewalk or Curb,Sidewalk_Defect,Collapsed_sidewalk,Intersection of FILBERT ST and GRANT AVE,North Beach,3.0,POINT (-122.40773066 37.80145174),Mobile/Open311,http://mobile311.sfgov.org/reports/3640559/photos
3640555,05/14/2014 05:41:55 AM,05/15/2014 12:00:00 PM,05/15/2014 12:00:00 PM,Closed,DPW BSM Queue,Sidewalk or Curb,Sidewalk_Defect,Collapsed_sidewalk,Intersection of FILBERT ST and GRANT AVE,North Beach,3.0,POINT (-122.40776142 37.80146624),Mobile/Open311,http://mobile311.sfgov.org/reports/3640555/photos
3640554,05/14/2014 05:38:21 AM,11/15/2016 01:18:16 AM,11/15/2016 01:18:16 AM,Closed,DPW BSM Queue,Sidewalk or Curb,Sidewalk_Defect,Collapsed_sidewalk,"2 NOBLES ALY, SAN FRANCISCO, CA, 94133",Telegraph Hill,3.0,POINT (-122.40754173 37.8010733),Mobile/Open311,http://mobile311.sfgov.org/reports/3640554/photos
3640553,05/14/2014 05:34:43 AM,05/14/2014 03:59:17 AM,05/14/2014 03:59:17 AM,Closed,DPW Ops Queue,Graffiti,Graffiti on Signal_box,Signal_box - Offensive,Intersection of PRESIDIO AVE and GEARY BLVD,Anza Vista,2.0,POINT (-122.44582367 37.78248978),Web,
3640552,05/14/2014 05:34:26 AM,05/22/2014 02:20:52 PM,05/22/2014 02:20:52 PM,Closed,DPT Meter_Bike Queue,Damaged Property,Damaged Parking_Meter,Parking_Meter,"2 NOBLES ALY, SAN FRANCISCO, CA, 94133",Telegraph Hill,3.0,POINT (-122.40756738 37.80099174),Mobile/Open311,http://mobile311.sfgov.org/reports/3640552/photos
3640551,05/14/2014 05:31:52 AM,05/15/2014 01:26:13 AM,05/15/2014 01:26:13 AM,Closed,DPW Ops Queue,Litter Receptacles,Litter_Receptacle_Request_New_Removal,,Intersection of PRESIDIO AVE and GEARY BLVD,Anza Vista,2.0,POINT (-122.44582367 37.78248978),Web,
3640550,05/14/2014 05:29:09 AM,05/15/2014 01:24:23 AM,05/15/2014 01:24:23 AM,Closed,DPW Ops Queue,Litter Receptacles,Litter_Receptacle_Request_New_Removal,,Intersection of PRESIDIO AVE and POST ST,Laurel Heights / Jordan Park,5.0,POINT (-122.44602966 37.7835083),Web,
3640549,05/14/2014 05:28:22 AM,05/14/2014 01:00:57 PM,05/14/2014 01:00:57 PM,Closed,DPT Meter_Bike Queue,Damaged Property,Damaged Parking_Meter,Parking_Meter,Intersection of GRANT AVE and NOBLES ALY,North Beach,3.0,POINT (-122.40767953 37.80084759),Mobile/Open311,http://mobile311.sfgov.org/reports/3640549/photos
3640548,05/14/2014 05:27:46 AM,05/14/2014 01:06:28 AM,05/14/2014 01:06:28 AM,Closed,DPW Ops Queue,Street and Sidewalk Cleaning,General Cleaning,Other Loose Garbage,Intersection of 20TH AVE and CLEMENT ST,Outer Richmond,1.0,POINT (-122.47951508 37.78226089),Phone,
3640546,05/14/2014 05:26:42 AM,05/14/2014 04:04:00 AM,05/14/2014 04:04:00 AM,Closed,DPW Ops Queue,Graffiti,Graffiti on City_receptacle,City_receptacle - Offensive,Intersection of PRESIDIO AVE and GEARY BLVD,Anza Vista,2.0,POINT (-122.44582367 37.78248978),Web,
3640545,05/14/2014 05:25:36 AM,05/16/2014 03:20:10 PM,05/16/2014 03:20:10 PM,Closed,PUC Sewer Ops,Sewer Issues,Odor,From_catch_basin,Intersection of FILBERT ST and GRANT AVE,North Beach,3.0,POINT (-122.40767106 37.80155454),Mobile/Open311,http://mobile311.sfgov.org/reports/3640545/photos
3640544,05/14/2014 05:25:04 AM,05/14/2014 03:59:45 AM,05/14/2014 03:59:45 AM,Closed,DPW Ops Queue,Graffiti,Graffiti on Pole,Pole - Offensive,Intersection of POST ST and PRESIDIO AVE,Laurel Heights / Jordan Park,5.0,POINT (-122.44602966 37.7835083),Web,
3640543,05/14/2014 05:23:25 AM,05/14/2014 04:00:29 AM,05/14/2014 04:00:29 AM,Closed,DPW Ops Queue,Graffiti,Graffiti on Pole,Pole - Offensive,Intersection of PRESIDIO AVE and BUSH ST,Laurel Heights / Jordan Park,2.0,POINT (-122.44641876 37.78536987),Web,
3640541,05/14/2014 05:22:16 AM,05/14/2014 12:34:29 PM,05/14/2014 12:34:29 PM,Closed,DPT Meter_Bike Queue,Graffiti,Graffiti on Parking_meter,Parking_meter - Not_Offensive,"1446 GRANT AVE, SAN FRANCISCO, CA, 94133",North Beach,3.0,POINT (-122.40744987 37.80031222),Mobile/Open311,http://mobile311.sfgov.org/reports/3640541/photos
3640540,05/14/2014 05:22:08 AM,05/16/2014 02:18:30 AM,05/16/2014 02:18:30 AM,Closed,DPW Ops Queue,Graffiti,Graffiti on Street,Street - Offensive,Intersection of JOHN F KENNEDY DR and KEZAR DR,Golden Gate Park,1.0,POINT (-122.45529175 37.77093124),Web,
3640539,05/14/2014 05:22:00 AM,10/29/2014 09:46:14 AM,10/29/2014 09:46:14 AM,Closed,DPT Paint Shop Pavement Queue,Damaged Property,Damaged Parking_Meter,Parking_Meter,Intersection of FILBERT ST and GRANT AVE,North Beach,3.0,POINT (-122.40768473 37.8015768),Mobile/Open311,http://mobile311.sfgov.org/reports/3640539/photos
3640538,05/14/2014 05:21:44 AM,11/15/2016 01:18:17 AM,11/15/2016 01:18:17 AM,Closed,DPW BSM Queue,Sidewalk or Curb,Sidewalk_Defect,Collapsed_sidewalk,"1446 GRANT AVE, SAN FRANCISCO, CA, 94133",North Beach,3.0,POINT (-122.40748423 37.80048455),Mobile/Open311,http://mobile311.sfgov.org/reports/3640538/photos
3640537,05/14/2014 05:21:39 AM,06/09/2014 01:49:48 AM,06/09/2014 01:49:48 AM,Closed,DPW Ops Queue,Litter Receptacles,Cans_Left_Out_24x7,,"760 14TH ST, SAN FRANCISCO, CA, 94114",Duboce Triangle,8.0,POINT (-122.43033929 37.76769974),Phone,
3640535,05/14/2014 05:20:52 AM,05/21/2014 11:03:56 AM,05/21/2014 11:03:56 AM,Closed,DPT Meter_Bike Queue,Graffiti,Graffiti on Parking_meter,Parking_meter - Not_Offensive,"50 BANNAM PL, SAN FRANCISCO, CA, 94133",North Beach,3.0,POINT (-122.40749672 37.80035329),Mobile/Open311,http://mobile311.sfgov.org/reports/3640535/photos
3640534,05/14/2014 05:20:48 AM,05/21/2014 11:04:53 AM,05/21/2014 11:04:53 AM,Closed,DPT Meter_Bike Queue,Graffiti,Graffiti on Parking_meter,Parking_meter - Not_Offensive,"1449 GRANT AVE, SAN FRANCISCO, CA, 94133",North Beach,3.0,POINT (-122.40758825 37.80020833),Mobile/Open311,http://mobile311.sfgov.org/reports/3640534/photos
3640532,05/14/2014 05:19:43 AM,05/21/2014 11:05:20 AM,05/21/2014 11:05:20 AM,Closed,DPT Meter_Bike Queue,Graffiti,Graffiti on Parking_meter,Parking_meter - Not_Offensive,"1435 GRANT AVE, SAN FRANCISCO, CA, 94133",North Beach,3.0,POINT (-122.40754668 37.80008088),Mobile/Open311,http://mobile311.sfgov.org/reports/3640532/photos
3640530,05/14/2014 05:18:49 AM,05/21/2014 02:09:00 AM,05/21/2014 02:09:00 AM,Closed,DPW BSM Queue,Sidewalk or Curb,Curb_or_Curb_Ramp_Defect,Curb_or_Curb_Ramp_Defect,"1435 GRANT AVE, SAN FRANCISCO, CA, 94133",North Beach,3.0,POINT (-122.40739496 37.80015938),Mobile/Open311,http://mobile311.sfgov.org/reports/3640530/photos
3640528,05/14/2014 05:18:33 AM,05/22/2014 02:17:04 PM,05/22/2014 02:17:04 PM,Closed,DPT Meter_Bike Queue,Damaged Property,Damaged Parking_Meter,Parking_Meter,"1535 GRANT AVE, SAN FRANCISCO, CA, 94133",North Beach,3.0,POINT (-122.40783451 37.80110934),Mobile/Open311,http://mobile311.sfgov.org/reports/3640528/photos
3640527,05/14/2014 05:18:29 AM,05/21/2014 11:05:46 AM,05/21/2014 11:05:46 AM,Closed,DPT Meter_Bike Queue,Graffiti,Graffiti on Parking_meter,Parking_meter - Not_Offensive,"1435 GRANT AVE, SAN FRANCISCO, CA, 94133",North Beach,3.0,POINT (-122.40742011 37.80005871),Mobile/Open311,http://mobile311.sfgov.org/reports/3640527/photos
3640526,05/14/2014 05:18:11 AM,05/12/2014 05:32:57 AM,05/12/2014 05:32:57 AM,Closed,DPW Ops Queue,Graffiti,Graffiti on Street,Street - Offensive,Intersection of JOHN F KENNEDY DR and KEZAR DR,Golden Gate Park,1.0,POINT (-122.45529175 37.77093124),Web,
3640525,05/14/2014 05:17:46 AM,05/22/2014 02:16:21 PM,05/22/2014 02:16:21 PM,Closed,DPT Meter_Bike Queue,Damaged Property,Damaged Parking_Meter,Parking_Meter,"1539 GRANT AVE, SAN FRANCISCO, CA, 94133",North Beach,3.0,POINT (-122.40777634 37.8011839),Mobile/Open311,http://mobile311.sfgov.org/reports/3640525/photos
3640524,05/14/2014 05:17:32 AM,05/15/2014 12:00:00 PM,05/15/2014 12:00:00 PM,Closed,DPW BSM Queue,Sidewalk or Curb,Curb_or_Curb_Ramp_Defect,Curb_or_Curb_Ramp_Defect,"1400 GRANT AVE, SAN FRANCISCO, CA, 94133",North Beach,3.0,POINT (-122.40732741 37.80005234),Mobile/Open311,http://mobile311.sfgov.org/reports/3640524/photos
3640523,05/14/2014 05:15:44 AM,05/22/2014 02:16:06 PM,05/22/2014 02:16:06 PM,Closed,DPT Meter_Bike Queue,Damaged Property,Damaged Parking_Meter,Parking_Meter,"1413 GRANT AVE, SAN FRANCISCO, CA, 94133",North Beach,3.0,POINT (-122.40755732 37.79996588),Mobile/Open311,http://mobile311.sfgov.org/reports/3640523/photos
3640522,05/14/2014 05:15:30 AM,05/22/2014 02:15:49 PM,05/22/2014 02:15:49 PM,Closed,DPT Meter_Bike Queue,Damaged Property,Damaged Parking_Meter,Parking_Meter,"1508 GRANT AVE, SAN FRANCISCO, CA, 94133",Telegraph Hill,3.0,POINT (-122.40746571 37.80081677),Mobile/Open311,http://mobile311.sfgov.org/reports/3640522/photos
3640521,05/14/2014 05:15:11 AM,05/22/2014 02:15:19 PM,05/22/2014 02:15:19 PM,Closed,DPT Meter_Bike Queue,Damaged Property,Damaged Parking_Meter,Parking_Meter,"1413 GRANT AVE, SAN FRANCISCO, CA, 94133",North Beach,3.0,POINT (-122.40755732 37.79996588),Mobile/Open311,http://mobile311.sfgov.org/reports/3640521/photos
3640520,05/14/2014 05:14:56 AM,05/20/2014 08:34:55 AM,05/20/2014 08:34:55 AM,Closed,DPT Abandoned Vehicles Work Queue,Abandoned Vehicle,Abandoned Vehicles,DPT Abandoned Vehicles Low,Intersection of ARGUELLO BLVD and FREDERICK ST,Golden Gate Park,8.0,POINT (-122.45758371 37.76600773),Mobile/Open311,http://mobile311.sfgov.org/reports/3640520/photos
3640519,05/14/2014 05:11:20 AM,05/22/2014 02:14:55 PM,05/22/2014 02:14:55 PM,Closed,DPT Meter_Bike Queue,Damaged Property,Damaged Parking_Meter,Parking_Meter,Intersection of GRANT AVE and GREEN ST,North Beach,3.0,POINT (-122.40740662 37.79975625),Mobile/Open311,http://mobile311.sfgov.org/reports/3640519/photos
3640518,05/14/2014 05:10:37 AM,03/07/2022 05:30:29 PM,03/07/2022 05:30:29 PM,Closed,DPW BSSR Queue,Street Defects,Pavement_Defect,Pavement_Defect,Intersection of GRANT AVE and GREEN ST,North Beach,3.0,POINT (-122.40740854 37.79976029),Mobile/Open311,http://mobile311.sfgov.org/reports/3640518/photos
3640517,05/14/2014 05:07:15 AM,05/21/2014 01:29:34 PM,05/21/2014 01:29:34 PM,Closed,DPT Meter_Bike Queue,Damaged Property,Damaged Parking_Meter,Parking_Meter,"1350 GRANT AVE, SAN FRANCISCO, CA, 94133",North Beach,3.0,POINT (-122.40729748 37.79948823),Mobile/Open311,http://mobile311.sfgov.org/reports/3640517/photos
3640516,05/14/2014 05:06:58 AM,07/10/2016 12:00:00 PM,07/10/2016 12:00:00 PM,Closed,DPW BSM Queue,Sidewalk or Curb,sidewalk_other,sidewalk_other,"1363 GRANT AVE, SAN FRANCISCO, CA, 94133",North Beach,3.0,POINT (-122.40748641 37.7996226),Mobile/Open311,http://mobile311.sfgov.org/reports/3640516/photos
3640515,05/14/2014 05:05:45 AM,05/21/2014 01:29:23 PM,05/21/2014 01:29:23 PM,Closed,DPT Meter_Bike Queue,Damaged Property,Damaged Parking_Meter,Parking_Meter,"1363 GRANT AVE, SAN FRANCISCO, CA, 94133",North Beach,3.0,POINT (-122.40734995 37.79955916),Mobile/Open311,http://mobile311.sfgov.org/reports/3640515/photos
3640514,05/14/2014 05:04:14 AM,05/21/2014 01:29:07 PM,05/21/2014 01:29:07 PM,Closed,DPT Meter_Bike Queue,Damaged Property,Damaged Parking_Meter,Parking_Meter,"1337 GRANT AVE, SAN FRANCISCO, CA, 94133",North Beach,3.0,POINT (-122.40741743 37.79931293),Mobile/Open311,http://mobile311.sfgov.org/reports/3640514/photos
3640513,05/14/2014 05:04:10 AM,05/21/2014 01:28:53 PM,05/21/2014 01:28:53 PM,Closed,DPT Meter_Bike Queue,Damaged Property,Damaged Parking_Meter,Parking_Meter,"1336 GRANT AVE, SAN FRANCISCO, CA, 94133",North Beach,3.0,POINT (-122.4072347 37.79929775),Mobile/Open311,http://mobile311.sfgov.org/reports/3640513/photos
3640512,05/14/2014 05:03:19 AM,05/15/2014 05:43:50 AM,05/15/2014 05:43:50 AM,Closed,DPW - Bureau of Street Environmental Services - G,Graffiti,Graffiti on Other_enter_additional_details_below,Other_enter_additional_details_below - Offensive,"1345 GRANT AVE, SAN FRANCISCO, CA, 94133",North Beach,3.0,POINT (-122.4074041 37.7993431),Mobile/Open311,http://mobile311.sfgov.org/reports/3640512/photos
3640511,05/14/2014 05:03:09 AM,06/16/2014 09:51:38 AM,06/16/2014 09:51:38 AM,Closed,DPW Ops Queue,Graffiti,Graffiti on Building_residential,Building_residential - Not_Offensive,"1337 GRANT AVE, SAN FRANCISCO, CA, 94133",North Beach,3.0,POINT (-122.40745531 37.79929549),Mobile/Open311,http://mobile311.sfgov.org/reports/3640511/photos
3640510,05/14/2014 05:02:23 AM,06/16/2014 09:51:38 AM,06/16/2014 09:51:38 AM,Closed,DPW Ops Queue,Graffiti,Graffiti on Building_commercial,Building_commercial - Not_Offensive,"1336 GRANT AVE, SAN FRANCISCO, CA, 94133",North Beach,3.0,POINT (-122.40728734 37.79930601),Mobile/Open311,http://mobile311.sfgov.org/reports/3640510/photos
3640509,05/14/2014 05:02:08 AM,05/21/2014 01:28:38 PM,05/21/2014 01:28:38 PM,Closed,DPT Meter_Bike Queue,Damaged Property,Damaged Parking_Meter,Parking_Meter,"1336 GRANT AVE, SAN FRANCISCO, CA, 94133",North Beach,3.0,POINT (-122.40720671 37.79930704),Mobile/Open311,http://mobile311.sfgov.org/reports/3640509/photos
3640508,05/14/2014 04:59:32 AM,06/16/2014 09:51:38 AM,06/16/2014 09:51:38 AM,Closed,DPW Ops Queue,Graffiti,Graffiti on Sidewalk_in_front_of_property,Sidewalk_in_front_of_property - Not_Offensive,"1327 GRANT AVE, SAN FRANCISCO, CA, 94133",North Beach,3.0,POINT (-122.40741366 37.7991284),Mobile/Open311,http://mobile311.sfgov.org/reports/3640508/photos
3640507,05/14/2014 04:59:27 AM,05/21/2014 01:28:06 PM,05/21/2014 01:28:06 PM,Closed,DPT Meter_Bike Queue,Damaged Property,Damaged Parking_Meter,Parking_Meter,"1331 GRANT AVE, SAN FRANCISCO, CA, 94133",North Beach,3.0,POINT (-122.40726546 37.7992391),Mobile/Open311,http://mobile311.sfgov.org/reports/3640507/photos
3640506,05/14/2014 04:54:51 AM,06/16/2014 09:51:38 AM,06/16/2014 09:51:38 AM,Closed,DPW Ops Queue,Street Defects,Pavement_Defect,Pavement_Defect,"1300 GRANT AVE, SAN FRANCISCO, CA, 94133",North Beach,3.0,POINT (-122.40721392 37.7991641),Mobile/Open311,http://mobile311.sfgov.org/reports/3640506/photos
3640505,05/14/2014 04:48:44 AM,05/21/2014 12:00:00 PM,05/21/2014 12:00:00 PM,Closed,DPW BSM Queue,Sidewalk or Curb,Curb_or_Curb_Ramp_Defect,Curb_or_Curb_Ramp_Defect,Intersection of FRESNO ST and GRANT AVE,North Beach,3.0,POINT (-122.40723412 37.79856686),Mobile/Open311,http://mobile311.sfgov.org/reports/3640505/photos
3640504,05/14/2014 04:45:11 AM,09/15/2016 01:12:27 AM,09/15/2016 01:12:27 AM,Closed,DPW BSM Queue,Sidewalk or Curb,Curb_or_Curb_Ramp_Defect,Curb_or_Curb_Ramp_Defect,Intersection of FRESNO ST and GRANT AVE,North Beach,3.0,POINT (-122.40716574 37.79849084),Mobile/Open311,http://mobile311.sfgov.org/reports/3640504/photos
3640503,05/14/2014 04:29:04 AM,05/15/2014 08:26:39 AM,05/15/2014 08:26:39 AM,Closed,MUNI Work Queue,MUNI Feedback,MUNI - Conduct_Inattentiveness_Negligence,201_Pass_Up_Did_Not_Wait_for_Transferee,Intersection of 19TH AVE and HOLLOWAY AVE,Stonestown,7.0,POINT (-122.47521973 37.72105789),Phone,
3640502,05/14/2014 04:28:19 AM,03/05/2024 03:03:40 PM,03/05/2024 03:03:40 PM,Closed,DPW BSSR Queue,Street Defects,Pavement_Defect,Pavement_Defect,Intersection of PINE ST and DIVISADERO ST,Lower Pacific Heights,2.0,POINT (0 0),Phone,
3640500,05/14/2014 04:22:24 AM,05/17/2014 01:30:17 AM,05/17/2014 01:30:17 AM,Closed,DPT Signal Queue,Damaged Property,Damaged Traffic_Signal,Traffic_Signal,Intersection of FOLSOM ST and PRECITA AVE,Bernal Heights,9.0,POINT (-122.41357105 37.74717072),Twitter,
3640486,05/14/2014 02:31:57 AM,05/14/2014 01:30:44 PM,05/14/2014 01:30:44 PM,Closed,Recology_Litter,Litter Receptacles,Door_Lock_issues,,Intersection of OFARRELL ST and CYRIL MAGNIN ST,Downtown / Union Square,5.0,POINT (-122.40894318 37.78629684),Integrated Agency,
3640485,05/14/2014 02:16:13 AM,05/14/2014 01:38:27 AM,05/14/2014 01:38:27 AM,Closed,DPW Ops Queue,Tree Maintenance,Trees - Damaged_Tree,Fallen_tree,Intersection of GEARY BLVD and STEINER ST,Western Addition,5.0,POINT (-122.43456374 37.78415049),Phone,
3640481,05/14/2014 01:45:19 AM,05/20/2014 07:46:38 AM,05/20/2014 07:46:38 AM,Closed,DPT Abandoned Vehicles Work Queue,Abandoned Vehicle,Abandoned Vehicle - Car4door,blue - Nissan - Sentra - efg8963,"3801 IRVING ST, SAN FRANCISCO, CA, 94122",Outer Sunset,4.0,POINT (-122.49884033 37.76246262),Web,
3640476,05/14/2014 01:08:41 AM,05/15/2014 08:25:42 AM,05/15/2014 08:25:42 AM,Closed,MUNI Work Queue,MUNI Feedback,MUNI - Conduct_Inattentiveness_Negligence,212_Did_Not_Enforce_Rules_Contact_Authorities,Not associated with a specific address,,,POINT (0 0),Phone,
3640472,05/14/2014 12:41:44 AM,05/16/2014 01:54:05 PM,05/16/2014 01:54:05 PM,Closed,SFMTA - Citations/Resident Parking Permits - G,General Request - MTA,customer_callback,mta_other - customer_callback,Not associated with a specific address,,,POINT (0 0),Web,
3640471,05/14/2014 12:40:38 AM,05/14/2014 03:28:44 AM,05/14/2014 03:28:44 AM,Closed,PUC - Water - G,General Request - PUC,followup_request,water - followup_request,Not associated with a specific address,,,POINT (0 0),Web,
3640466,05/14/2014 12:18:35 AM,05/27/2014 08:34:22 AM,05/27/2014 08:34:22 AM,Closed,MUNI Work Queue,Sign Repair,Sign - Other,Other - Other; support - OK,Intersection of BUENA VISTA WEST AVE and HAIGHT ST,Buena Vista,8.0,POINT (-122.442974 37.770481),Mobile/Open311,
3640463,05/14/2014 12:10:13 AM,04/20/2015 04:05:45 AM,04/20/2015 04:05:45 AM,Closed,311 Service Request Queue - Hold,General Request - PUBLIC WORKS,customer_callback,bsm - customer_callback,Intersection of SUTTER ST and JONES ST,Lower Nob Hill,3.0,POINT (-122.41354133 37.78859744),Phone,
3640462,05/14/2014 12:04:20 AM,05/21/2014 01:27:35 PM,05/21/2014 01:27:35 PM,Closed,DPT Meter_Bike Queue,Damaged Property,Damaged Parking_Meter,Parking_Meter,"242 OFARRELL ST, SAN FRANCISCO, CA, 94102",Downtown / Union Square,3.0,POINT (-122.40892512 37.78635388),Phone,
3640452,05/13/2014 11:46:44 PM,05/15/2014 08:20:38 AM,05/15/2014 08:20:38 AM,Closed,MUNI Work Queue,MUNI Feedback,MUNI - Services_Miscellaneous,801_NextMuni_Technology,Intersection of 9TH AVE and JUDAH ST,Inner Sunset,7.0,POINT (-122.46617889 37.76217651),Phone,
3640450,05/13/2014 11:44:46 PM,09/04/2014 12:16:15 PM,09/04/2014 12:16:15 PM,Closed,DPW Ops Queue,Tree Maintenance,Trees - Damaged_Tree,Dead_tree,"1098 GENEVA AVE, SAN FRANCISCO, CA, 94112",Crocker Amazon,11.0,POINT (-122.43804932 37.71485901),Web,
3640449,05/13/2014 11:42:32 PM,05/15/2014 09:14:32 AM,05/15/2014 09:14:32 AM,Closed,PUC Sewer Ops,Sewer Issues,Odor,From_other_location,"1000 SUTTER ST, SAN FRANCISCO, CA, 94109",Lower Nob Hill,3.0,POINT (-122.41688917 37.78822442),Phone,
3640444,05/13/2014 11:29:01 PM,03/07/2022 05:30:29 PM,03/07/2022 05:30:29 PM,Closed,DPW BSSR Queue,Street Defects,Pavement_Defect,Pavement_Defect,Intersection of 8TH AVE and IRVING ST,Inner Sunset,7.0,POINT (-122.46524811 37.76408386),Web,
3640438,05/13/2014 11:24:14 PM,05/15/2014 10:01:03 AM,05/15/2014 10:01:03 AM,Closed,PUC Sewer Ops,Street Defects,Pavement_Defect,Pavement_Defect,Intersection of IRVING ST and 10TH AVE,Inner Sunset,7.0,POINT (-122.46738434 37.76398849),Web,
3640435,05/13/2014 11:20:33 PM,05/15/2014 11:07:30 AM,05/15/2014 11:07:30 AM,Closed,RPD GGP Queue,Rec and Park Requests,Park - Neighborhood_Services_Area,Irrigation,"GGP Panhandle, , SAN FRANCISCO, CA, 94117",Panhandle,5.0,POINT (-122.44551858 37.77285167),Mobile/Open311,
3640425,05/13/2014 11:05:53 PM,05/15/2014 04:58:34 PM,05/15/2014 04:58:34 PM,Closed,MUNI Work Queue,MUNI Feedback,MUNI - Services_Service_Delivery_Facilities,601_Delay_No_Show,Not associated with a specific address,,,POINT (0 0),Phone,
3640424,05/13/2014 11:05:48 PM,05/15/2014 04:51:40 PM,05/15/2014 04:51:40 PM,Closed,MUNI Work Queue,MUNI Feedback,MUNI - Conduct_Unsafe_Operation,108_General_Careless_Operation,Intersection of MISSION ST and CORTLAND AVE,Bernal Heights,9.0,POINT (-122.42284393 37.74102783),Phone,
3640423,05/13/2014 11:04:03 PM,05/14/2014 01:01:35 AM,05/14/2014 01:01:35 AM,Closed,311 Supervisor Queue,Street and Sidewalk Cleaning,General Cleaning,Other Loose Garbage,"1200 MARKET ST, SAN FRANCISCO, CA, 94102",Civic Center,5.0,POINT (-122.41524506 37.77862167),Phone,
3640420,05/13/2014 11:01:21 PM,05/18/2014 02:21:31 PM,05/18/2014 02:21:31 PM,Closed,PG and E - Streetlights Queue,Streetlights,Streetlight - Pole_Damaged,Pole_Damaged on Wooden Pole,"65 LEO ST, SAN FRANCISCO, CA, 94112",Cayuga,11.0,POINT (-122.43759155 37.72277451),Web,
3640418,05/13/2014 10:58:43 PM,05/15/2014 05:05:45 PM,05/15/2014 05:05:45 PM,Closed,MUNI Work Queue,MUNI Feedback,MUNI - Services_Service_Delivery_Facilities,601_Delay_No_Show,Intersection of 14TH ST and NOE ST,Duboce Triangle,8.0,POINT (-122.43341064 37.76745987),Phone,
3640414,05/13/2014 10:53:59 PM,05/14/2014 05:04:18 AM,05/14/2014 05:04:18 AM,Closed,311 Supervisor Queue,Graffiti,Graffiti on Fire_hydrant,Fire_hydrant - Offensive,Intersection of SACRAMENTO ST and SANSOME ST,Financial District,3.0,POINT (-122.401229 37.793973),Mobile/Open311,
3640412,05/13/2014 10:51:47 PM,05/17/2014 12:45:43 PM,05/17/2014 12:45:43 PM,Closed,SFMTA - Temporary Sign Request Printing Queue,Temporary Sign Request,Temporary Sign Request for Moving_residential_property,26 ft zone requested from 05/20/2014 to 05/21/2014,"2055 SACRAMENTO ST, SAN FRANCISCO, CA, 94109",Pacific Heights,2.0,POINT (-122.42667389 37.79063797),Phone,
3640410,05/13/2014 10:50:30 PM,05/14/2014 11:40:02 AM,05/14/2014 11:40:02 AM,Closed,Clear Channel - Transit Queue,Street and Sidewalk Cleaning,General Cleaning,Other Loose Garbage,"1755 VAN NESS AVE, SAN FRANCISCO, CA, 94109",Pacific Heights,2.0,POINT (-122.42326974 37.79207762),Mobile/Open311,http://mobile311.sfgov.org/reports/3640410/photos
3640409,05/13/2014 10:49:15 PM,08/21/2014 05:29:50 PM,08/21/2014 05:29:50 PM,Closed,Housing Authority SR Queue,SFHA Requests,Plumbing,Plumbing - Emergency,"3850 18TH ST, Apt 108, SAN FRANCISCO, CA, 94114",Mission Dolores,8.0,POINT (-122.43000031 37.76169968),Phone,
3640408,05/13/2014 10:49:10 PM,05/14/2014 09:14:26 AM,05/14/2014 09:14:26 AM,Closed,Recology_Abandoned,Street and Sidewalk Cleaning,Bulky Items,Electronics,Intersection of CLAY ST and VAN NESS AVE,Pacific Heights,3.0,POINT (-122.42288288 37.79207215),Mobile/Open311,http://mobile311.sfgov.org/reports/3640408/photos
3640403,05/13/2014 10:45:01 PM,05/14/2014 09:15:23 AM,05/14/2014 09:15:23 AM,Closed,Recology_Abandoned,Street and Sidewalk Cleaning,General Cleaning,Other Loose Garbage,"1725 CLAY ST, SAN FRANCISCO, CA, 94109",Polk Gulch,3.0,POINT (-122.42163347 37.79223793),Mobile/Open311,http://mobile311.sfgov.org/reports/3640403/photos
3640399,05/13/2014 10:40:04 PM,04/17/2015 10:06:16 PM,04/17/2015 10:06:16 PM,Closed,311 Service Request Queue - Hold,Graffiti,Graffiti on Mail_box,Mail_box - Offensive,"801 BUSH ST, SAN FRANCISCO, CA, 94108",Lower Nob Hill,3.0,POINT (-122.41065511 37.78985892),Mobile/Open311,
3640398,05/13/2014 10:36:32 PM,05/21/2014 04:12:50 PM,05/21/2014 04:12:50 PM,Closed,311 Escalated KB Questions Queue,General Request - 311CUSTOMERSERVICECENTER,other,311CustomerServiceCenter - other,Not associated with a specific address,,,POINT (0 0),Web,
3640396,05/13/2014 10:35:31 PM,05/14/2014 09:14:14 AM,05/14/2014 09:14:14 AM,Closed,Recology_Abandoned,Street and Sidewalk Cleaning,Bulky Items,Furniture,"800 BUSH ST, SAN FRANCISCO, CA, 94108",Lower Nob Hill,3.0,POINT (-122.4105777 37.79006688),Mobile/Open311,
3640395,05/13/2014 10:35:06 PM,05/15/2014 05:07:04 PM,05/15/2014 05:07:04 PM,Closed,MUNI Work Queue,MUNI Feedback,MUNI - Conduct_Inattentiveness_Negligence,202_Ignored_Stop_Request,Not associated with a specific address,,,POINT (0 0),Phone,
3640390,05/13/2014 10:29:28 PM,05/20/2014 07:46:08 AM,05/20/2014 07:46:08 AM,Closed,DPT Abandoned Vehicles Work Queue,Abandoned Vehicle,Abandoned Vehicle - Trailer,,"1700 43RD AVE, SAN FRANCISCO, CA, 94122",Outer Sunset,4.0,POINT (-122.50215149 37.75484085),Web,
3640388,05/13/2014 10:27:53 PM,05/15/2014 05:10:27 PM,05/15/2014 05:10:27 PM,Closed,MUNI Work Queue,MUNI Feedback,MUNI - Conduct_Discourteous_Insensitive_Inappropriate_Conduct,306_General_Unprofessional_Conduct_Appearance,Not associated with a specific address,,,POINT (0 0),Phone,
3640386,05/13/2014 10:27:03 PM,05/20/2014 06:52:19 AM,05/20/2014 06:52:19 AM,Closed,DPT Abandoned Vehicles Work Queue,Abandoned Vehicle,Abandoned Vehicle - Car4door,blue - Saab - 9000 CSE - 4CCH340,Intersection of ULLOA ST and 42ND AVE,Outer Sunset,4.0,POINT (-122.50019836 37.74009705),Web,
3640383,05/13/2014 10:25:37 PM,05/15/2014 04:45:22 PM,05/15/2014 04:45:22 PM,Closed,SSP - MTA Feedback Queue,MUNI Feedback,MUNI  -,,Not associated with a specific address,,,POINT (0 0),Web,
3640380,05/13/2014 10:24:25 PM,05/20/2014 07:41:30 AM,05/20/2014 07:41:30 AM,Closed,DPT Abandoned Vehicles Work Queue,Abandoned Vehicle,Abandoned Vehicle - PickupTruck,grey - GMC - Light Truck - 21F Z25,Intersection of ULLOA ST and 42ND AVE,Outer Sunset,4.0,POINT (-122.50019836 37.74009705),Web,
3640378,05/13/2014 10:23:00 PM,08/21/2014 05:29:49 PM,08/21/2014 05:29:49 PM,Closed,Housing Authority SR Queue,SFHA Requests,Carpentery,Carpentery - Emergency,"1760 BUSH ST, Apt 303, SAN FRANCISCO, CA, 94109",Cathedral Hill,5.0,POINT (-122.4260025 37.78820038),Phone,
3640373,05/13/2014 10:19:07 PM,05/14/2014 09:34:51 AM,05/14/2014 09:34:51 AM,Closed,Recology_Abandoned,Street and Sidewalk Cleaning,Bulky Items,Refrigerator,Intersection of ABBEY ST and CHULA LN,Mission Dolores,8.0,POINT (-122.42723846 37.76379776),Integrated Agency,
3640371,05/13/2014 10:17:16 PM,05/15/2014 04:44:08 PM,05/15/2014 04:44:08 PM,Closed,MUNI Work Queue,MUNI Feedback,MUNI - Conduct_Inattentiveness_Negligence,206_Not_Adhering_to_Schedule,Intersection of 46TH AVE and WAWONA ST,Parkside,4.0,POINT (-122.50422668 37.73618317),Phone,
3640364,05/13/2014 10:08:54 PM,05/14/2014 05:54:41 AM,05/14/2014 05:54:41 AM,Closed,Clear Channel - Transit Queue,Damaged Property,Damaged Transit_Shelter_Platform,Transit_Shelter_Platform,Intersection of 3RD ST and FOLSOM ST,South of Market,6.0,POINT (-122.39893271 37.78378482),Phone,
3640362,05/13/2014 10:08:25 PM,05/15/2014 03:49:23 PM,05/15/2014 03:49:23 PM,Closed,PUC Streetlights Queue,Streetlights,Streetlight - Light_Burnt_Out,Light_Burnt_Out on Concrete Pole,Intersection of CALIFORNIA ST and FRANKLIN ST,Pacific Heights,2.0,POINT (-122.42397308 37.79016113),Phone,
3640358,05/13/2014 10:06:59 PM,05/14/2014 09:12:32 AM,05/14/2014 09:12:32 AM,Closed,SFMTA - Parking Enforcement - G,Blocked Street or SideWalk,Blocked_Sidewalk,Construction_equipment blocking sidewalk,"41 JUNIPER ST, SAN FRANCISCO, CA, 94103",South of Market,6.0,POINT (-122.412577 37.771651),Mobile/Open311,http://mobile311.sfgov.org/reports/3640358/photos
3640356,05/13/2014 10:06:41 PM,05/14/2014 09:00:22 AM,05/14/2014 09:00:22 AM,Closed,311 Supervisor Queue,Blocked Street or SideWalk,Blocked_Sidewalk,Construction_equipment blocking sidewalk,"41 JUNIPER ST, SAN FRANCISCO, CA, 94103",South of Market,6.0,POINT (-122.412577 37.771651),Mobile/Open311,http://mobile311.sfgov.org/reports/3640356/photos
3640355,05/13/2014 10:05:08 PM,05/20/2014 02:54:18 AM,05/20/2014 02:54:18 AM,Closed,DPW Ops Queue,Tree Maintenance,Trees - Overgrown_Tree,Overgrown_Tree,"771 24TH AVE, SAN FRANCISCO, CA, 94121",Outer Richmond,1.0,POINT (-122.48356 37.77507),Mobile/Open311,http://mobile311.sfgov.org/reports/3640355/photos
3640352,05/13/2014 10:04:24 PM,05/14/2014 05:08:00 PM,05/14/2014 05:08:00 PM,Closed,311 Escalated KB Questions Queue,General Request - 311CUSTOMERSERVICECENTER,complaint,311CustomerServiceCenter - complaint,Not associated with a specific address,,,POINT (0 0),Web,
3640347,05/13/2014 09:56:56 PM,03/05/2024 03:03:40 PM,03/05/2024 03:03:40 PM,Closed,DPW - Bureau of Street Environmental Services - G,Sign Repair,Sign - Defaced,DPT Sign Shop,Intersection of FAXON AVE and WILDWOOD WAY,Westwood Park,7.0,POINT (0 0),Web,
3640344,05/13/2014 09:55:19 PM,05/14/2014 07:27:47 AM,05/14/2014 07:27:47 AM,Closed,DPT Abandoned Vehicles Work Queue,Abandoned Vehicle,Abandoned Vehicles,DPT Abandoned Vehicles Low,"830 MOSCOW ST, SAN FRANCISCO, CA, 94112",Excelsior,11.0,POINT (-122.432652 37.714686),Mobile/Open311,http://mobile311.sfgov.org/reports/3640344/photos
3640343,05/13/2014 09:54:55 PM,05/14/2014 07:27:17 AM,05/14/2014 07:27:17 AM,Closed,DPT Abandoned Vehicles Work Queue,Abandoned Vehicle,Abandoned Vehicles,DPT Abandoned Vehicles Low,"830 MOSCOW ST, SAN FRANCISCO, CA, 94112",Excelsior,11.0,POINT (-122.432652 37.714686),Mobile/Open311,http://mobile311.sfgov.org/reports/3640343/photos
3640342,05/13/2014 09:54:22 PM,05/14/2014 07:28:18 AM,05/14/2014 07:28:18 AM,Closed,DPT Abandoned Vehicles Work Queue,Abandoned Vehicle,Abandoned Vehicles,DPT Abandoned Vehicles Low,"830 MOSCOW ST, SAN FRANCISCO, CA, 94112",Excelsior,11.0,POINT (-122.432652 37.714686),Mobile/Open311,http://mobile311.sfgov.org/reports/3640342/photos
3640340,05/13/2014 09:54:00 PM,05/21/2014 08:36:54 AM,05/21/2014 08:36:54 AM,Closed,DPT Abandoned Vehicles Work Queue,Abandoned Vehicle,Abandoned Vehicles,DPT Abandoned Vehicles Low,"830 MOSCOW ST, SAN FRANCISCO, CA, 94112",Excelsior,11.0,POINT (-122.432652 37.714686),Mobile/Open311,http://mobile311.sfgov.org/reports/3640340/photos
3640337,05/13/2014 09:52:27 PM,05/16/2014 07:43:23 AM,05/16/2014 07:43:23 AM,Closed,DPT Abandoned Vehicles Work Queue,Abandoned Vehicle,Abandoned Vehicles,DPT Abandoned Vehicles Low,Intersection of 39TH AVE and CLEMENT ST,Outer Richmond,1.0,POINT (-122.50001336 37.78130985),Mobile/Open311,
3640335,05/13/2014 09:50:43 PM,05/14/2014 09:15:41 AM,05/14/2014 09:15:41 AM,Closed,Recology_Abandoned,Street and Sidewalk Cleaning,General Cleaning,Other Loose Garbage,"934 LARKIN ST, SAN FRANCISCO, CA, 94109",Lower Nob Hill,3.0,POINT (-122.4181137 37.78658657),Phone,
3640332,05/13/2014 09:47:31 PM,05/15/2014 04:46:19 PM,05/15/2014 04:46:19 PM,Closed,SSP - MTA Feedback Queue,MUNI Feedback,MUNI  - Conduct_Discourteous_Insensitive_Inappropriate_Conduct,306_General_Unprofessional_Conduct_Appearance,Not associated with a specific address,,,POINT (0 0),Web,
3640331,05/13/2014 09:47:21 PM,05/14/2014 09:42:41 AM,05/14/2014 09:42:41 AM,Closed,RPD Graffiti Queue,Rec and Park Requests,Park - Structural_Maintenance,Pavement,"Joseph L. Alioto Performing Arts Piazza, , SAN FRANCISCO, CA, 94102",Civic Center,6.0,POINT (-122.420158 37.781676),Mobile/Open311,http://mobile311.sfgov.org/reports/3640331/photos
3640328,05/13/2014 09:42:50 PM,05/15/2014 07:37:39 AM,05/15/2014 07:37:39 AM,Closed,DPT Abandoned Vehicles Work Queue,Abandoned Vehicle,Abandoned Vehicle - Other,Dark Blue - Dodge - Mini Van - 8C46023,Intersection of LA PLAYA and FULTON ST,Golden Gate Park,1.0,POINT (-122.50989532 37.77139664),Phone,
3640322,05/13/2014 09:40:17 PM,05/15/2014 04:48:16 PM,05/15/2014 04:48:16 PM,Closed,SSP - MTA Feedback Queue,MUNI Feedback,MUNI  - Services_Service_Planning,701_Insufficient_Frequency,Not associated with a specific address,,,POINT (0 0),Web,
3640320,05/13/2014 09:36:29 PM,05/14/2014 01:28:00 AM,05/14/2014 01:28:00 AM,Closed,DPW Ops Queue,Street and Sidewalk Cleaning,Human or Animal Waste,Human or Animal Waste,"1 SANSOME ST, SAN FRANCISCO, CA, 94104",Financial District,3.0,POINT (-122.40117645 37.79049683),Phone,
3640315,05/13/2014 09:34:30 PM,05/15/2014 04:50:59 PM,05/15/2014 04:50:59 PM,Closed,MUNI Work Queue,MUNI Feedback,MUNI - Services_Service_Delivery_Facilities,604_Vehicle_Appearance,Not associated with a specific address,,,POINT (0 0),Phone,
3640312,05/13/2014 09:34:01 PM,05/14/2014 11:15:20 AM,05/14/2014 11:15:20 AM,Closed,Recology_Abandoned,Street and Sidewalk Cleaning,Bulky Items,Furniture,"1701 BALBOA ST, SAN FRANCISCO, CA, 94121",Inner Richmond,1.0,POINT (-122.47702151 37.77647782),Mobile/Open311,http://mobile311.sfgov.org/reports/3640312/photos
3640308,05/13/2014 09:31:21 PM,06/05/2014 01:07:08 AM,06/05/2014 01:07:08 AM,Closed,DPW Ops Queue,Litter Receptacles,Litter_Receptacle_Request_New_Removal,,"209 FRANCISCO ST, SAN FRANCISCO, CA, 94133",North Beach,3.0,POINT (-122.40867615 37.80516052),Web,
3640300,05/13/2014 09:25:16 PM,05/16/2014 04:11:11 PM,05/16/2014 04:11:11 PM,Closed,PUC Streetlights Queue,Streetlights,Streetlight - Light_Burnt_Out,Light_Burnt_Out on Metal Pole,Intersection of EDDY ST and LAGUNA ST,Cathedral Hill,5.0,POINT (-122.42739868 37.78205872),Phone,
3640299,05/13/2014 09:25:09 PM,05/27/2014 09:00:00 AM,05/27/2014 09:00:00 AM,Closed,DPW Ops Queue,Graffiti,Graffiti on City_receptacle,City_receptacle - Offensive,"3198 KAMILE CT, SAN FRANCISCO, CA, 94110",,0.0,POINT (-122.41362014 37.74887696),Mobile/Open311,
3640293,05/13/2014 09:23:08 PM,05/13/2014 10:04:39 AM,05/13/2014 10:04:39 AM,Closed,DPW Ops Queue,Litter Receptacles,Cans_Left_Out_24x7,,Intersection of FOLSOM ST and 8TH ST,South of Market,6.0,POINT (-122.41006232 37.77499073),Phone,
3640291,05/13/2014 09:22:50 PM,05/14/2014 12:35:48 PM,05/14/2014 12:35:48 PM,Closed,PG and E - Streetlights Queue,Streetlights,Streetlight - Light_Burnt_Out,Light_Burnt_Out on Unknown Pole,"551 EDINBURGH ST, SAN FRANCISCO, CA, 94112",Excelsior,11.0,POINT (-122.43247223 37.72037506),Web,
3640273,05/13/2014 09:15:37 PM,05/14/2014 07:42:38 AM,05/14/2014 07:42:38 AM,Closed,DPW Ops Queue,Graffiti,Graffiti on Building_commercial,Building_commercial - Not_Offensive,"236 8TH ST, SAN FRANCISCO, CA, 94103",South of Market,6.0,POINT (-122.41101779 37.77567571),Phone,
3640263,05/13/2014 09:09:41 PM,05/13/2014 09:25:17 PM,05/13/2014 09:25:17 PM,Closed,PUC - Water - G,General Request - PUC,request_for_service,water - request_for_service,Intersection of 3RD ST and SOUTH ST,Mission Bay,6.0,POINT (-122.38923839 37.76882439),Phone,
3640254,05/13/2014 09:04:17 PM,05/14/2014 10:58:42 AM,05/14/2014 10:58:42 AM,Closed,Recology_Abandoned,Street and Sidewalk Cleaning,General Cleaning,Other Loose Garbage,Not associated with a specific address,,,POINT (0 0),Web,
3640243,05/13/2014 08:54:27 PM,05/15/2014 04:51:57 PM,05/15/2014 04:51:57 PM,Closed,PUC Streetlights Queue,Streetlights,Streetlight - Light_On_all_the_time,Light_On_all_the_time on Concrete Pole,Intersection of 19TH AVE and WINSTON DR,Stonestown,7.0,POINT (-122.47489929 37.72698975),Phone,
3640237,05/13/2014 08:53:00 PM,05/14/2014 09:30:44 AM,05/14/2014 09:30:44 AM,Closed,PUC Sewer Ops,Sewer Issues,Sewage_back_up,Outofsewervent4inch,"1044 CASTRO ST, SAN FRANCISCO, CA, 94114",Noe Valley,8.0,POINT (-122.43435261 37.75332244),Phone,
3640236,05/13/2014 08:52:49 PM,05/15/2014 04:45:18 PM,05/15/2014 04:45:18 PM,Closed,PUC Streetlights Queue,Streetlights,Streetlight - Light_On_all_the_time,Light_On_all_the_time on Concrete Pole,Intersection of 15TH AVE and WEST PORTAL AVE,West Portal,7.0,POINT (-122.47057343 37.73658752),Phone,
3640233,05/13/2014 08:51:59 PM,05/15/2014 04:23:54 PM,05/15/2014 04:23:54 PM,Closed,MUNI Work Queue,MUNI Feedback,MUNI - Conduct_Inattentiveness_Negligence,211_Unauthorized_Stop_Delay,Not associated with a specific address,,,POINT (0 0),Phone,
3640232,05/13/2014 08:51:56 PM,05/14/2014 12:54:14 PM,05/14/2014 12:54:14 PM,Closed,Recology_Abandoned,General Request - PUBLIC WORKS,request_for_service,bses - request_for_service,"784 STANYAN ST, SAN FRANCISCO, CA, 94117",Cole Valley,8.0,POINT (-122.45304871 37.76766205),Web,
3640231,05/13/2014 08:51:47 PM,06/02/2020 02:01:24 PM,06/02/2020 02:01:24 PM,Closed,DPW Ops Queue,Litter Receptacles,Other_enter_additional_details_below,,"818 CONGO ST, SAN FRANCISCO, CA, 94131",Glen Park,8.0,POINT (-122.44038058 37.73508802),Mobile/Open311,http://mobile311.sfgov.org/reports/3640231/photos
3640228,05/13/2014 08:50:39 PM,05/15/2014 04:34:49 PM,05/15/2014 04:34:49 PM,Closed,PUC Streetlights Queue,Streetlights,Streetlight - Light_On_all_the_time,Light_On_all_the_time on Metal Pole,Intersection of PARK PRESIDIO BLVD and BALBOA ST,Inner Richmond,1.0,POINT (-122.47203827 37.77686691),Phone,
3640223,05/13/2014 08:49:17 PM,05/15/2014 01:16:23 AM,05/15/2014 01:16:23 AM,Closed,DPW Ops Queue,Litter Receptacles,Litter_Receptacle_Request_New_Removal,,Intersection of BOSWORTH ST and OSHAUGHNESSY BLVD,Miraloma Park,8.0,POINT (-122.44182597 37.73609358),Mobile/Open311,http://mobile311.sfgov.org/reports/3640223/photos
3640220,05/13/2014 08:47:38 PM,05/17/2014 06:57:18 AM,05/17/2014 06:57:18 AM,Closed,DPW Ops Queue,Tree Maintenance,Trees - Overgrown_Tree,Blocking_traffic_signal,Intersection of CALIFORNIA ST and CHERRY ST,Presidio Heights,2.0,POINT (-122.45668751 37.78599942),Phone,
3640219,05/13/2014 08:47:05 PM,05/13/2014 09:50:36 PM,05/13/2014 09:50:36 PM,Closed,311 Supervisor Queue,Graffiti,Graffiti on Mail_box,Mail_box - Offensive,"2664 22ND ST, SAN FRANCISCO, CA, 94110",Mission,9.0,POINT (-122.408055 37.756339),Mobile/Open311,
3640217,05/13/2014 08:42:23 PM,03/02/2015 07:57:47 PM,03/02/2015 07:57:47 PM,Closed,RPD Park Service Area 1 Queue,Rec and Park Requests,Park - Structural_Maintenance,Electrical,"Joe DiMaggio Playground, 651 LOMBARD ST, SAN FRANCISCO, CA, 94133",North Beach,3.0,POINT (-122.41207127 37.80248215),Phone,
3640207,05/13/2014 08:37:29 PM,05/15/2014 04:34:00 PM,05/15/2014 04:34:00 PM,Closed,MUNI Work Queue,MUNI Feedback,MUNI - Services_Service_Delivery_Facilities,601_Delay_No_Show,Not associated with a specific address,,,POINT (0 0),Phone,
3640206,05/13/2014 08:37:26 PM,06/27/2014 12:00:00 PM,06/27/2014 12:00:00 PM,Closed,DPW BSM Queue,Tree Maintenance,Trees - Tree_Other,,"398 HAIGHT ST, SAN FRANCISCO, CA, 94102",Lower Haight,5.0,POINT (-122.42825702 37.7724882),Mobile/Open311,http://mobile311.sfgov.org/reports/3640206/photos
3640205,05/13/2014 08:37:19 PM,05/15/2014 04:43:08 PM,05/15/2014 04:43:08 PM,Closed,SSP - MTA Feedback Queue,MUNI Feedback,MUNI  -,,Not associated with a specific address,,,POINT (0 0),Web,
3640204,05/13/2014 08:36:32 PM,05/16/2014 12:00:00 PM,05/16/2014 12:00:00 PM,Closed,DPW BSM Queue,Tree Maintenance,Trees - Tree_Other,,"325 HAIGHT ST, SAN FRANCISCO, CA, 94102",Mint Hill,5.0,POINT (-122.42769359 37.77254909),Mobile/Open311,http://mobile311.sfgov.org/reports/3640204/photos
3640203,05/13/2014 08:36:28 PM,05/13/2014 09:32:00 AM,05/13/2014 09:32:00 AM,Closed,DPW Ops Queue,Tree Maintenance,Trees - Damaged_Tree,Fallen_tree,"321 27TH ST, SAN FRANCISCO, CA, 94131",Noe Valley,8.0,POINT (-122.4274581 37.74681254),Phone,
3640202,05/13/2014 08:36:08 PM,05/14/2014 09:47:26 AM,05/14/2014 09:47:26 AM,Closed,Recology_Abandoned,Street and Sidewalk Cleaning,General Cleaning,Other Loose Garbage,Intersection of 14TH ST and BELCHER ST,Duboce Triangle,8.0,POINT (-122.430099 37.767738),Mobile/Open311,
3640188,05/13/2014 08:27:53 PM,12/15/2015 01:00:45 PM,12/15/2015 01:00:45 PM,Closed,Housing Authority SR Queue,SFHA Requests,Carpentery,Carpentery - Emergency,"430 TURK ST, Apt 406, SAN FRANCISCO, CA, 94102",Tenderloin,6.0,POINT (-122.41600037 37.7826004),Phone,
3640186,05/13/2014 08:26:41 PM,05/15/2014 10:30:46 AM,05/15/2014 10:30:46 AM,Closed,PUC Sewer Ops,Sewer Issues,Flooding,On_property,"1735 STOCKTON ST, SAN FRANCISCO, CA, 94133",North Beach,3.0,POINT (-122.40950661 37.80169964),Phone,
3640185,05/13/2014 08:26:31 PM,05/14/2014 12:33:06 PM,05/14/2014 12:33:06 PM,Closed,Recology_Abandoned,Street and Sidewalk Cleaning,General Cleaning,Other Loose Garbage,"948 HOWARD ST, SAN FRANCISCO, CA, 94103",South of Market,6.0,POINT (-122.40617623 37.78069917),Mobile/Open311,
3640178,05/13/2014 08:24:59 PM,05/14/2014 10:29:14 AM,05/14/2014 10:29:14 AM,Closed,Recology_Abandoned,Street and Sidewalk Cleaning,General Cleaning,Other Loose Garbage,Not associated with a specific address,,,POINT (0 0),Phone,
3640175,05/13/2014 08:24:37 PM,05/13/2014 11:35:00 AM,05/13/2014 11:35:00 AM,Closed,DPW Ops Queue,Street and Sidewalk Cleaning,Hazardous Materials,Glass,Intersection of HAYES ST and WEBSTER ST,Hayes Valley,5.0,POINT (-122.429556 37.77604399),Phone,
3640158,05/13/2014 08:13:38 PM,05/15/2014 04:19:39 PM,05/15/2014 04:19:39 PM,Closed,MUNI Work Queue,MUNI Feedback,MUNI - Conduct_Unsafe_Operation,101_Running_Red_Light_Stop_Sign,Not associated with a specific address,,,POINT (0 0),Phone,
3640157,05/13/2014 08:12:34 PM,05/20/2014 08:11:31 AM,05/20/2014 08:11:31 AM,Closed,DPT Abandoned Vehicles Work Queue,Abandoned Vehicle,Abandoned Vehicle - Other,,"901 BALBOA ST, SAN FRANCISCO, CA, 94118",Inner Richmond,1.0,POINT (-122.46850586 37.7768898),Web,
3640156,05/13/2014 08:12:28 PM,05/16/2014 12:00:00 PM,05/16/2014 12:00:00 PM,Closed,DPW Ops Queue,Tree Maintenance,Trees - Damaged_Tree,Damage_vandalism,"1801 GOLDEN GATE AVE, SAN FRANCISCO, CA, 94115",Western Addition,5.0,POINT (-122.44025372 37.77845051),Phone,
3640149,05/13/2014 08:10:29 PM,05/23/2014 07:27:03 AM,05/23/2014 07:27:03 AM,Closed,DPW Ops Queue,Tree Maintenance,Trees - Damaged_Tree,damaged_vandalism,"131 FELL ST, SAN FRANCISCO, CA, 94102",Civic Center,5.0,POINT (-122.42013194 37.77636353),Mobile/Open311,http://mobile311.sfgov.org/reports/3640149/photos
3640143,05/13/2014 08:06:38 PM,05/14/2014 11:24:31 AM,05/14/2014 11:24:31 AM,Closed,Recology_Abandoned,Street and Sidewalk Cleaning,Bulky Items,Mattress,"3736 QUINTARA ST, SAN FRANCISCO, CA, 94116",Outer Sunset,4.0,POINT (-122.50542133 37.7474042),Phone,
3640140,05/13/2014 08:03:36 PM,05/13/2014 09:48:26 AM,05/13/2014 09:48:26 AM,Closed,DPW Ops Queue,Street and Sidewalk Cleaning,Human or Animal Waste,Human or Animal Waste,"3055 CALIFORNIA ST, SAN FRANCISCO, CA, 94115",Lower Pacific Heights,2.0,POINT (-122.44464661 37.7874787),Phone,
3640139,05/13/2014 08:03:28 PM,05/20/2014 07:58:04 AM,05/20/2014 07:58:04 AM,Closed,DPT Abandoned Vehicles Work Queue,Abandoned Vehicle,Abandoned Vehicle - Other,Red - n/a - n/a - 7Y15718,Intersection of DE MONTFORT AVE and MIRAMAR AVE,Ingleside,11.0,POINT (-122.45818987 37.7236572),Phone,
3640133,05/13/2014 08:01:14 PM,05/13/2014 10:12:44 PM,05/13/2014 10:12:44 PM,Closed,Recology_Overflowing,Street and Sidewalk Cleaning,Overflowing_City_Receptacle_or_Dumpster,Overflowing_City_Receptacle_or_Dumpster,Intersection of BROADWAY and WEBSTER ST,Pacific Heights,2.0,POINT (-122.43340307 37.79446092),Mobile/Open311,http://mobile311.sfgov.org/reports/3640133/photos
3640128,05/13/2014 07:59:47 PM,05/20/2014 07:56:52 AM,05/20/2014 07:56:52 AM,Closed,DPT Abandoned Vehicles Work Queue,Abandoned Vehicle,Abandoned Vehicle - PickupTruck,blue - Chevy - Extended cab - 8D98618,"502 HOLLOWAY AVE, SAN FRANCISCO, CA, 94112",Ingleside,11.0,POINT (-122.4582333 37.72189293),Phone,
3640126,05/13/2014 07:59:23 PM,05/14/2014 12:00:00 PM,05/14/2014 12:00:00 PM,Closed,DPW Ops Queue,Street and Sidewalk Cleaning,Medical Waste,Needles,"452 LILY ST, SAN FRANCISCO, CA, 94102",Lower Haight,5.0,POINT (-122.42797099 37.77391084),Phone,
3640125,05/13/2014 07:58:03 PM,05/20/2014 07:56:10 AM,05/20/2014 07:56:10 AM,Closed,DPT Abandoned Vehicles Work Queue,Abandoned Vehicle,Abandoned Vehicle - SUV,black - n/a - Landrover - NONE,"500 HOLLOWAY AVE, SAN FRANCISCO, CA, 94112",Ingleside,11.0,POINT (-122.45821602 37.72189321),Phone,
3640124,05/13/2014 07:57:48 PM,05/15/2014 04:20:28 PM,05/15/2014 04:20:28 PM,Closed,MUNI Work Queue,MUNI Feedback,MUNI - Services_Service_Delivery_Facilities,608_Station_Stop_Appearance_Maintenance,Intersection of CARL ST and CLAYTON ST,Cole Valley,8.0,POINT (-122.44782257 37.76607132),Phone,
3640107,05/13/2014 07:52:17 PM,06/09/2014 01:44:30 PM,06/09/2014 01:44:30 PM,Closed,SFMTA - Bicycle Sharing Queue,General Request - MTA,customer_callback,bicycle - customer_callback,"299 9TH ST, SAN FRANCISCO, CA, 94103",South of Market,6.0,POINT (-122.41157913 37.77382069),Phone,
3640106,05/13/2014 07:50:00 PM,05/27/2014 10:48:46 AM,05/27/2014 10:48:46 AM,Closed,DPW Ops Queue,Graffiti,Graffiti on Building_commercial,Building_commercial - Offensive,"1515 15TH ST, SAN FRANCISCO, CA, 94103",Mission,9.0,POINT (-122.41792628 37.76673218),Phone,http://mobile311.sfgov.org/reports/3640106/photos
3640100,05/13/2014 07:47:24 PM,05/14/2014 09:15:54 AM,05/14/2014 09:15:54 AM,Closed,SFMTA - Parking Enforcement - G,General Request - MTA,request_for_service,parking_enforcement - request_for_service,Not associated with a specific address,,,POINT (0 0),Web,
3640091,05/13/2014 07:44:02 PM,06/04/2014 12:58:35 PM,06/04/2014 12:58:35 PM,Closed,DPW Ops Queue,Tree Maintenance,Trees - Overgrown_Tree,Pruning_request,"134 CAYUGA AVE, SAN FRANCISCO, CA, 94112",Mission Terrace,8.0,POINT (-122.43147533 37.73118666),Mobile/Open311,http://mobile311.sfgov.org/reports/3640091/photos
3640072,05/13/2014 07:35:15 PM,05/17/2014 10:17:28 AM,05/17/2014 10:17:28 AM,Closed,DBI Inspection Services Queue,General Request - BUILDING INSPECTION,complaint,inspection_services - complaint,"550 LARKIN ST, SAN FRANCISCO, CA, 94102",Tenderloin,5.0,POINT (-122.41728973 37.78292465),Phone,
3640065,05/13/2014 07:29:26 PM,05/21/2014 01:27:06 PM,05/21/2014 01:27:06 PM,Closed,DPT Meter_Bike Queue,Damaged Property,Damaged Parking_Meter,Parking_Meter,Intersection of TERRY A FRANCOIS BLVD and 16TH ST,Mission Bay,6.0,POINT (-122.38613892 37.76707458),Phone,
3640064,05/13/2014 07:29:19 PM,05/20/2014 06:50:03 AM,05/20/2014 06:50:03 AM,Closed,DPW Ops Queue,Litter Receptacles,Damaged_City_Can,,Intersection of CHURCH ST and DUBOCE AVE,Duboce Triangle,8.0,POINT (-122.42899035 37.76946807),Mobile/Open311,http://mobile311.sfgov.org/reports/3640064/photos
3640062,05/13/2014 07:28:50 PM,06/12/2014 02:14:25 PM,06/12/2014 02:14:25 PM,Closed,DPT SignShop Surveyed - Area 2 Queue,Sign Repair,Sign - Defaced,Other - Defaced; support - OK,Intersection of BERNAL HEIGHTS BLVD and FOLSOM ST,Bernal Heights,9.0,POINT (-122.41222034 37.74368925),Mobile/Open311,http://mobile311.sfgov.org/reports/3640062/photos
3640061,05/13/2014 07:27:23 PM,05/15/2014 07:32:54 AM,05/15/2014 07:32:54 AM,Closed,DPT Abandoned Vehicles Work Queue,Abandoned Vehicle,Abandoned Vehicle - Car2door,Gold - Honda - n/a  - 7CUV607,"181 GLADSTONE DR, SAN FRANCISCO, CA, 94112",Mission Terrace,11.0,POINT (-122.42315664 37.7292475),Phone,
3640059,05/13/2014 07:27:05 PM,05/15/2014 04:22:14 PM,05/15/2014 04:22:14 PM,Closed,MUNI Work Queue,MUNI Feedback,MUNI - Services_Service_Delivery_Facilities,607_Track_ATCS_Maintenance,Intersection of JUDAH ST and 15TH AVE,Inner Sunset,7.0,POINT (-122.47265625 37.76189041),Phone,
3640058,05/13/2014 07:26:53 PM,05/14/2014 08:47:47 AM,05/14/2014 08:47:47 AM,Closed,311 Supervisor Queue,General Request - MTA,complaint,bicycle - complaint,Not associated with a specific address,,,POINT (0 0),Web,
3640054,05/13/2014 07:23:09 PM,05/13/2014 08:55:00 AM,05/13/2014 08:55:00 AM,Closed,DPW Ops Queue,Tree Maintenance,Trees - Damaged_Tree,Hanging_limb,Intersection of ALEMANY BLVD and NORTON ST,Mission Terrace,11.0,POINT (-122.43662137 37.72542019),Phone,
3640053,05/13/2014 07:23:00 PM,05/14/2014 08:27:20 AM,05/14/2014 08:27:20 AM,Closed,SFMTA - Temporary Sign Request Queue,Temporary Sign Request,Temporary Sign Request for Moving_residential_property,40 ft zone requested from 05/18/2014 to 05/18/2014,Not associated with a specific address,,,POINT (0 0),Web,
3640048,05/13/2014 07:20:24 PM,05/15/2014 04:14:59 PM,05/15/2014 04:14:59 PM,Closed,SSP - MTA Feedback Queue,MUNI Feedback,MUNI  - Services_Miscellaneous,801_NextMuni_Technology,Not associated with a specific address,,,POINT (0 0),Web,
3640040,05/13/2014 07:16:45 PM,05/14/2014 12:36:11 PM,05/14/2014 12:36:11 PM,Closed,Recology_Abandoned,Street and Sidewalk Cleaning,General Cleaning,Other Loose Garbage,"2083 15TH AVE, SAN FRANCISCO, CA, 94116",Golden Gate Heights,7.0,POINT (-122.47184247 37.74917403),Phone,
3640032,05/13/2014 07:13:45 PM,05/13/2014 09:24:28 PM,05/13/2014 09:24:28 PM,Closed,PUC - Water - G,General Request - PUC,complaint,water - complaint,Not associated with a specific address,,,POINT (0 0),Web,
3640028,05/13/2014 07:11:58 PM,05/13/2014 09:13:49 PM,05/13/2014 09:13:49 PM,Closed,DPT Paint Shop Queue,General Request - MTA,request_for_service,paint_shop - request_for_service,Intersection of FULTON ST and 25TH AVE,Golden Gate Park,1.0,POINT (-122.48419502 37.77256859),Phone,
3640027,05/13/2014 07:11:24 PM,06/05/2014 08:33:55 AM,06/05/2014 08:33:55 AM,Closed,DPW Ops Queue,Graffiti,Graffiti on Building_commercial,Building_commercial - Not_Offensive,Intersection of 16TH ST and ALBION ST,Mission Dolores,9.0,POINT (-122.42289432 37.76495683),Mobile/Open311,http://mobile311.sfgov.org/reports/3640027/photos
3640022,05/13/2014 07:07:16 PM,05/16/2014 07:33:02 AM,05/16/2014 07:33:02 AM,Closed,DPT Abandoned Vehicles Work Queue,Abandoned Vehicle,Abandoned Vehicle - Car4door,black - Volkswagen - jetta - 6njk947,"593 11TH AVE, SAN FRANCISCO, CA, 94118",Inner Richmond,1.0,POINT (-122.46955109 37.77719879),Web,
3640019,05/13/2014 07:06:35 PM,05/14/2014 10:05:05 AM,05/14/2014 10:05:05 AM,Closed,DPW Ops Queue,Graffiti,Graffiti on Building_commercial,Building_commercial - Offensive,Intersection of GEARY BLVD and 18TH AVE,Inner Richmond,1.0,POINT (-122.47724152 37.78044128),Phone,
3640012,05/13/2014 07:04:34 PM,06/24/2014 11:14:15 AM,06/24/2014 11:14:15 AM,Closed,SFMTA - Parking Enforcement - G,General Request - MTA,followup_request,parking_enforcement - followup_request,Not associated with a specific address,,,POINT (0 0),Web,
3640010,05/13/2014 07:04:07 PM,05/14/2014 09:15:45 AM,05/14/2014 09:15:45 AM,Closed,Recology_Abandoned,Street and Sidewalk Cleaning,Bulky Items,Electronics,"754 POST ST, SAN FRANCISCO, CA, 94109",Lower Nob Hill,3.0,POINT (-122.41430668 37.78764663),Mobile/Open311,http://mobile311.sfgov.org/reports/3640010/photos
3640009,05/13/2014 07:03:23 PM,05/14/2014 02:12:27 PM,05/14/2014 02:12:27 PM,Closed,Recology_Abandoned,General Request - PUBLIC WORKS,request_for_service,bsm - request_for_service,"1979 18TH AVE, SAN FRANCISCO, CA, 94116",Golden Gate Heights,7.0,POINT (-122.47531128 37.75094986),Web,
3640007,05/13/2014 07:03:03 PM,05/14/2014 09:49:46 AM,05/14/2014 09:49:46 AM,Closed,Recology_Abandoned,Street and Sidewalk Cleaning,General Cleaning,Other Loose Garbage,"64 BELCHER ST, SAN FRANCISCO, CA, 94114",Duboce Triangle,8.0,POINT (-122.43018201 37.76821791),Mobile/Open311,http://mobile311.sfgov.org/reports/3640007/photos
3640006,05/13/2014 07:02:04 PM,06/17/2014 08:37:43 AM,06/17/2014 08:37:43 AM,Closed,DPT Paint Shop Queue,General Request - MTA,request_for_service,paint_shop - request_for_service,Intersection of KENSINGTON WAY and ULLOA ST,Laguna Honda,7.0,POINT (-122.45984186 37.74105919),Phone,
3640005,05/13/2014 07:01:48 PM,05/15/2014 12:00:00 PM,05/15/2014 12:00:00 PM,Closed,DPW - Bureau of Street Use and Mapping - G,General Request - PUBLIC WORKS,request_for_service,bsm - request_for_service,Intersection of 2ND ST and KING ST,South Beach,6.0,POINT (-122.3895874 37.77986145),Integrated Agency,
3640002,05/13/2014 07:01:18 PM,05/16/2014 07:32:25 AM,05/16/2014 07:32:25 AM,Closed,DPT Abandoned Vehicles Work Queue,Abandoned Vehicle,Abandoned Vehicle - PickupTruck,grey - Toyota - pickup - 6vd1472,"593 11TH AVE, SAN FRANCISCO, CA, 94118",Inner Richmond,1.0,POINT (-122.46955109 37.77719879),Web,
3639999,05/13/2014 06:59:27 PM,05/15/2014 03:02:54 AM,05/15/2014 03:02:54 AM,Closed,DPW - Bureau of Street Environmental Services - G,Street and Sidewalk Cleaning,Bulky Items,Mattress,Intersection of ABBEY ST and CHULA LN,Mission Dolores,8.0,POINT (-122.42717735 37.76382753),Mobile/Open311,http://mobile311.sfgov.org/reports/3639999/photos
3639987,05/13/2014 06:55:38 PM,05/14/2014 03:53:24 AM,05/14/2014 03:53:24 AM,Closed,DPW Ops Queue,Graffiti,Graffiti on Other_enter_additional_details_below,Other_enter_additional_details_below - Offensive,"2800 ALEMANY BLVD, SAN FRANCISCO, CA, 94112",Outer Mission,11.0,POINT (-122.45224762 37.71280289),Web,
3639983,05/13/2014 06:54:36 PM,05/14/2014 02:31:43 PM,05/14/2014 02:31:43 PM,Closed,DPH - Environmental Health - G,General Request - DPH,request_for_service,environmental_health - request_for_service,Intersection of DE WOLF ST and LAWRENCE AVE,Outer Mission,11.0,POINT (-122.45356268 37.71155399),Phone,
3639980,05/13/2014 06:53:55 PM,03/10/2015 10:44:30 AM,03/10/2015 10:44:30 AM,Closed,Housing Authority SR Queue,SFHA Requests,Glazier,Glazier - Routine,"16 BROOKDALE AVE, SAN FRANCISCO, CA, 94134",Sunnydale,10.0,POINT (-122.41899872 37.71210098),Phone,
3639974,05/13/2014 06:49:57 PM,05/15/2014 03:02:54 AM,05/15/2014 03:02:54 AM,Closed,DPW - Bureau of Street Environmental Services - G,Street and Sidewalk Cleaning,Bulky Items,Mattress,"42 ABBEY ST, SAN FRANCISCO, CA, 94114",Mission Dolores,8.0,POINT (-122.42725144 37.76345741),Mobile/Open311,http://mobile311.sfgov.org/reports/3639974/photos
3639968,05/13/2014 06:47:24 PM,05/16/2014 04:13:24 PM,05/16/2014 04:13:24 PM,Closed,DPT Color Curb Queue,Color Curb,Red_Fee Color Curb Request,Red_Fee zone for,Not associated with a specific address,,,POINT (0 0),Phone,
3639962,05/13/2014 06:43:06 PM,05/15/2014 12:00:00 PM,05/15/2014 12:00:00 PM,Closed,DPW BSM Queue,Blocked Street or SideWalk,Blocked_Sidewalk,Construction_materials blocking sidewalk,Intersection of GRAYSTONE TER and VILLA TER,Clarendon Heights,8.0,POINT (-122.44589204 37.75733803),Phone,
3639957,05/13/2014 06:40:48 PM,03/10/2015 10:44:29 AM,03/10/2015 10:44:29 AM,Closed,Housing Authority SR Queue,SFHA Requests,Carpentery,Carpentery - Emergency,"16 BROOKDALE AVE, SAN FRANCISCO, CA, 94134",Sunnydale,10.0,POINT (-122.41899872 37.71210098),Phone,
3639953,05/13/2014 06:38:47 PM,05/14/2014 12:33:07 PM,05/14/2014 12:33:07 PM,Closed,Recology_Abandoned,Street and Sidewalk Cleaning,General Cleaning,Other Loose Garbage,"765 TEHAMA ST, SAN FRANCISCO, CA, 94103",South of Market,6.0,POINT (-122.41202378 37.77496168),Phone,
3639950,05/13/2014 06:35:57 PM,05/15/2014 03:02:54 AM,05/15/2014 03:02:54 AM,Closed,DPW - Bureau of Street Environmental Services - G,Street and Sidewalk Cleaning,Bulky Items,Mattress,Intersection of ABBEY ST and CHULA LN,Mission Dolores,8.0,POINT (-122.42717735 37.76382753),Mobile/Open311,http://mobile311.sfgov.org/reports/3639950/photos
3639942,05/13/2014 06:30:11 PM,06/24/2014 11:11:23 AM,06/24/2014 11:11:23 AM,Closed,SFMTA - Parking Enforcement - G,General Request - MTA,request_for_service,parking_enforcement - request_for_service,Intersection of CHESTNUT ST and STOCKTON ST,North Beach,3.0,POINT (-122.40993706 37.80416762),Phone,
3639940,05/13/2014 06:28:53 PM,05/14/2014 01:44:51 PM,05/14/2014 01:44:51 PM,Closed,Recology_Abandoned,Blocked Street or SideWalk,Blocked_Sidewalk,Residential_totter blocking sidewalk,"934 LARKIN ST, SAN FRANCISCO, CA, 94109",Lower Nob Hill,3.0,POINT (-122.4181137 37.78658657),Phone,
3639931,05/13/2014 06:27:09 PM,05/14/2014 07:16:00 AM,05/14/2014 07:16:00 AM,Closed,DPW - Bureau of Street Environmental Services - G,Street and Sidewalk Cleaning,General Cleaning,Other Loose Garbage,"1659 MASON ST, SAN FRANCISCO, CA, 94133",Russian Hill,3.0,POINT (-122.4122751 37.79870186),Phone,
3639928,05/13/2014 06:26:22 PM,05/14/2014 05:00:00 AM,05/14/2014 05:00:00 AM,Closed,DPW Ops Queue,Encampments,Encampment Reports,Encampment Cleanup,"934 LARKIN ST, SAN FRANCISCO, CA, 94109",Lower Nob Hill,3.0,POINT (-122.4181137 37.78658657),Phone,
3639923,05/13/2014 06:25:38 PM,05/16/2014 11:51:13 AM,05/16/2014 11:51:13 AM,Closed,SFMTA - Citations/Resident Parking Permits - G,General Request - MTA,complaint,mta_other - complaint,Not associated with a specific address,,,POINT (0 0),Web,
3639919,05/13/2014 06:24:41 PM,05/18/2014 01:48:51 AM,05/18/2014 01:48:51 AM,Closed,DPW - Bureau of Street Environmental Services - G,General Request - PUBLIC WORKS,request_for_service,bses - request_for_service,"1954 24TH AVE, SAN FRANCISCO, CA, 94116",Outer Sunset,4.0,POINT (-122.48156029 37.75112069),Phone,
3639916,05/13/2014 06:22:38 PM,04/14/2015 08:46:00 AM,04/14/2015 08:46:00 AM,Closed,DPW BSM Queue,General Request - PUBLIC WORKS,customer_callback,bses - customer_callback,"1659 MASON ST, SAN FRANCISCO, CA, 94133",Russian Hill,3.0,POINT (-122.41242981 37.79892731),Phone,
3639911,05/13/2014 06:21:17 PM,08/27/2014 12:18:12 PM,08/27/2014 12:18:12 PM,Closed,DPW - Bureau of Urban Forestry - G,General Request - PUBLIC WORKS,request_for_service,buf - request_for_service,Intersection of 3RD ST and CESAR CHAVEZ ST,Central Waterfront,10.0,POINT (-122.38758671 37.75026255),Phone,
3639906,05/13/2014 06:19:36 PM,06/11/2014 08:02:22 AM,06/11/2014 08:02:22 AM,Closed,DPW Ops Queue,Tree Maintenance,Trees - Damaged_Tree,Dead_tree,"2604 3RD ST, SAN FRANCISCO, CA, 94107",Dogpatch,10.0,POINT (-122.38825964 37.75659437),Phone,
3639903,05/13/2014 06:19:04 PM,05/14/2014 12:03:52 PM,05/14/2014 12:03:52 PM,Closed,Recology_Abandoned,Street and Sidewalk Cleaning,Bulky Items,Electronics,Intersection of ORIZABA AVE and THRIFT ST,Oceanview,11.0,POINT (-122.46263123 37.71742249),Web,
3639901,05/13/2014 06:18:47 PM,05/14/2014 09:53:20 AM,05/14/2014 09:53:20 AM,Closed,Recology_Abandoned,Street and Sidewalk Cleaning,Bulky Items,Mattress,Intersection of SAN JOSE AVE and 30TH ST,Fairmount,8.0,POINT (-122.42266866 37.74394058),Phone,
3639898,05/13/2014 06:17:27 PM,05/13/2014 09:50:38 AM,05/13/2014 09:50:38 AM,Closed,DPW Ops Queue,Street and Sidewalk Cleaning,General Cleaning,Other Loose Garbage,Intersection of 3RD ST and 20TH ST,Dogpatch,10.0,POINT (-122.38855743 37.76049042),Phone,
3639895,05/13/2014 06:16:55 PM,05/17/2014 01:23:18 AM,05/17/2014 01:23:18 AM,Closed,DPW Ops Queue,Graffiti,Graffiti on Building_residential,Building_residential - Not_Offensive,"295 OCEAN AVE, SAN FRANCISCO, CA, 94112",Cayuga,11.0,POINT (-122.44314675 37.72301628),Twitter,
3639890,05/13/2014 06:14:37 PM,05/16/2014 12:33:00 PM,05/16/2014 12:33:00 PM,Closed,DPW Ops Queue,Street and Sidewalk Cleaning,General Cleaning,Other Loose Garbage,Intersection of SAN JOSE AVE and 29TH ST,Bernal Heights,9.0,POINT (-122.42266866 37.74394058),Phone,
3639888,05/13/2014 06:14:21 PM,05/17/2014 01:20:53 AM,05/17/2014 01:20:53 AM,Closed,DPW Ops Queue,Graffiti,Graffiti on Building_commercial,Building_commercial - Not_Offensive,"355 OCEAN AVE, SAN FRANCISCO, CA, 94112",Cayuga,11.0,POINT (-122.44407079 37.72291038),Twitter,
3639883,05/13/2014 06:12:39 PM,05/22/2014 08:03:04 AM,05/22/2014 08:03:04 AM,Closed,DPT Abandoned Vehicles Work Queue,Abandoned Vehicle,Abandoned Vehicle - Car4door,white - chevy - suburvan - 4fvv789,"210 JUANITA WAY, SAN FRANCISCO, CA, 94127",Miraloma Park,7.0,POINT (-122.45532249 37.74138699),Phone,
3639878,05/13/2014 06:10:22 PM,05/14/2014 05:33:59 AM,05/14/2014 05:33:59 AM,Closed,311 Supervisor Queue,Street and Sidewalk Cleaning,General Cleaning,Other Loose Garbage,"730 8TH AVE, SAN FRANCISCO, CA, 94118",Inner Richmond,1.0,POINT (-122.46574831 37.77469288),Mobile/Open311,
3639877,05/13/2014 06:09:53 PM,05/14/2014 02:09:15 PM,05/14/2014 02:09:15 PM,Closed,Recology_Abandoned,Street and Sidewalk Cleaning,Bulky Items,Furniture,Not associated with a specific address,,,POINT (0 0),Web,
3639876,05/13/2014 06:09:07 PM,05/21/2014 01:26:43 PM,05/21/2014 01:26:43 PM,Closed,DPT Meter_Bike Queue,Damaged Property,Damaged Parking_Meter,Parking_Meter,Intersection of CHESTNUT ST and MONTGOMERY ST,Telegraph Hill,3.0,POINT (-122.40517426 37.80476379),Phone,
3639869,05/13/2014 06:06:59 PM,05/14/2014 02:47:58 PM,05/14/2014 02:47:58 PM,Closed,Recology_Abandoned,Encampments,Encampment items,Cart Pickup,"1182 FOLSOM ST, SAN FRANCISCO, CA, 94103",South of Market,6.0,POINT (-122.40969797 37.77535648),Phone,
3639862,05/13/2014 06:03:24 PM,05/13/2014 07:52:20 PM,05/13/2014 07:52:20 PM,Closed,311 Supervisor Queue,Graffiti,Graffiti on Other_enter_additional_details_below,Other_enter_additional_details_below - Offensive,"1521 15TH ST, SAN FRANCISCO, CA, 94103",Mission,9.0,POINT (-122.41801056 37.76667904),Mobile/Open311,http://mobile311.sfgov.org/reports/3639862/photos
3639861,05/13/2014 06:03:18 PM,05/23/2014 10:46:09 AM,05/23/2014 10:46:09 AM,Closed,DPT - Traffic Signal - G,General Request - MTA,request_for_service,parking_traffic_other - request_for_service,Intersection of VALENCIA ST and 16TH ST,Mission,9.0,POINT (-122.42188629 37.76491514),Phone,
3639851,05/13/2014 05:59:39 PM,05/20/2014 07:53:09 AM,05/20/2014 07:53:09 AM,Closed,DPT Abandoned Vehicles Work Queue,Abandoned Vehicle,Abandoned Vehicle - PickupTruck,Silver - Toyota - Truck - 3F85959,"20 CEDRO AVE, SAN FRANCISCO, CA, 94127",Ingleside Terraces,7.0,POINT (-122.46765821 37.72742485),Phone,
3639847,05/13/2014 05:59:06 PM,05/15/2014 02:21:01 PM,05/15/2014 02:21:01 PM,Closed,SSP - MTA Feedback Queue,MUNI Feedback,MUNI  -,,Not associated with a specific address,,,POINT (0 0),Web,
3639837,05/13/2014 05:55:17 PM,05/16/2014 01:30:01 AM,05/16/2014 01:30:01 AM,Closed,DPT Signal Queue,Damaged Property,Damaged Traffic_Signal,Traffic_Signal,Intersection of CALIFORNIA ST and SANSOME ST,Financial District,3.0,POINT (-122.40112563 37.79305872),Phone,
3639831,05/13/2014 05:52:52 PM,05/13/2014 07:58:16 PM,05/13/2014 07:58:16 PM,Closed,311 Service Request Queue,311 External Request,Graffiti,Graffiti - Other,"23 WATERVILLE ST, SAN FRANCISCO, CA, 94124",Silver Terrace,10.0,POINT (-122.40275426 37.73585001),Phone,
3639827,05/13/2014 05:51:17 PM,05/13/2014 07:45:21 PM,05/13/2014 07:45:21 PM,Closed,311 Supervisor Queue,Graffiti,Graffiti on Mail_box,Mail_box - Offensive,"2757 43RD AVE, SAN FRANCISCO, CA, 94116",Parkside,4.0,POINT (-122.50114622 37.73546525),Mobile/Open311,http://mobile311.sfgov.org/reports/3639827/photos
3639825,05/13/2014 05:50:22 PM,05/14/2014 10:30:00 AM,05/14/2014 10:30:00 AM,Closed,DPW - Bureau of Street Environmental Services - G,Street and Sidewalk Cleaning,General Cleaning,Other Loose Garbage,Intersection of 17TH ST and HAMPSHIRE ST,Mission,9.0,POINT (-122.40842388 37.76442518),Phone,
3639822,05/13/2014 05:48:56 PM,05/21/2014 01:25:59 PM,05/21/2014 01:25:59 PM,Closed,DPT Meter_Bike Queue,Damaged Property,Damaged Parking_Meter,Parking_Meter,Intersection of MARKET ST and DOLORES ST,Mission Dolores,8.0,POINT (-122.4268584 37.76904226),Phone,
3639821,05/13/2014 05:48:54 PM,06/24/2014 11:07:34 AM,06/24/2014 11:07:34 AM,Closed,SFMTA - Parking Enforcement - G,General Request - MTA,request_for_service,parking_enforcement - request_for_service,Not associated with a specific address,,,POINT (0 0),Web,
3639816,05/13/2014 05:46:18 PM,05/15/2014 03:47:16 PM,05/15/2014 03:47:16 PM,Closed,MUNI Work Queue,MUNI Feedback,MUNI - Services_Service_Delivery_Facilities,601_Delay_No_Show,Intersection of WARREN DR and CHRISTOPHER DR,Forest Knolls,7.0,POINT (-122.4601593 37.7537384),Phone,
3639815,05/13/2014 05:44:42 PM,05/14/2014 06:55:44 AM,05/14/2014 06:55:44 AM,Closed,DPT - Color Curb - G,General Request - MTA,request_for_service,color_curb - request_for_service,Not associated with a specific address,,,POINT (0 0),Phone,
3639814,05/13/2014 05:44:28 PM,05/16/2014 01:30:03 AM,05/16/2014 01:30:03 AM,Closed,DPT Signal Queue,Damaged Property,Damaged Traffic_Signal,Traffic_Signal,Intersection of MARKET ST and 10TH ST,Civic Center,6.0,POINT (-122.41750124 37.77654009),Phone,
3639811,05/13/2014 05:43:50 PM,05/21/2014 01:25:43 PM,05/21/2014 01:25:43 PM,Closed,DPT Meter_Bike Queue,Damaged Property,Damaged Parking_Meter,Parking_Meter,"219 BRANNAN ST, SAN FRANCISCO, CA, 94107",South Beach,6.0,POINT (-122.39021767 37.78323814),Phone,
3639809,05/13/2014 05:43:18 PM,05/15/2014 03:49:38 PM,05/15/2014 03:49:38 PM,Closed,MUNI Work Queue,MUNI Feedback,MUNI - Services_Service_Planning,701_Insufficient_Frequency,Intersection of JUDAH ST and 9TH AVE,Inner Sunset,7.0,POINT (-122.46617889 37.76217651),Phone,
3639803,05/13/2014 05:40:29 PM,05/15/2014 03:50:32 PM,05/15/2014 03:50:32 PM,Closed,MUNI Work Queue,MUNI Feedback,MUNI - Services_Service_Planning,701_Insufficient_Frequency,Intersection of MARKET ST and POWELL ST,South of Market,6.0,POINT (-122.40733337 37.78456116),Phone,
3639802,05/13/2014 05:39:33 PM,05/23/2014 01:53:36 AM,05/23/2014 01:53:36 AM,Closed,DPW Ops Queue,Graffiti,Graffiti on Building_residential,Building_residential - Offensive,"17 SANTA YNEZ AVE, SAN FRANCISCO, CA, 94112",Mission Terrace,11.0,POINT (-122.43918643 37.72357999),Mobile/Open311,http://mobile311.sfgov.org/reports/3639802/photos
3639800,05/13/2014 05:38:37 PM,05/13/2014 08:02:51 AM,05/13/2014 08:02:51 AM,Closed,DPW Ops Queue,Litter Receptacles,Tipped_over,,Intersection of STOCKTON ST and WASHINGTON ST,Chinatown,3.0,POINT (-122.4080797 37.79494064),Phone,
3639798,05/13/2014 05:36:53 PM,05/23/2014 08:38:08 AM,05/23/2014 08:38:08 AM,Closed,DPW Ops Queue,Graffiti,Graffiti on Building_residential,Building_residential - Not_Offensive,"76 BANNOCK ST, SAN FRANCISCO, CA, 94112",Cayuga,11.0,POINT (-122.44274086 37.71842057),Mobile/Open311,http://mobile311.sfgov.org/reports/3639798/photos
3639796,05/13/2014 05:36:22 PM,05/15/2014 04:01:27 PM,05/15/2014 04:01:27 PM,Closed,MUNI Work Queue,MUNI Feedback,MUNI - Services_Service_Delivery_Facilities,604_Vehicle_Appearance,Not associated with a specific address,,,POINT (0 0),Phone,
3639794,05/13/2014 05:35:38 PM,05/17/2014 01:23:18 AM,05/17/2014 01:23:18 AM,Closed,DPW Ops Queue,Graffiti,Graffiti on Building_residential,Building_residential - Not_Offensive,Intersection of DELANO AVE and OCEAN AVE,Cayuga,11.0,POINT (-122.4432193 37.72300099),Mobile/Open311,http://mobile311.sfgov.org/reports/3639794/photos
3639793,05/13/2014 05:35:08 PM,05/15/2014 03:59:47 PM,05/15/2014 03:59:47 PM,Closed,MUNI Work Queue,MUNI Feedback,MUNI - Conduct_Inattentiveness_Negligence,207_Refused_to_Kneel_Bus_Lower_Steps,Intersection of CALIFORNIA ST and POLK ST,Polk Gulch,3.0,POINT (-122.42068481 37.79057693),Phone,
3639792,05/13/2014 05:35:01 PM,12/15/2015 01:00:45 PM,12/15/2015 01:00:45 PM,Closed,Housing Authority SR Queue,SFHA Requests,Carpentery,Carpentery - Emergency,"430 TURK ST, Apt 610, SAN FRANCISCO, CA, 94102",Tenderloin,6.0,POINT (-122.41600037 37.7826004),Phone,
3639789,05/13/2014 05:34:31 PM,05/17/2014 01:23:18 AM,05/17/2014 01:23:18 AM,Closed,DPW Ops Queue,Graffiti,Graffiti on Building_residential,Building_residential - Not_Offensive,Intersection of DELANO AVE and OCEAN AVE,Cayuga,11.0,POINT (-122.4432193 37.72300099),Mobile/Open311,http://mobile311.sfgov.org/reports/3639789/photos
3639788,05/13/2014 05:33:46 PM,05/15/2014 04:02:03 PM,05/15/2014 04:02:03 PM,Closed,MUNI Work Queue,MUNI Feedback,MUNI - Conduct_Unsafe_Operation,101_Running_Red_Light_Stop_Sign,Intersection of FILLMORE ST and GEARY BLVD,Japantown,5.0,POINT (-122.43291473 37.78435516),Phone,
3639784,05/13/2014 05:32:45 PM,05/15/2014 04:11:44 PM,05/15/2014 04:11:44 PM,Closed,SSP - MTA Feedback Queue,MUNI Feedback,MUNI  - Services_Service_Delivery_Facilities,601_Delay_No_Show,Not associated with a specific address,,,POINT (0 0),Web,
3639782,05/13/2014 05:32:33 PM,05/19/2014 07:20:08 AM,05/19/2014 07:20:08 AM,Closed,DPT Abandoned Vehicles Work Queue,Abandoned Vehicle,Abandoned Vehicle - Car4door,Black - BMW -  - 5CRT087,"141 ARLETA AVE, SAN FRANCISCO, CA, 94134",Visitacion Valley,10.0,POINT (-122.40565651 37.71347055),Phone,
3639773,05/13/2014 05:28:24 PM,12/19/2014 02:49:23 PM,12/19/2014 02:49:23 PM,Closed,RPD Park Service Area 6 Queue,Rec and Park Requests,Park - Structural_Maintenance,Graffiti,"Duboce Park, , SAN FRANCISCO, CA, 94117",Duboce Triangle,8.0,POINT (-122.43342728 37.76961319),Phone,
3639769,05/13/2014 05:27:51 PM,05/21/2014 01:24:59 PM,05/21/2014 01:24:59 PM,Closed,DPT Meter_Bike Queue,Damaged Property,Damaged Parking_Meter,Parking_Meter,Intersection of POLK ST and OFARRELL ST,Tenderloin,5.0,POINT (-122.41954957 37.78495901),Phone,
3639764,05/13/2014 05:25:46 PM,05/14/2014 02:08:04 PM,05/14/2014 02:08:04 PM,Closed,DPH - Environmental Health - G,General Request - DPH,request_for_service,environmental_health - request_for_service,Intersection of POST ST and LARKIN ST,Lower Nob Hill,3.0,POINT (-122.41827071 37.78703726),Phone,
3639763,05/13/2014 05:25:39 PM,05/21/2014 01:24:41 PM,05/21/2014 01:24:41 PM,Closed,DPT Meter_Bike Queue,Damaged Property,Damaged Parking_Meter,Parking_Meter,Intersection of FRANCISCO ST and MONTGOMERY ST,Telegraph Hill,3.0,POINT (-122.40535791 37.8056948),Phone,
3639748,05/13/2014 05:21:23 PM,05/15/2014 12:48:36 PM,05/15/2014 12:48:36 PM,Closed,MUNI Work Queue,MUNI Feedback,MUNI - Conduct_Discourteous_Insensitive_Inappropriate_Conduct,303_Fare_Transfer_POP_Dispute,Intersection of VAN NESS AVE and CHESTNUT ST,Union Street,3.0,POINT (-122.42472839 37.80228043),Phone,
3639742,05/13/2014 05:20:26 PM,05/13/2014 11:25:00 AM,05/13/2014 11:25:00 AM,Closed,DPW Ops Queue,Street and Sidewalk Cleaning,Medical Waste,Needles,"1690 FOLSOM ST, SAN FRANCISCO, CA, 94103",South of Market,6.0,POINT (-122.41559568 37.76974774),Phone,
3639737,05/13/2014 05:20:05 PM,05/14/2014 06:23:24 AM,05/14/2014 06:23:24 AM,Closed,PUC Sewer Ops,Sewer Issues,Sewage_back_up,Outofsewervent4inch,"2911 KEITH ST, SAN FRANCISCO, CA, 94124",Bret Harte,10.0,POINT (-122.39511871 37.72284317),Phone,
3639735,05/13/2014 05:18:48 PM,05/14/2014 08:25:39 AM,05/14/2014 08:25:39 AM,Closed,DPW Ops Queue,Street and Sidewalk Cleaning,Human or Animal Waste,Human or Animal Waste,"1690 FOLSOM ST, SAN FRANCISCO, CA, 94103",South of Market,6.0,POINT (-122.41559568 37.76974774),Phone,
3639730,05/13/2014 05:16:51 PM,05/15/2014 01:16:33 PM,05/15/2014 01:16:33 PM,Closed,MUNI Work Queue,MUNI Feedback,MUNI - Services_Service_Delivery_Facilities,605_Vehicle_Maintenance_Noise,Intersection of MANSELL ST and JOHN F SHELLEY DR,McLaren Park,9.0,POINT (-122.41851044 37.71876526),Phone,
3639728,05/13/2014 05:16:30 PM,06/28/2014 02:29:43 AM,06/28/2014 02:29:43 AM,Closed,DPW Ops Queue,Tree Maintenance,Trees - Damaged_Tree,Dead_tree,"380 10TH ST, SAN FRANCISCO, CA, 94103",South of Market,6.0,POINT (-122.4118576 37.7716713),Phone,
3639726,05/13/2014 05:16:17 PM,05/14/2014 10:13:47 AM,05/14/2014 10:13:47 AM,Closed,Recology_Abandoned,Street and Sidewalk Cleaning,General Cleaning,Other Loose Garbage,"1690 FOLSOM ST, SAN FRANCISCO, CA, 94103",South of Market,6.0,POINT (-122.41559568 37.76974774),Phone,
3639707,05/13/2014 05:10:03 PM,05/14/2014 09:34:57 AM,05/14/2014 09:34:57 AM,Closed,Recology_Abandoned,Street and Sidewalk Cleaning,Bulky Items,Mattress,Intersection of CHULA LN and ABBEY ST,Mission Dolores,8.0,POINT (-122.42724138 37.76379761),Phone,
3639699,05/13/2014 05:08:14 PM,05/21/2014 01:24:14 PM,05/21/2014 01:24:14 PM,Closed,DPT Meter_Bike Queue,Damaged Property,Damaged Parking_Meter,Parking_Meter,"1355 SUTTER ST, SAN FRANCISCO, CA, 94109",Cathedral Hill,2.0,POINT (-122.42287445 37.78728104),Phone,
3639697,05/13/2014 05:07:52 PM,03/05/2024 03:03:40 PM,03/05/2024 03:03:40 PM,Closed,DPW BUF Queue,Tree Maintenance,Trees - Damaged_Tree,Damage_vandalism,"30 GROVE ST, SAN FRANCISCO, CA, 94102",Civic Center,5.0,POINT (0 0),Phone,
3639689,05/13/2014 05:05:17 PM,03/31/2017 01:12:11 AM,03/31/2017 01:12:11 AM,Closed,DPW - Bureau of Street Use and Mapping - G,General Request - PUBLIC WORKS,customer_callback,bsm - customer_callback,"201 GARFIELD ST, SAN FRANCISCO, CA, 94132",Ingleside,11.0,POINT (-122.46448837 37.71963516),Phone,
3639688,05/13/2014 05:04:58 PM,05/14/2014 10:29:40 AM,05/14/2014 10:29:40 AM,Closed,Recology_Abandoned,Street and Sidewalk Cleaning,Bulky Items,Furniture,Intersection of BAKER ST and HAYES ST,Panhandle,5.0,POINT (-122.44099231 37.7745781),Mobile/Open311,http://mobile311.sfgov.org/reports/3639688/photos
3639686,05/13/2014 05:04:47 PM,05/20/2014 08:09:34 AM,05/20/2014 08:09:34 AM,Closed,DPT Abandoned Vehicles Work Queue,Abandoned Vehicle,Abandoned Vehicle - SUV,GRAY - LINCOLN - NAVIGATOR - NONE,"1446 SHAFTER AVE, SAN FRANCISCO, CA, 94124",Bayview,10.0,POINT (-122.3878262 37.72946183),Phone,
3639684,05/13/2014 05:04:34 PM,05/13/2014 05:14:48 PM,05/13/2014 05:14:48 PM,Closed,311 Supervisor Queue,Graffiti,Graffiti on Mail_box,Mail_box - Offensive,"2664 22ND ST, SAN FRANCISCO, CA, 94110",Mission,9.0,POINT (-122.408084 37.756284),Mobile/Open311,
3639680,05/13/2014 05:04:14 PM,04/17/2015 10:06:12 PM,04/17/2015 10:06:12 PM,Closed,311 Service Request Queue - Hold,Graffiti,Graffiti on Mail_box,Mail_box - Offensive,"2664 22ND ST, SAN FRANCISCO, CA, 94110",Mission,9.0,POINT (-122.408084 37.756284),Mobile/Open311,
3639672,05/13/2014 05:02:21 PM,05/13/2014 06:19:06 PM,05/13/2014 06:19:06 PM,Closed,311 Supervisor Queue,Graffiti,Graffiti on Mail_box,Mail_box - Offensive,"1000 POTRERO AVE, SAN FRANCISCO, CA, 94110",Mission,9.0,POINT (-122.406946 37.756045),Mobile/Open311,http://mobile311.sfgov.org/reports/3639672/photos
3639671,05/13/2014 05:01:41 PM,05/13/2014 06:19:30 PM,05/13/2014 06:19:30 PM,Closed,311 Supervisor Queue,Graffiti,Graffiti on Mail_box,Mail_box - Offensive,"1000 POTRERO AVE, SAN FRANCISCO, CA, 94110",Mission,9.0,POINT (-122.406946 37.756045),Mobile/Open311,
3639669,05/13/2014 05:01:12 PM,05/19/2014 03:14:12 PM,05/19/2014 03:14:12 PM,Closed,DPT Color Curb Queue,Color Curb,Red Color Curb Request for,Red Color Curb Request for,"1080 SUTTER ST, SAN FRANCISCO, CA, 94109",Lower Nob Hill,3.0,POINT (-122.41814423 37.78805161),Web,
3639668,05/13/2014 05:00:59 PM,05/13/2014 05:37:08 PM,05/13/2014 05:37:08 PM,Closed,311 Supervisor Queue,Graffiti,Graffiti on Mail_box,Mail_box - Offensive,"2605 22ND ST, SAN FRANCISCO, CA, 94110",Mission,9.0,POINT (-122.406984 37.756073),Mobile/Open311,
3639667,05/13/2014 05:00:47 PM,05/13/2014 05:22:22 PM,05/13/2014 05:22:22 PM,Closed,311 Supervisor Queue,Graffiti,Graffiti on Mail_box,Mail_box - Offensive,"2605 22ND ST, SAN FRANCISCO, CA, 94110",Mission,9.0,POINT (-122.406984 37.756073),Mobile/Open311,
3639659,05/13/2014 04:58:37 PM,05/14/2014 08:37:38 AM,05/14/2014 08:37:38 AM,Closed,DPT Abandoned Vehicles Work Queue,Abandoned Vehicle,Abandoned Vehicle - Car2door,,"2609 PINE ST, SAN FRANCISCO, CA, 94115",Lower Pacific Heights,2.0,POINT (-122.43899536 37.78714752),Web,
3639657,05/13/2014 04:58:12 PM,05/15/2014 01:21:40 PM,05/15/2014 01:21:40 PM,Closed,DPT Color Curb Queue,Color Curb,Red Color Curb Request for,Red Color Curb Request for,"2414 GOUGH ST, SAN FRANCISCO, CA, 94123",Pacific Heights,2.0,POINT (-122.426651 37.79586029),Web,
3639652,05/13/2014 04:57:45 PM,05/15/2014 07:17:14 AM,05/15/2014 07:17:14 AM,Closed,DPT Abandoned Vehicles Work Queue,Abandoned Vehicle,Abandoned Vehicle - Car4door,Creme - Chrysler - PT Cruiser - 6DUE056,"274 BYXBEE ST, SAN FRANCISCO, CA, 94132",Ingleside,11.0,POINT (-122.46978142 37.71919241),Phone,
3639644,05/13/2014 04:54:33 PM,05/14/2014 03:54:55 AM,05/14/2014 03:54:55 AM,Closed,DPW Ops Queue,Graffiti,Graffiti on Pole,Pole - Not_Offensive,"300 CASTRO ST, SAN FRANCISCO, CA, 94114",Corona Heights,8.0,POINT (-122.43538703 37.76407893),Phone,
3639642,05/13/2014 04:54:09 PM,05/27/2014 08:29:46 AM,05/27/2014 08:29:46 AM,Closed,MUNI Work Queue,MUNI Feedback,MUNI - Conduct_Discourteous_Insensitive_Inappropriate_Conduct,301_Discourtesy_to_Customer,Not associated with a specific address,,,POINT (0 0),Phone,
3639641,05/13/2014 04:54:04 PM,05/21/2014 01:24:00 PM,05/21/2014 01:24:00 PM,Closed,DPT Meter_Bike Queue,Damaged Property,Damaged Parking_Meter,Parking_Meter,Intersection of VAN NESS AVE and JACKSON ST,Pacific Heights,3.0,POINT (-122.42304929 37.79393382),Phone,
3639640,05/13/2014 04:53:50 PM,05/14/2014 03:59:17 AM,05/14/2014 03:59:17 AM,Closed,DPW Ops Queue,Graffiti,Graffiti on Sidewalk_structure,Sidewalk_structure - Offensive,Intersection of GEARY BLVD and PRESIDIO AVE,Anza Vista,2.0,POINT (-122.44570537 37.78231225),Mobile/Open311,http://mobile311.sfgov.org/reports/3639640/photos
3639637,05/13/2014 04:52:52 PM,05/13/2014 05:35:55 PM,05/13/2014 05:35:55 PM,Closed,Recology_Overflowing,Street and Sidewalk Cleaning,Overflowing_City_Receptacle_or_Dumpster,Overflowing_City_Receptacle_or_Dumpster,Intersection of GENEVA AVE and SAN JOSE AVE,Cayuga,11.0,POINT (-122.4466095 37.72072601),Integrated Agency,
3639627,05/13/2014 04:51:46 PM,05/14/2014 09:02:41 AM,05/14/2014 09:02:41 AM,Closed,311 Supervisor Queue,Graffiti,Graffiti on News_rack,News_rack - Offensive,Intersection of GEARY BLVD and PRESIDIO AVE,Anza Vista,2.0,POINT (-122.44574896 37.78240303),Mobile/Open311,http://mobile311.sfgov.org/reports/3639627/photos
3639624,05/13/2014 04:50:34 PM,05/14/2014 09:51:44 AM,05/14/2014 09:51:44 AM,Closed,RPD Graffiti Queue,Rec and Park Requests,Park - Structural_Maintenance,Pavement,"Joseph L. Alioto Performing Arts Piazza, , SAN FRANCISCO, CA, 94102",Civic Center,6.0,POINT (-122.420158 37.781676),Mobile/Open311,http://mobile311.sfgov.org/reports/3639624/photos
3639622,05/13/2014 04:50:27 PM,05/14/2014 09:40:01 AM,05/14/2014 09:40:01 AM,Closed,RPD Graffiti Queue,Rec and Park Requests,Park - Structural_Maintenance,Pavement,"Joseph L. Alioto Performing Arts Piazza, , SAN FRANCISCO, CA, 94102",Civic Center,6.0,POINT (-122.420158 37.781676),Mobile/Open311,http://mobile311.sfgov.org/reports/3639622/photos
3639619,05/13/2014 04:49:19 PM,05/29/2014 06:46:26 AM,05/29/2014 06:46:26 AM,Closed,DPW Ops Queue,Graffiti,Graffiti on Sidewalk_in_front_of_property,Sidewalk_in_front_of_property - Offensive,Intersection of GEARY BLVD and PRESIDIO AVE,Anza Vista,2.0,POINT (-122.44572105 37.78239402),Mobile/Open311,http://mobile311.sfgov.org/reports/3639619/photos
3639616,05/13/2014 04:48:15 PM,05/16/2014 01:30:04 AM,05/16/2014 01:30:04 AM,Closed,DPT Signal Queue,Damaged Property,Damaged Traffic_Signal,Traffic_Signal,Intersection of THE EMBARCADERO and HOWARD ST,Financial District,6.0,POINT (-122.39100081 37.79251832),Phone,
3639612,05/13/2014 04:47:27 PM,05/14/2014 03:59:17 AM,05/14/2014 03:59:17 AM,Closed,DPW Ops Queue,Graffiti,Graffiti on Sidewalk_structure,Sidewalk_structure - Offensive,Intersection of GEARY BLVD and PRESIDIO AVE,Anza Vista,2.0,POINT (-122.44580529 37.78246061),Mobile/Open311,http://mobile311.sfgov.org/reports/3639612/photos
3639592,05/13/2014 04:43:16 PM,05/14/2014 10:53:32 AM,05/14/2014 10:53:32 AM,Closed,Recology_Abandoned,Street and Sidewalk Cleaning,Bulky Items,Furniture,"734 PRESIDIO AVE, SAN FRANCISCO, CA, 94115",Lower Pacific Heights,2.0,POINT (-122.44644516 37.78492556),Mobile/Open311,http://mobile311.sfgov.org/reports/3639592/photos
3639582,05/13/2014 04:41:14 PM,05/14/2014 04:00:29 AM,05/14/2014 04:00:29 AM,Closed,DPW Ops Queue,Graffiti,Graffiti on Pole,Pole - Offensive,"655 PRESIDIO AVE, SAN FRANCISCO, CA, 94115",Laurel Heights / Jordan Park,2.0,POINT (-122.44665689 37.78587804),Mobile/Open311,http://mobile311.sfgov.org/reports/3639582/photos
3639573,05/13/2014 04:38:48 PM,05/14/2014 04:01:09 AM,05/14/2014 04:01:09 AM,Closed,DPW Ops Queue,Graffiti,Graffiti on Pole,Pole - Offensive,Intersection of MASONIC AVE and PINE ST,Laurel Heights / Jordan Park,2.0,POINT (-122.4467734 37.78611294),Mobile/Open311,http://mobile311.sfgov.org/reports/3639573/photos
3639564,05/13/2014 04:36:43 PM,09/25/2014 09:08:21 PM,09/25/2014 09:08:21 PM,Closed,DPT Color Curb Queue,Color Curb,Red_Fee Color Curb Request,Red_Fee zone for,Not associated with a specific address,,,POINT (0 0),Phone,
3639562,05/13/2014 04:36:32 PM,05/14/2014 01:06:02 PM,05/14/2014 01:06:02 PM,Closed,Recology_Abandoned,Street and Sidewalk Cleaning,General Cleaning,Other Loose Garbage,"219 PARNASSUS AVE, SAN FRANCISCO, CA, 94117",Parnassus Heights,8.0,POINT (-122.4529216 37.76441051),Phone,
3639558,05/13/2014 04:35:45 PM,06/24/2014 11:04:21 AM,06/24/2014 11:04:21 AM,Closed,SFMTA - Parking Enforcement - G,General Request - MTA,request_for_service,parking_enforcement - request_for_service,Not associated with a specific address,,,POINT (0 0),Web,
3639551,05/13/2014 04:34:38 PM,05/13/2014 06:05:58 AM,05/13/2014 06:05:58 AM,Closed,DPW Ops Queue,Litter Receptacles,Cans_Left_Out_24x7,,"1015 CORTLAND AVE, SAN FRANCISCO, CA, 94110",Bernal Heights,9.0,POINT (-122.4130509 37.73913044),Mobile/Open311,http://mobile311.sfgov.org/reports/3639551/photos
3639550,05/13/2014 04:34:32 PM,05/13/2014 04:39:57 AM,05/13/2014 04:39:57 AM,Closed,DPW Ops Queue,Street and Sidewalk Cleaning,General Cleaning,Other Loose Garbage,"655 CENTRAL AVE, SAN FRANCISCO, CA, 94117",Panhandle,5.0,POINT (-122.44483185 37.77558136),Phone,
3639544,05/13/2014 04:33:04 PM,05/13/2014 05:29:37 PM,05/13/2014 05:29:37 PM,Closed,311 Supervisor Queue,Graffiti,Graffiti on Other_enter_additional_details_below,Other_enter_additional_details_below - Offensive,"46 PIERCE ST, SAN FRANCISCO, CA, 94117",Duboce Triangle,8.0,POINT (-122.43304384 37.76971065),Mobile/Open311,http://mobile311.sfgov.org/reports/3639544/photos
3639543,05/13/2014 04:31:25 PM,05/21/2014 01:23:38 PM,05/21/2014 01:23:38 PM,Closed,DPT Meter_Bike Queue,Damaged Property,Damaged Parking_Meter,Parking_Meter,Intersection of MASON ST and NORTH POINT ST,Fisherman's Wharf,3.0,POINT (-122.41378601 37.80655271),Phone,
3639540,05/13/2014 04:30:34 PM,05/15/2014 11:38:32 AM,05/15/2014 11:38:32 AM,Closed,DPW Ops Queue,Graffiti,Graffiti on Signal_box,Signal_box - Offensive,Intersection of FRANKLIN ST and OAK ST,Civic Center,6.0,POINT (-122.42110332 37.77542631),Mobile/Open311,http://mobile311.sfgov.org/reports/3639540/photos
3639535,05/13/2014 04:29:05 PM,05/14/2014 10:56:58 AM,05/14/2014 10:56:58 AM,Closed,Recology_Abandoned,Street and Sidewalk Cleaning,Bulky Items,Electronics,Intersection of 25TH AVE and ANZA ST,Outer Richmond,1.0,POINT (-122.4845972 37.77816561),Phone,
3639533,05/13/2014 04:28:24 PM,05/16/2014 01:30:05 AM,05/16/2014 01:30:05 AM,Closed,DPT Signal Queue,Damaged Property,Damaged Traffic_Signal,Traffic_Signal,Intersection of HOWARD ST and SPEAR ST,Financial District,6.0,POINT (-122.39252422 37.79130997),Phone,
3639531,05/13/2014 04:27:56 PM,05/14/2014 09:15:30 AM,05/14/2014 09:15:30 AM,Closed,Recology_Abandoned,Litter Receptacles,Litter_Receptacle_Request_New_Removal,,"601 MCALLISTER ST, SAN FRANCISCO, CA, 94102",Civic Center,5.0,POINT (-122.42213938 37.77978221),Mobile/Open311,
3639527,05/13/2014 04:27:40 PM,05/14/2014 12:00:00 PM,05/14/2014 12:00:00 PM,Closed,DPW BSM Queue,Sidewalk or Curb,Sidewalk_Defect,Collapsed_sidewalk,"1479 SILVER AVE, SAN FRANCISCO, CA, 94134",Portola,9.0,POINT (-122.40729523 37.73202133),Phone,
3639526,05/13/2014 04:27:35 PM,05/15/2014 09:13:17 AM,05/15/2014 09:13:17 AM,Closed,DPW Ops Queue,Graffiti,Graffiti on Building_residential,Building_residential - Not_Offensive,"74 PAGE ST, SAN FRANCISCO, CA, 94102",Civic Center,6.0,POINT (-122.421922 37.774197),Mobile/Open311,http://mobile311.sfgov.org/reports/3639526/photos
3639513,05/13/2014 04:25:23 PM,05/16/2014 11:40:12 AM,05/16/2014 11:40:12 AM,Closed,PUC Sewer Ops,Street Defects,Pavement_Defect,Pavement_Defect,"1515 CABRILLO ST, SAN FRANCISCO, CA, 94118",Inner Richmond,1.0,POINT (-122.47503662 37.77471924),Web,
3639510,05/13/2014 04:25:02 PM,11/19/2014 12:00:00 PM,11/19/2014 12:00:00 PM,Closed,DPW BSM Queue,Sidewalk or Curb,Sidewalk_Defect,Collapsed_sidewalk,"370 23RD AVE, SAN FRANCISCO, CA, 94121",Outer Richmond,1.0,POINT (-122.48249054 37.78089905),Web,
3639503,05/13/2014 04:24:21 PM,05/29/2014 11:12:14 AM,05/29/2014 11:12:14 AM,Closed,DPW Ops Queue,Graffiti,Graffiti on Building_other,Building_other - Not_Offensive,"44 PAGE ST, SAN FRANCISCO, CA, 94102",Civic Center,6.0,POINT (-122.421586 37.7745),Mobile/Open311,http://mobile311.sfgov.org/reports/3639503/photos
3639496,05/13/2014 04:21:46 PM,05/13/2014 04:36:58 PM,05/13/2014 04:36:58 PM,Closed,Recology_Abandoned,Street and Sidewalk Cleaning,Bulky Items,Mattress,Intersection of 25TH AVE and BALBOA ST,Outer Richmond,1.0,POINT (-122.48446082 37.77629998),Phone,
3639483,05/13/2014 04:17:15 PM,05/14/2014 06:20:31 AM,05/14/2014 06:20:31 AM,Closed,PUC Sewer Ops,Sewer Issues,Sewage_back_up,Outofsewervent4inch,"646 LOMBARD ST, SAN FRANCISCO, CA, 94133",North Beach,3.0,POINT (-122.41216278 37.80304718),Phone,
3639479,05/13/2014 04:15:18 PM,05/21/2014 01:22:46 PM,05/21/2014 01:22:46 PM,Closed,DPT Meter_Bike Queue,Damaged Property,Damaged Parking_Meter,Parking_Meter,"400 PARNASSUS AVE, SAN FRANCISCO, CA, 94122",Parnassus Heights,7.0,POINT (-122.45678888 37.76383819),Phone,
3639475,05/13/2014 04:14:32 PM,09/25/2014 09:08:23 PM,09/25/2014 09:08:23 PM,Closed,DPT Color Curb Queue,Color Curb,Red Color Curb Request for,Red Color Curb Request for,"2 NAYLOR ST, SAN FRANCISCO, CA, 94112",Crocker Amazon,11.0,POINT (-122.43416595 37.7111969),Web,
3639470,05/13/2014 04:13:15 PM,05/14/2014 05:15:00 AM,05/14/2014 05:15:00 AM,Closed,DPW Ops Queue,Street and Sidewalk Cleaning,Human or Animal Waste,Human or Animal Waste,Intersection of DORE ST and BRANNAN ST,Showplace Square,6.0,POINT (-122.40758757 37.76958643),Phone,
3639468,05/13/2014 04:13:03 PM,05/14/2014 02:08:09 AM,05/14/2014 02:08:09 AM,Closed,DPW Ops Queue,Street and Sidewalk Cleaning,Human or Animal Waste,Human or Animal Waste,Intersection of LAUSSAT ST and WEBSTER ST,Lower Haight,5.0,POINT (-122.42870994 37.77184955),Phone,
3639467,05/13/2014 04:12:57 PM,05/13/2014 04:46:40 PM,05/13/2014 04:46:40 PM,Closed,Recology_Abandoned,Street and Sidewalk Cleaning,Bulky Items,Furniture,Intersection of JACKSON ST and MASON ST,Nob Hill,3.0,POINT (-122.4115429 37.79540646),Phone,
3639458,05/13/2014 04:11:31 PM,05/20/2014 07:45:40 AM,05/20/2014 07:45:40 AM,Closed,DPT Abandoned Vehicles Work Queue,Abandoned Vehicle,Abandoned Vehicle - Trailer,,Intersection of QUINTARA ST and 41ST AVE,Outer Sunset,4.0,POINT (-122.49965668 37.74760437),Web,
3639455,05/13/2014 04:11:28 PM,05/14/2014 05:15:00 AM,05/14/2014 05:15:00 AM,Closed,DPW Ops Queue,Street and Sidewalk Cleaning,Human or Animal Waste,Human or Animal Waste,Intersection of DORE ST and BRANNAN ST,Showplace Square,6.0,POINT (-122.40758757 37.76958643),Phone,
3639452,05/13/2014 04:10:51 PM,05/21/2014 01:22:22 PM,05/21/2014 01:22:22 PM,Closed,DPT Meter_Bike Queue,Damaged Property,Damaged Parking_Meter,Parking_Meter,"100 EDDY ST, SAN FRANCISCO, CA, 94102",Tenderloin,5.0,POINT (-122.40936592 37.7843827),Phone,
3639440,05/13/2014 04:08:12 PM,05/16/2014 11:52:48 AM,05/16/2014 11:52:48 AM,Closed,SFMTA - Citations/Resident Parking Permits - G,General Request - MTA,other,parking_enforcement - other,Not associated with a specific address,,,POINT (0 0),Web,
3639435,05/13/2014 04:06:54 PM,05/17/2014 11:59:35 AM,05/17/2014 11:59:35 AM,Closed,RPD GGP Queue,Rec and Park Requests,Park - Structural_Maintenance,Graffiti,"GGP Panhandle, , SAN FRANCISCO, CA, 94117",Panhandle,5.0,POINT (-122.44870046 37.77220476),Phone,
3639424,05/13/2014 04:03:50 PM,03/02/2015 07:57:13 PM,03/02/2015 07:57:13 PM,Closed,RPD Park Service Area 1 Queue,Rec and Park Requests,Park - Neighborhood_Services_Area,Trash_Dumping,"Joe DiMaggio Playground, 651 LOMBARD ST, SAN FRANCISCO, CA, 94133",North Beach,3.0,POINT (-122.41207127 37.80248215),Phone,
3639418,05/13/2014 04:00:07 PM,03/05/2024 03:03:40 PM,03/05/2024 03:03:40 PM,Closed,DPW BSSR Queue,General Request - PUBLIC WORKS,request_for_service,bssr - request_for_service,Intersection of PORTOLA DR and GLENVIEW DR,Midtown Terrace,8.0,POINT (-122.4478711 37.74691365),Phone,
3639414,05/13/2014 03:58:10 PM,05/15/2014 12:30:06 PM,05/15/2014 12:30:06 PM,Closed,MUNI Work Queue,MUNI Feedback,MUNI - Conduct_Inattentiveness_Negligence,205_Offroute_Did_Not_Complete_Route,Intersection of CONNECTICUT ST and 26TH ST,Potrero Hill,10.0,POINT (-122.39640808 37.75117874),Phone,
3639412,05/13/2014 03:57:32 PM,05/21/2014 01:21:20 PM,05/21/2014 01:21:20 PM,Closed,DPT Meter_Bike Queue,Damaged Property,Damaged Parking_Meter,Parking_Meter,"2335 OCEAN AVE, SAN FRANCISCO, CA, 94127",Ingleside Terraces,7.0,POINT (-122.46887207 37.72954559),Web,
3639411,05/13/2014 03:57:16 PM,02/19/2015 11:25:25 AM,02/19/2015 11:25:25 AM,Closed,DPW Ops Queue,Tree Maintenance,Trees - Landscaping,Empty_tree_basin,Intersection of PORTOLA DR and GLENVIEW DR,Midtown Terrace,8.0,POINT (-122.4478711 37.74691365),Phone,
3639399,05/13/2014 03:55:31 PM,05/15/2014 07:33:37 AM,05/15/2014 07:33:37 AM,Closed,DPT Abandoned Vehicles Work Queue,Abandoned Vehicle,Abandoned Vehicle - Other,white  - unknown - unknown - 6M12082,Intersection of LA GRANDE AVE and AVALON AVE,Excelsior,11.0,POINT (-122.42414507 37.72481153),Phone,
3639397,05/13/2014 03:55:13 PM,09/04/2016 05:10:53 AM,09/04/2016 05:10:53 AM,Closed,DPW BSM Queue,Damaged Property,Damaged Benches_on_Sidewalk,Benches_on_Sidewalk,Intersection of PORTOLA DR and GLENVIEW DR,Midtown Terrace,8.0,POINT (-122.4478711 37.74691365),Phone,
3639398,05/13/2014 03:55:13 PM,05/13/2014 04:52:43 PM,05/13/2014 04:52:43 PM,Closed,Recology_Abandoned,Street and Sidewalk Cleaning,Bulky Items,Mattress,Intersection of LAKEVIEW AVE and MARGARET AVE,Oceanview,11.0,POINT (-122.45264365 37.71737356),Phone,
3639396,05/13/2014 03:55:10 PM,05/13/2014 04:16:15 PM,05/13/2014 04:16:15 PM,Closed,PUC - Water - G,General Request - PUC,request_for_service,water - request_for_service,Intersection of 3RD ST and SOUTH ST,Mission Bay,6.0,POINT (-122.38923839 37.76882439),Phone,
3639383,05/13/2014 03:52:09 PM,05/13/2014 05:12:00 AM,05/13/2014 05:12:00 AM,Closed,DPW Ops Queue,Tree Maintenance,Trees - Damaged_Tree,Fallen_tree,"100 WALNUT ST, SAN FRANCISCO, CA, 94118",Presidio Heights,2.0,POINT (-122.44911714 37.79058857),Phone,
3639379,05/13/2014 03:51:04 PM,05/21/2014 08:39:50 AM,05/21/2014 08:39:50 AM,Closed,DPT Abandoned Vehicles Work Queue,Abandoned Vehicle,Abandoned Vehicle - SUV,Black - Land_Rover -  - 4SLD990,Intersection of DIAMOND ST and 28TH ST,Diamond Heights,8.0,POINT (-122.4356842 37.74476242),Web,
3639375,05/13/2014 03:49:47 PM,05/21/2014 08:38:20 AM,05/21/2014 08:38:20 AM,Closed,DPT Abandoned Vehicles Work Queue,Abandoned Vehicle,Abandoned Vehicle - Car4door,grey - Honda - sedan - 7DMJ822,"246 THERESA ST, SAN FRANCISCO, CA, 94112",Mission Terrace,11.0,POINT (-122.43584671 37.72993517),Phone,
3639373,05/13/2014 03:49:32 PM,04/11/2016 05:12:38 AM,04/11/2016 05:12:38 AM,Closed,DPW - Bureau of Urban Forestry - G,Tree Maintenance,Trees - Overgrown_Tree,Pruning_request,Intersection of WASHINGTON ST and MASON ST,Nob Hill,3.0,POINT (-122.41136444 37.79452485),Phone,
3639367,05/13/2014 03:47:35 PM,05/21/2014 01:20:54 PM,05/21/2014 01:20:54 PM,Closed,DPT Meter_Bike Queue,Damaged Property,Damaged Parking_Meter,Parking_Meter,"851 OFARRELL ST, SAN FRANCISCO, CA, 94109",Tenderloin,5.0,POINT (-122.41873047 37.78500531),Phone,
3639359,05/13/2014 03:46:08 PM,05/20/2014 06:37:04 AM,05/20/2014 06:37:04 AM,Closed,DPT Abandoned Vehicles Work Queue,Abandoned Vehicle,Abandoned Vehicle - Car2door,Red - Acura -  - ???????,"190 NAPOLEON ST, SAN FRANCISCO, CA, 94124",Produce Market,10.0,POINT (-122.39897156 37.74757004),Web,
3639356,05/13/2014 03:44:21 PM,05/13/2014 04:23:36 PM,05/13/2014 04:23:36 PM,Closed,Recology_Abandoned,Street and Sidewalk Cleaning,Bulky Items,Mattress,Intersection of 23RD ST and FOLSOM ST,Mission,9.0,POINT (-122.41423385 37.75409869),Twitter,
3639350,05/13/2014 03:43:29 PM,05/14/2014 03:08:55 AM,05/14/2014 03:08:55 AM,Closed,DPW Ops Queue,Street and Sidewalk Cleaning,Human or Animal Waste,Human or Animal Waste,Intersection of 23RD ST and FOLSOM ST,Mission,9.0,POINT (-122.41423385 37.75409869),Twitter,
3639348,05/13/2014 03:43:11 PM,05/20/2014 02:07:50 AM,05/20/2014 02:07:50 AM,Closed,DPW Ops Queue,Litter Receptacles,Litter_Receptacle_Request_New_Removal,,"998 GUERRERO ST, SAN FRANCISCO, CA, 94110",Dolores Heights,8.0,POINT (-122.4232678 37.75519322),Phone,
3639337,05/13/2014 03:41:11 PM,06/09/2014 08:57:54 AM,06/09/2014 08:57:54 AM,Closed,PUC Sewer Ops,Sewer Issues,Sewage_back_up,Outofsewervent4inch,Intersection of FULTON ST and WEBSTER ST,Hayes Valley,5.0,POINT (-122.42985041 37.77791806),Phone,
3639333,05/13/2014 03:39:25 PM,05/14/2014 12:55:04 PM,05/14/2014 12:55:04 PM,Closed,PG and E - Streetlights Queue,Streetlights,Streetlight - Light_Burnt_Out,Light_Burnt_Out on Wooden Pole,"230 2ND AVE, SAN FRANCISCO, CA, 94118",Inner Richmond,1.0,POINT (-122.46006775 37.78440475),Phone,
3639331,05/13/2014 03:39:20 PM,06/03/2014 09:54:22 AM,06/03/2014 09:54:22 AM,Closed,DPT - Traffic Signal - G,Damaged Property,Damaged Traffic_Signal,Traffic_Signal,Intersection of STEUART ST and MISSION ST,Financial District,3.0,POINT (-122.39318239 37.79323047),Phone,
3639327,05/13/2014 03:38:22 PM,05/14/2014 12:00:00 PM,05/14/2014 12:00:00 PM,Closed,DPW - Bureau of Street Use and Mapping - G,General Request - PUBLIC WORKS,complaint,bsm - complaint,Intersection of DIVISADERO ST and WASHINGTON ST,Pacific Heights,2.0,POINT (-122.44098663 37.79075623),Phone,
3639322,05/13/2014 03:37:01 PM,05/15/2014 12:31:06 PM,05/15/2014 12:31:06 PM,Closed,MUNI Work Queue,MUNI Feedback,MUNI - Services_Miscellaneous,801_NextMuni_Technology,Intersection of 9TH AVE and JUDAH ST,Inner Sunset,7.0,POINT (-122.46617889 37.76217651),Phone,
3639321,05/13/2014 03:36:45 PM,05/14/2014 12:53:46 PM,05/14/2014 12:53:46 PM,Closed,DPH - Environmental Health - G,General Request - DPH,request_for_service,environmental_health - request_for_service,Intersection of 16TH AVE and MORAGA ST,Golden Gate Heights,7.0,POINT (-122.47368371 37.75623586),Phone,
3639320,05/13/2014 03:35:58 PM,07/17/2014 03:59:32 PM,07/17/2014 03:59:32 PM,Closed,311 Supervisor Queue,Sign Repair,Sign - Defaced,Other - Defaced; support - OK,Intersection of LINCOLN BLVD and SHERIDAN AVE,Presidio National Park,2.0,POINT (-122.46132379 37.80128255),Mobile/Open311,http://mobile311.sfgov.org/reports/3639320/photos
3639317,05/13/2014 03:34:26 PM,05/13/2014 09:14:45 PM,05/13/2014 09:14:45 PM,Closed,DPT - Bicycle - G,General Request - MTA,customer_callback,bicycle - customer_callback,Not associated with a specific address,,,POINT (0 0),Web,
3639316,05/13/2014 03:34:23 PM,06/27/2014 12:00:00 PM,06/27/2014 12:00:00 PM,Closed,DPW BSM Queue,Sidewalk or Curb,Curb_or_Curb_Ramp_Defect,Curb_or_Curb_Ramp_Defect,"343 NAYLOR ST, SAN FRANCISCO, CA, 94112",Crocker Amazon,11.0,POINT (-122.43217589 37.7095334),Phone,
3639315,05/13/2014 03:34:15 PM,05/13/2014 04:46:49 PM,05/13/2014 04:46:49 PM,Closed,Recology_Abandoned,Street and Sidewalk Cleaning,Bulky Items,Furniture,"100 EL CAMINO DEL MAR, SAN FRANCISCO, CA, 94121",Seacliff,1.0,POINT (-122.48418446 37.78771821),Phone,
3639303,05/13/2014 03:31:54 PM,11/21/2017 02:09:00 PM,11/21/2017 02:09:00 PM,Closed,Human Resources - G,General Request - HUMAN RESOURCES,other,human_resources - other,Not associated with a specific address,,,POINT (0 0),Web,
3639301,05/13/2014 03:31:45 PM,05/14/2014 02:57:57 PM,05/14/2014 02:57:57 PM,Closed,DPT Construction Zone Permits Queue,Construction Zone Permits,Construction Zone Tow-away Permits for Empire  Construction &  Engineering,Empire  Construction &  Engineering,Not associated with a specific address,,,POINT (0 0),Phone,
3639291,05/13/2014 03:30:44 PM,07/08/2014 02:12:42 AM,07/08/2014 02:12:42 AM,Closed,DPW BSSR Queue,Street and Sidewalk Cleaning,General Cleaning,Other Loose Garbage,"343 NAYLOR ST, SAN FRANCISCO, CA, 94112",Crocker Amazon,11.0,POINT (-122.43190002 37.70931625),Phone,
3639276,05/13/2014 03:28:43 PM,05/14/2014 02:48:45 PM,05/14/2014 02:48:45 PM,Closed,DPT Construction Zone Permits Queue,Construction Zone Permits,Construction Zone Tow-away Permits for Empire  Construction &  Engineering,Empire  Construction &  Engineering,Not associated with a specific address,,,POINT (0 0),Phone,
3639268,05/13/2014 03:25:55 PM,05/14/2014 03:21:34 PM,05/14/2014 03:21:34 PM,Closed,DPT Construction Zone Permits Queue,Construction Zone Permits,Construction Zone Tow-away Permits for Empire  Construction &  Engineering,Empire  Construction &  Engineering,Not associated with a specific address,,,POINT (0 0),Phone,
3639254,05/13/2014 03:23:24 PM,05/13/2014 04:08:13 PM,05/13/2014 04:08:13 PM,Closed,Recology_Abandoned,Street and Sidewalk Cleaning,General Cleaning,Other Loose Garbage,Intersection of NEWCOMB AVE and PHELPS ST,Bayview,10.0,POINT (-122.3935228 37.73735021),Phone,
3639253,05/13/2014 03:23:18 PM,05/13/2014 07:49:00 AM,05/13/2014 07:49:00 AM,Closed,DPW Ops Queue,Street and Sidewalk Cleaning,General Cleaning,Other Loose Garbage,"1575 PINE ST, SAN FRANCISCO, CA, 94109",Lower Nob Hill,3.0,POINT (-122.42152405 37.78936386),Phone,
3639247,05/13/2014 03:22:54 PM,05/15/2014 12:32:08 PM,05/15/2014 12:32:08 PM,Closed,MUNI Work Queue,MUNI Feedback,MUNI - Conduct_Inattentiveness_Negligence,201_Pass_Up_Did_Not_Wait_for_Transferee,Intersection of NEW MONTGOMERY ST and MARKET ST,South of Market,6.0,POINT (-122.40206909 37.78871918),Phone,
3639245,05/13/2014 03:22:40 PM,05/14/2014 02:27:13 PM,05/14/2014 02:27:13 PM,Closed,DPT Construction Zone Permits Queue,Construction Zone Permits,Construction Zone Tow-away Permits for Empire  Construction &  Engineering,Empire  Construction &  Engineering,Not associated with a specific address,,,POINT (0 0),Phone,
3639238,05/13/2014 03:21:24 PM,05/16/2014 04:00:00 AM,05/16/2014 04:00:00 AM,Closed,DPW Ops Queue,Street and Sidewalk Cleaning,General Cleaning,Other Loose Garbage,Intersection of YORK ST and 21ST ST,Mission,9.0,POINT (-122.40865326 37.75765228),Phone,
3639229,05/13/2014 03:19:08 PM,05/16/2014 11:45:07 AM,05/16/2014 11:45:07 AM,Closed,PUC Sewer Ops,Sewer Issues,Sewage_back_up,Outofsewervent4inch,"139 BROAD ST, SAN FRANCISCO, CA, 94112",Oceanview,11.0,POINT (-122.45753479 37.7130127),Phone,
3639228,05/13/2014 03:19:06 PM,05/14/2014 02:20:46 PM,05/14/2014 02:20:46 PM,Closed,DPT Construction Zone Permits Queue,Construction Zone Permits,Construction Zone Tow-away Permits for Empire  Construction &  Engineering,Empire  Construction &  Engineering,Not associated with a specific address,,,POINT (0 0),Phone,
3639227,05/13/2014 03:19:00 PM,09/25/2014 09:08:24 PM,09/25/2014 09:08:24 PM,Closed,DPT Color Curb Queue,Color Curb,Red Color Curb Request for,Red Color Curb Request for,"300 CORNWALL ST, SAN FRANCISCO, CA, 94118",Inner Richmond,1.0,POINT (-122.46245575 37.7849617),Web,
3639211,05/13/2014 03:16:16 PM,05/20/2014 08:13:29 AM,05/20/2014 08:13:29 AM,Closed,DPT Abandoned Vehicles Work Queue,Abandoned Vehicle,Abandoned Vehicle - Car4door,aquamarine - toyota - camry - 4msd456,"3 AZTEC ST, SAN FRANCISCO, CA, 94110",Bernal Heights,9.0,POINT (-122.41649257 37.74549706),Phone,
3639209,05/13/2014 03:16:00 PM,05/14/2014 02:18:26 PM,05/14/2014 02:18:26 PM,Closed,DPT Construction Zone Permits Queue,Construction Zone Permits,Construction Zone Tow-away Permits for Empire  Construction &  Engineering,Empire  Construction &  Engineering,Not associated with a specific address,,,POINT (0 0),Phone,
3639199,05/13/2014 03:14:07 PM,05/13/2014 03:45:00 AM,05/13/2014 03:45:00 AM,Closed,DPW Ops Queue,Street and Sidewalk Cleaning,Human or Animal Waste,Human or Animal Waste,"375 TAYLOR ST, SAN FRANCISCO, CA, 94102",Tenderloin,5.0,POINT (-122.41132893 37.78574907),Phone,
3639198,05/13/2014 03:13:50 PM,05/23/2014 02:21:40 AM,05/23/2014 02:21:40 AM,Closed,DPW Ops Queue,Street and Sidewalk Cleaning,General Cleaning,Paper Spill,Intersection of DOUGLASS ST and SEWARD ST,Eureka Valley,8.0,POINT (-122.43907572 37.75785418),Phone,
3639195,05/13/2014 03:13:00 PM,05/13/2014 04:00:00 AM,05/13/2014 04:00:00 AM,Closed,DPW Ops Queue,Street and Sidewalk Cleaning,Human or Animal Waste,Human or Animal Waste,Intersection of BREEN PL and MCALLISTER ST,Civic Center,5.0,POINT (-122.41613899 37.78061394),Phone,
3639194,05/13/2014 03:12:59 PM,05/17/2014 10:20:17 AM,05/17/2014 10:20:17 AM,Closed,DBI Inspection Services Queue,General Request - BUILDING INSPECTION,customer_callback,inspection_services - customer_callback,"251 PARKER AVE, SAN FRANCISCO, CA, 94118",Lone Mountain,2.0,POINT (-122.45407867 37.78089905),Phone,
3639189,05/13/2014 03:12:29 PM,05/14/2014 02:13:55 PM,05/14/2014 02:13:55 PM,Closed,DPT Construction Zone Permits Queue,Construction Zone Permits,Construction Zone Tow-away Permits for Empire  Construction &  Engineering,Empire  Construction &  Engineering,Not associated with a specific address,,,POINT (0 0),Phone,
3639187,05/13/2014 03:11:56 PM,05/13/2014 04:00:00 AM,05/13/2014 04:00:00 AM,Closed,DPW Ops Queue,Street and Sidewalk Cleaning,Human or Animal Waste,Human or Animal Waste,"237 ELLIS ST, SAN FRANCISCO, CA, 94102",Tenderloin,5.0,POINT (-122.41010213 37.7851509),Phone,
3639185,05/13/2014 03:11:19 PM,05/13/2014 03:00:00 AM,05/13/2014 03:00:00 AM,Closed,DPW Ops Queue,Street and Sidewalk Cleaning,Human or Animal Waste,Human or Animal Waste,"23 GRACE ST, SAN FRANCISCO, CA, 94103",South of Market,6.0,POINT (-122.414988 37.775195),Mobile/Open311,
3639182,05/13/2014 03:10:57 PM,05/13/2014 04:00:00 AM,05/13/2014 04:00:00 AM,Closed,DPW Ops Queue,Street and Sidewalk Cleaning,Human or Animal Waste,Human or Animal Waste,Intersection of TAYLOR ST and ELLIS ST,Tenderloin,5.0,POINT (-122.41114195 37.78507362),Phone,
3639180,05/13/2014 03:10:11 PM,05/16/2014 12:00:00 PM,05/16/2014 12:00:00 PM,Closed,DPW BSM Queue,Street Defects,Pavement_Defect,Pavement_Defect,Intersection of DUBOCE AVE and CHURCH ST,Duboce Triangle,8.0,POINT (-122.42912878 37.76945562),Phone,
3639176,05/13/2014 03:09:39 PM,05/13/2014 06:20:00 AM,05/13/2014 06:20:00 AM,Closed,DPW Ops Queue,Street and Sidewalk Cleaning,Human or Animal Waste,Human or Animal Waste,"739 LARKIN ST, SAN FRANCISCO, CA, 94109",Tenderloin,5.0,POINT (-122.41788663 37.78476357),Phone,
3639171,05/13/2014 03:08:57 PM,05/14/2014 12:43:05 PM,05/14/2014 12:43:05 PM,Closed,DPT Construction Zone Permits Queue,Construction Zone Permits,Construction Zone Tow-away Permits for Empire  Construction &  Engineering,Empire  Construction &  Engineering,Not associated with a specific address,,,POINT (0 0),Phone,
3639169,05/13/2014 03:08:51 PM,05/13/2014 06:30:00 AM,05/13/2014 06:30:00 AM,Closed,DPW Ops Queue,Street and Sidewalk Cleaning,Human or Animal Waste,Human or Animal Waste,"670 LARKIN ST, SAN FRANCISCO, CA, 94109",Tenderloin,5.0,POINT (-122.41758944 37.7839773),Phone,
3639165,05/13/2014 03:08:00 PM,05/14/2014 08:00:00 AM,05/14/2014 08:00:00 AM,Closed,DPW Ops Queue,Street and Sidewalk Cleaning,Human or Animal Waste,Human or Animal Waste,"669 ELLIS ST, SAN FRANCISCO, CA, 94109",Tenderloin,5.0,POINT (-122.41717763 37.7842477),Phone,
3639162,05/13/2014 03:07:01 PM,05/14/2014 08:10:00 AM,05/14/2014 08:10:00 AM,Closed,DPW Ops Queue,Street and Sidewalk Cleaning,Human or Animal Waste,Human or Animal Waste,"623 ELLIS ST, SAN FRANCISCO, CA, 94109",Tenderloin,5.0,POINT (-122.41645669 37.78434183),Phone,
3639158,05/13/2014 03:06:11 PM,05/15/2014 07:35:02 AM,05/15/2014 07:35:02 AM,Closed,DPT Abandoned Vehicles Work Queue,Abandoned Vehicle,Abandoned Vehicles,DPT Abandoned Vehicles Low,"GGP Kezar Stadium, 755 STANYAN ST, SAN FRANCISCO, CA, 94117",Golden Gate Park,1.0,POINT (-122.45612408 37.76622042),Mobile/Open311,http://mobile311.sfgov.org/reports/3639158/photos
3639157,05/13/2014 03:06:02 PM,05/13/2014 04:00:00 AM,05/13/2014 04:00:00 AM,Closed,DPW Ops Queue,Street and Sidewalk Cleaning,Human or Animal Waste,Human or Animal Waste,Intersection of JONES ST and EDDY ST,Tenderloin,5.0,POINT (-122.41262366 37.78441506),Phone,
3639154,05/13/2014 03:05:34 PM,05/21/2014 01:20:39 PM,05/21/2014 01:20:39 PM,Closed,DPT Meter_Bike Queue,Damaged Property,Damaged Parking_Meter,Parking_Meter,Intersection of TAYLOR ST and SUTTER ST,Lower Nob Hill,3.0,POINT (-122.41188526 37.7888056),Phone,
3639150,05/13/2014 03:05:00 PM,05/13/2014 07:20:00 AM,05/13/2014 07:20:00 AM,Closed,DPW Ops Queue,Street and Sidewalk Cleaning,Human or Animal Waste,Human or Animal Waste,"315 HYDE ST, SAN FRANCISCO, CA, 94109",Tenderloin,5.0,POINT (-122.41598223 37.78366006),Phone,
3639146,05/13/2014 03:04:23 PM,05/14/2014 12:39:06 PM,05/14/2014 12:39:06 PM,Closed,DPT Construction Zone Permits Queue,Construction Zone Permits,Construction Zone Tow-away Permits for Empire  Construction &  Engineering,Empire  Construction &  Engineering,Not associated with a specific address,,,POINT (0 0),Phone,
3639145,05/13/2014 03:04:04 PM,05/13/2014 06:50:00 AM,05/13/2014 06:50:00 AM,Closed,DPW Ops Queue,Street and Sidewalk Cleaning,Human or Animal Waste,Human or Animal Waste,"50 HYDE ST, SAN FRANCISCO, CA, 94102",Civic Center,5.0,POINT (-122.41525316 37.78075469),Phone,
3639140,05/13/2014 03:03:37 PM,05/14/2014 01:31:36 PM,05/14/2014 01:31:36 PM,Closed,Recology_Litter,Litter Receptacles,Door_Lock_issues,,Intersection of 22ND ST and FOLSOM ST,Mission,9.0,POINT (-122.41438922 37.75569762),Phone,
3639139,05/13/2014 03:03:32 PM,05/14/2014 03:04:59 AM,05/14/2014 03:04:59 AM,Closed,DPW - Bureau of Street Environmental Services - G,General Request - PUBLIC WORKS,request_for_service,bses - request_for_service,"2140 MISSION ST, SAN FRANCISCO, CA, 94110",Mission,9.0,POINT (-122.41964722 37.76279068),Phone,
3639136,05/13/2014 03:02:52 PM,05/13/2014 10:17:28 AM,05/13/2014 10:17:28 AM,Closed,DPW Ops Queue,Street and Sidewalk Cleaning,Human or Animal Waste,Human or Animal Waste,"430 HYDE ST, SAN FRANCISCO, CA, 94109",Tenderloin,5.0,POINT (-122.41606232 37.78475203),Phone,
3639129,05/13/2014 03:01:55 PM,05/13/2014 05:15:00 AM,05/13/2014 05:15:00 AM,Closed,DPW Ops Queue,Street and Sidewalk Cleaning,Human or Animal Waste,Human or Animal Waste,"530 ELLIS ST, SAN FRANCISCO, CA, 94109",Tenderloin,5.0,POINT (-122.41489682 37.78465285),Phone,
3639125,05/13/2014 03:01:05 PM,05/13/2014 05:45:00 AM,05/13/2014 05:45:00 AM,Closed,DPW Ops Queue,Street and Sidewalk Cleaning,Human or Animal Waste,Human or Animal Waste,"434 LEAVENWORTH ST, SAN FRANCISCO, CA, 94102",Tenderloin,5.0,POINT (-122.41442802 37.78499558),Phone,
3639120,05/13/2014 03:00:13 PM,05/20/2014 08:18:13 AM,05/20/2014 08:18:13 AM,Closed,DPT Abandoned Vehicles Work Queue,Abandoned Vehicle,Abandoned Vehicles,DPT Abandoned Vehicles Low,Intersection of BENNINGTON ST and BOCANA ST,Bernal Heights,9.0,POINT (-122.417845 37.740594),Mobile/Open311,http://mobile311.sfgov.org/reports/3639120/photos
3639119,05/13/2014 03:00:10 PM,05/13/2014 06:00:00 AM,05/13/2014 06:00:00 AM,Closed,DPW Ops Queue,Street and Sidewalk Cleaning,Human or Animal Waste,Human or Animal Waste,Intersection of TURK ST and MARKET ST,Tenderloin,6.0,POINT (-122.40992843 37.78337647),Phone,
3639115,05/13/2014 02:59:13 PM,05/13/2014 06:30:00 AM,05/13/2014 06:30:00 AM,Closed,DPW Ops Queue,Street and Sidewalk Cleaning,Human or Animal Waste,Human or Animal Waste,"25 TAYLOR ST, SAN FRANCISCO, CA, 94102",Tenderloin,5.0,POINT (-122.41058561 37.78228354),Phone,
3639106,05/13/2014 02:54:50 PM,05/14/2014 12:23:36 PM,05/14/2014 12:23:36 PM,Closed,DPT Construction Zone Permits Queue,Construction Zone Permits,Construction Zone Tow-away Permits for Empire  Construction &  Engineering,Empire  Construction &  Engineering,Not associated with a specific address,,,POINT (0 0),Phone,
3639104,05/13/2014 02:54:12 PM,11/21/2017 09:00:36 AM,11/21/2017 09:00:36 AM,Closed,Housing Authority SR Queue,SFHA Requests,Plumbing,Plumbing - Urgent,"52 SANTOS ST, SAN FRANCISCO, CA, 94134",Sunnydale,10.0,POINT (-122.41899872 37.71139908),Phone,
3639087,05/13/2014 02:48:30 PM,01/05/2018 02:49:20 PM,01/05/2018 02:49:20 PM,Closed,PUC Streetlights Queue,Streetlights,Streetlight - Light_Burnt_Out,Light_Burnt_Out on Metal Pole,"546 LIBERTY ST, SAN FRANCISCO, CA, 94114",Eureka Valley,8.0,POINT (-122.43345642 37.75705719),Phone,
3639085,05/13/2014 02:48:05 PM,05/13/2014 03:14:41 PM,05/13/2014 03:14:41 PM,Closed,Recology_Abandoned,Street and Sidewalk Cleaning,Bulky Items,Electronics,Intersection of WOOLSEY ST and GOETTINGEN ST,Portola,9.0,POINT (-122.40557169 37.72445966),Phone,
3639077,05/13/2014 02:47:19 PM,05/15/2014 05:40:59 AM,05/15/2014 05:40:59 AM,Closed,DPW Ops Queue,Graffiti,Graffiti on Pole,Pole - Offensive,Intersection of 8TH ST and GROVE ST,Civic Center,6.0,POINT (-122.414876 37.77873),Mobile/Open311,http://mobile311.sfgov.org/reports/3639077/photos
3639063,05/13/2014 02:44:54 PM,05/16/2014 01:13:00 AM,05/16/2014 01:13:00 AM,Closed,DPW Ops Queue,Street and Sidewalk Cleaning,General Cleaning,Other Loose Garbage,"354 COLERIDGE ST, SAN FRANCISCO, CA, 94110",Bernal Heights,9.0,POINT (-122.4214325 37.74126816),Phone,
3639059,05/13/2014 02:44:08 PM,05/13/2014 03:39:50 PM,05/13/2014 03:39:50 PM,Closed,DPT Construction Zone Permits Queue,Construction Zone Permits,Construction Zone Tow-away Permits for DPW - Alison Mickels,DPW - Alison Mickels,Not associated with a specific address,,,POINT (0 0),Phone,
3639054,05/13/2014 02:43:20 PM,05/15/2014 11:11:47 AM,05/15/2014 11:11:47 AM,Closed,MUNI Work Queue,MUNI Feedback,MUNI - Services_Service_Delivery_Facilities,601_Delay_No_Show,Not associated with a specific address,,,POINT (0 0),Phone,
3639049,05/13/2014 02:41:15 PM,05/13/2014 03:35:00 AM,05/13/2014 03:35:00 AM,Closed,DPW Ops Queue,Street and Sidewalk Cleaning,Medical Waste,Needles,"40 RINGOLD ST, SAN FRANCISCO, CA, 94103",South of Market,6.0,POINT (-122.41019165 37.77409864),Phone,
3639047,05/13/2014 02:41:01 PM,05/15/2014 11:12:43 AM,05/15/2014 11:12:43 AM,Closed,SSP - MTA Feedback Queue,MUNI Feedback,MUNI  - Conduct_Inattentiveness_Negligence,201_Pass_Up_Did_Not_Wait_for_Transferee,Not associated with a specific address,,,POINT (0 0),Web,
3639034,05/13/2014 02:39:00 PM,08/11/2015 07:21:43 AM,08/11/2015 07:21:43 AM,Closed,SFMTA - Temporary Sign Request Queue,Temporary Sign Request,Temporary Sign Request for Moving_residential_property,20 ft zone requested from 05/21/2014 to 05/21/2014,"324 BARTLETT ST, SAN FRANCISCO, CA, 94110",Mission,9.0,POINT (-122.41958618 37.75127792),Phone,
3639031,05/13/2014 02:38:25 PM,05/15/2014 12:27:01 PM,05/15/2014 12:27:01 PM,Closed,SSP - MTA Feedback Queue,MUNI Feedback,MUNI  -,,Not associated with a specific address,,,POINT (0 0),Web,
3639020,05/13/2014 02:36:25 PM,05/13/2014 04:27:25 PM,05/13/2014 04:27:25 PM,Closed,Recology_Abandoned,Street and Sidewalk Cleaning,Bulky Items,Electronics,"2957 CESAR CHAVEZ ST, SAN FRANCISCO, CA, 94110",Peralta Heights,9.0,POINT (-122.4088041 37.74825066),Phone,
3639019,05/13/2014 02:36:17 PM,05/13/2014 03:35:00 AM,05/13/2014 03:35:00 AM,Closed,DPW Ops Queue,Street and Sidewalk Cleaning,General Cleaning,Other Loose Garbage,"40 RINGOLD ST, SAN FRANCISCO, CA, 94103",South of Market,6.0,POINT (-122.41019165 37.77409864),Phone,
3639017,05/13/2014 02:36:10 PM,05/21/2014 12:00:00 PM,05/21/2014 12:00:00 PM,Closed,DPW BSM Queue,General Request - PUBLIC WORKS,request_for_service,bsm - request_for_service,"3385 JACKSON ST, SAN FRANCISCO, CA, 94118",Presidio Heights,2.0,POINT (-122.45055156 37.79037806),Phone,
3639015,05/13/2014 02:35:46 PM,05/16/2014 12:55:00 PM,05/16/2014 12:55:00 PM,Closed,DPW Ops Queue,Street and Sidewalk Cleaning,General Cleaning,Other Loose Garbage,Intersection of 19TH ST and MISSION ST,Mission,9.0,POINT (-122.41920825 37.76023407),Phone,
3638997,05/13/2014 02:31:45 PM,05/14/2014 05:00:00 AM,05/14/2014 05:00:00 AM,Closed,DPW Ops Queue,Street and Sidewalk Cleaning,General Cleaning,Other Loose Garbage,"934 LARKIN ST, SAN FRANCISCO, CA, 94109",Lower Nob Hill,3.0,POINT (-122.41803741 37.78666687),Phone,
3638976,05/13/2014 02:26:33 PM,05/31/2014 01:05:56 PM,05/31/2014 01:05:56 PM,Closed,SFMTA - Temporary Sign Request Printing Queue,Temporary Sign Request,Temporary Sign Request for Moving_residential_property,30 ft zone requested from 06/01/2014 to 06/01/2014,Not associated with a specific address,,,POINT (0 0),Phone,
3638971,05/13/2014 02:25:41 PM,05/19/2014 10:10:04 AM,05/19/2014 10:10:04 AM,Closed,SFMTA - Temporary Sign Request Printing Queue,Temporary Sign Request,Temporary Sign Request for Moving_residential_property,50 ft zone requested from 05/23/2014 to 05/23/2014,"1215 YORK ST, SAN FRANCISCO, CA, 94110",Mission,9.0,POINT (-122.40799713 37.75234604),Phone,
3638965,05/13/2014 02:23:22 PM,05/21/2014 01:20:21 PM,05/21/2014 01:20:21 PM,Closed,DPT Meter_Bike Queue,Damaged Property,Damaged Parking_Meter,Parking_Meter,Intersection of MAIN ST and MISSION ST,Financial District,6.0,POINT (-122.39493996 37.79183978),Phone,
3638939,05/13/2014 02:18:38 PM,07/14/2017 01:15:52 AM,07/14/2017 01:15:52 AM,Closed,DPW BSM Queue,Sidewalk or Curb,Curb_or_Curb_Ramp_Defect,Curb_or_Curb_Ramp_Defect,"2228 IRVING ST, SAN FRANCISCO, CA, 94122",Outer Sunset,4.0,POINT (-122.48173249 37.7634132),Phone,
3638928,05/13/2014 02:16:31 PM,05/14/2014 12:45:08 PM,05/14/2014 12:45:08 PM,Closed,DPH - Environmental Health - G,General Request - DPH,complaint,environmental_health - complaint,"20 STRATFORD DR, SAN FRANCISCO, CA, 94132",Stonestown,7.0,POINT (-122.47350311 37.72409058),Web,
3638927,05/13/2014 02:16:28 PM,05/14/2014 02:56:41 AM,05/14/2014 02:56:41 AM,Closed,DPW Ops Queue,Graffiti,Graffiti on City_receptacle,City_receptacle - Offensive,"1855 HAIGHT ST, SAN FRANCISCO, CA, 94117",Haight Ashbury,5.0,POINT (-122.45277086 37.76920642),Phone,
3638926,05/13/2014 02:15:56 PM,05/20/2014 08:36:34 AM,05/20/2014 08:36:34 AM,Closed,DPT - Traffic Signal - G,General Request - MTA,request_for_service,traffic_engineering - request_for_service,Intersection of PINE ST and BUCHANAN ST,Japantown,5.0,POINT (-122.43035734 37.78836728),Phone,
3638923,05/13/2014 02:14:52 PM,05/21/2014 01:19:57 PM,05/21/2014 01:19:57 PM,Closed,DPT Meter_Bike Queue,Damaged Property,Damaged Parking_Meter,Parking_Meter,Intersection of IRVING ST and 21ST AVE,Outer Sunset,4.0,POINT (-122.47926677 37.76346562),Phone,
3638920,05/13/2014 02:14:06 PM,08/24/2015 02:29:35 PM,08/24/2015 02:29:35 PM,Closed,DPH - Office of Vital Records - G,General Request - DPH,customer_callback,ovr - customer_callback,Not associated with a specific address,,,POINT (0 0),Phone,
3638906,05/13/2014 02:11:11 PM,05/22/2014 10:51:16 AM,05/22/2014 10:51:16 AM,Closed,DPT - Traffic Signal - G,General Request - MTA,request_for_service,parking_traffic_other - request_for_service,Intersection of THE EMBARCADERO and NORTH POINT ST,Fisherman's Wharf,3.0,POINT (-122.40727866 37.80741901),Phone,
3638901,05/13/2014 02:09:12 PM,05/19/2014 01:01:07 PM,05/19/2014 01:01:07 PM,Closed,DPT - Other - G,General Request - MTA,request_for_service,traffic_engineering - request_for_service,Intersection of OCEAN AVE and LAGUNITAS DR,Merced Manor,7.0,POINT (-122.47420882 37.73211971),Phone,
3638899,05/13/2014 02:08:47 PM,05/15/2014 12:00:00 PM,05/15/2014 12:00:00 PM,Closed,DPW - Bureau of Street Use and Mapping - G,General Request - PUBLIC WORKS,complaint,bsm - complaint,Intersection of 23RD ST and CASTRO ST,Noe Valley,8.0,POINT (-122.43424102 37.75289025),Phone,
3638898,05/13/2014 02:07:56 PM,05/13/2014 03:56:44 PM,05/13/2014 03:56:44 PM,Closed,Recology_Abandoned,Street and Sidewalk Cleaning,General Cleaning,Other Loose Garbage,Intersection of GREEN ST and POLK ST,Polk Gulch,3.0,POINT (-122.42214961 37.79782438),Phone,
3638879,05/13/2014 02:01:35 PM,05/15/2014 07:24:41 AM,05/15/2014 07:24:41 AM,Closed,DPT Abandoned Vehicles Work Queue,Abandoned Vehicle,Abandoned Vehicle - PickupTruck,blue - Ford - Explorer - 6N72149,"401 EUCLID AVE, SAN FRANCISCO, CA, 94118",Laurel Heights / Jordan Park,2.0,POINT (-122.45274353 37.78392029),Web,
3638872,05/13/2014 01:58:59 PM,05/16/2014 03:49:37 PM,05/16/2014 03:49:37 PM,Closed,PUC Sewer Ops,Sewer Issues,Sewage_back_up,Outofsewervent4inch,"319 VICTORIA ST, SAN FRANCISCO, CA, 94132",Merced Heights,11.0,POINT (-122.46539398 37.71648026),Phone,
3638871,05/13/2014 01:58:37 PM,05/13/2014 04:46:43 PM,05/13/2014 04:46:43 PM,Closed,Recology_Abandoned,Street and Sidewalk Cleaning,General Cleaning,Other Loose Garbage,"1945 OCEAN AVE, SAN FRANCISCO, CA, 94127",Ingleside Terraces,7.0,POINT (-122.46325402 37.72553424),Phone,
3638870,05/13/2014 01:58:30 PM,05/13/2014 02:06:10 PM,05/13/2014 02:06:10 PM,Closed,311 Service Request Queue,Damaged Property,Damaged Traffic_Signal,Traffic_Signal,Intersection of CALIFORNIA ST and FRANKLIN ST,Pacific Heights,2.0,POINT (-122.42397308 37.79016113),Phone,
3638861,05/13/2014 01:55:42 PM,05/13/2014 03:25:00 AM,05/13/2014 03:25:00 AM,Closed,DPW Ops Queue,Street and Sidewalk Cleaning,General Cleaning,Other Loose Garbage,Intersection of OAK ST and STEINER ST,Lower Haight,5.0,POINT (-122.43246921 37.77375478),Phone,
3638845,05/13/2014 01:50:53 PM,05/21/2014 01:19:43 PM,05/21/2014 01:19:43 PM,Closed,DPT Meter_Bike Queue,Damaged Property,Damaged Parking_Meter,Parking_Meter,Intersection of SACRAMENTO ST and LAUREL ST,Presidio Heights,2.0,POINT (-122.45030292 37.78776435),Phone,
3638840,05/13/2014 01:49:15 PM,06/14/2014 12:00:20 PM,06/14/2014 12:00:20 PM,Closed,RPD Public Affairs Queue,Rec and Park Requests,Park - Park_Patrol,Park_Rules_Violation,Not associated with a specific address,,,POINT (0 0),Web,
3638835,05/13/2014 01:47:19 PM,05/15/2014 06:26:18 AM,05/15/2014 06:26:18 AM,Closed,DPT Abandoned Vehicles Work Queue,Abandoned Vehicle,Abandoned Vehicle - Car4door,blue - honda - civic - 7DOX519,"3108 16TH ST, SAN FRANCISCO, CA, 94103",Mission Dolores,9.0,POINT (-122.42221069 37.76502228),Phone,
3638831,05/13/2014 01:45:35 PM,05/14/2014 11:39:27 AM,05/14/2014 11:39:27 AM,Closed,Clear Channel - Transit Queue,Street and Sidewalk Cleaning,General Cleaning,Other Loose Garbage,"1309 MARKET ST, SAN FRANCISCO, CA, 94103",South of Market,6.0,POINT (-122.415754 37.777117),Mobile/Open311,http://mobile311.sfgov.org/reports/3638831/photos
3638829,05/13/2014 01:45:23 PM,05/15/2014 10:14:24 AM,05/15/2014 10:14:24 AM,Closed,MUNI Work Queue,MUNI Feedback,MUNI - Conduct_Discourteous_Insensitive_Inappropriate_Conduct,301_Discourtesy_to_Customer,Intersection of JUNIPERO SERRA BLVD and PALMETTO AVE,Merced Heights,7.0,POINT (-122.47104645 37.7106514),Phone,
3638826,05/13/2014 01:44:45 PM,03/07/2022 05:30:29 PM,03/07/2022 05:30:29 PM,Closed,DPW BSSR Queue,Street Defects,Pavement_Defect,Pavement_Defect,Intersection of 9TH ST and LARKIN ST,South of Market,6.0,POINT (-122.416273 37.777439),Mobile/Open311,http://mobile311.sfgov.org/reports/3638826/photos
3638825,05/13/2014 01:44:33 PM,05/14/2014 06:50:00 AM,05/14/2014 06:50:00 AM,Closed,DPW Ops Queue,Street and Sidewalk Cleaning,Human or Animal Waste,Human or Animal Waste,Intersection of WASHBURN ST and MISSION ST,South of Market,6.0,POINT (-122.41512769 37.7758892),Phone,
3638824,05/13/2014 01:44:16 PM,05/15/2014 11:09:33 AM,05/15/2014 11:09:33 AM,Closed,PUC Sewer Ops,Sewer Issues,Sewage_back_up,Outofsewervent4inch,"315 5TH ST, SAN FRANCISCO, CA, 94107",South of Market,6.0,POINT (-122.40306731 37.780084),Phone,
3638817,05/13/2014 01:42:38 PM,05/13/2014 03:00:00 AM,05/13/2014 03:00:00 AM,Closed,DPW Ops Queue,Street and Sidewalk Cleaning,Human or Animal Waste,Human or Animal Waste,Intersection of GRACE ST and MISSION ST,South of Market,6.0,POINT (-122.41548722 37.77560592),Phone,
3638813,05/13/2014 01:41:41 PM,05/15/2014 07:39:44 AM,05/15/2014 07:39:44 AM,Closed,DPW Ops Queue,Tree Maintenance,Trees - Overgrown_Tree,Blocking_traffic_signal,Intersection of 3RD ST and ARMSTRONG AVE,Bayview,10.0,POINT (-122.39356985 37.72697983),Phone,
3638809,05/13/2014 01:39:45 PM,05/14/2014 08:40:41 AM,05/14/2014 08:40:41 AM,Closed,DPT Abandoned Vehicles Work Queue,Abandoned Vehicle,Abandoned Vehicles,DPT Abandoned Vehicles Low,"1232 SUTTER ST, SAN FRANCISCO, CA, 94109",Lower Nob Hill,3.0,POINT (-122.42089008 37.78766085),Mobile/Open311,http://mobile311.sfgov.org/reports/3638809/photos
3638808,05/13/2014 01:38:47 PM,05/13/2014 02:51:57 PM,05/13/2014 02:51:57 PM,Closed,Recology_Abandoned,Street and Sidewalk Cleaning,Bulky Items,Mattress,Intersection of PERRY ST and 3RD ST,South of Market,6.0,POINT (-122.39684296 37.78211975),Phone,
3638805,05/13/2014 01:37:58 PM,05/14/2014 09:34:42 AM,05/14/2014 09:34:42 AM,Closed,DPW Ops Queue,Graffiti,Graffiti on Building_commercial,Building_commercial - Post_Abatement_Inspection,"1874 MARKET ST, SAN FRANCISCO, CA, 94102",Mint Hill,8.0,POINT (-122.42462921 37.77104568),Phone,
3638803,05/13/2014 01:37:35 PM,05/13/2014 08:20:00 AM,05/13/2014 08:20:00 AM,Closed,DPW Ops Queue,Street and Sidewalk Cleaning,General Cleaning,Other Loose Garbage,"709 HYDE ST, SAN FRANCISCO, CA, 94109",Lower Nob Hill,3.0,POINT (-122.4169018 37.78736758),Mobile/Open311,http://mobile311.sfgov.org/reports/3638803/photos
3638794,05/13/2014 01:36:06 PM,05/13/2014 02:25:00 PM,05/13/2014 02:25:00 PM,Closed,PG and E - Streetlights Queue,Streetlights,Streetlight - Light_Burnt_Out,Light_Burnt_Out on Wooden Pole,Not associated with a specific address,,,POINT (0 0),Web,
3638790,05/13/2014 01:35:01 PM,05/13/2014 01:57:15 PM,05/13/2014 01:57:15 PM,Closed,PUC - Water - G,Sewer Issues,Water_leak,Other,Intersection of PACHECO ST and LOPEZ AVE,Forest Hill,7.0,POINT (-122.46268845 37.74851375),Phone,
3638776,05/13/2014 01:30:47 PM,05/21/2014 01:19:23 PM,05/21/2014 01:19:23 PM,Closed,DPT Meter_Bike Queue,Damaged Property,Damaged Parking_Meter,Parking_Meter,Intersection of HYDE ST and BUSH ST,Lower Nob Hill,3.0,POINT (-122.41701932 37.78910955),Phone,
3638769,05/13/2014 01:29:42 PM,05/14/2014 04:26:08 PM,05/14/2014 04:26:08 PM,Closed,PUC Streetlights Queue,Streetlights,Streetlight - Light_On_all_the_time,Light_On_all_the_time on Concrete Pole,"20 UNIVERSITY ST, SAN FRANCISCO, CA, 94134",University Mound,9.0,POINT (-122.41569519 37.73014069),Phone,
3638760,05/13/2014 01:27:22 PM,05/17/2014 10:25:02 AM,05/17/2014 10:25:02 AM,Closed,DBI Building Inspection Queue,General Request - BUILDING INSPECTION,request_for_service,building_inspection - request_for_service,"1838 15TH ST, SAN FRANCISCO, CA, 94103",Mission Dolores,8.0,POINT (-122.4251775 37.76640521),Phone,
3638758,05/13/2014 01:26:40 PM,05/13/2014 01:43:49 PM,05/13/2014 01:43:49 PM,Closed,311 Supervisor Queue,Graffiti,Graffiti on Other_enter_additional_details_below,Other_enter_additional_details_below - Offensive,Intersection of PARK BLVD and WEST PACIFIC AVE,Presidio National Park,2.0,POINT (-122.47016989 37.79073962),Mobile/Open311,http://mobile311.sfgov.org/reports/3638758/photos
3638752,05/13/2014 01:25:46 PM,05/15/2014 10:03:12 AM,05/15/2014 10:03:12 AM,Closed,SSP - MTA Feedback Queue,MUNI Feedback,MUNI  - Conduct_Unsafe_Operation,108_General_Careless_Operation,Not associated with a specific address,,,POINT (0 0),Web,
3638751,05/13/2014 01:25:40 PM,05/13/2014 03:15:00 AM,05/13/2014 03:15:00 AM,Closed,DPW Ops Queue,Street and Sidewalk Cleaning,Human or Animal Waste,Human or Animal Waste,"171 2ND ST, SAN FRANCISCO, CA, 94105",South of Market,6.0,POINT (-122.39863821 37.78715726),Phone,
3638744,05/13/2014 01:22:51 PM,05/13/2014 03:45:00 AM,05/13/2014 03:45:00 AM,Closed,DPW Ops Queue,Street and Sidewalk Cleaning,Hazardous Materials,Glass,"2350 TURK BLVD, SAN FRANCISCO, CA, 94118",Lone Mountain,1.0,POINT (-122.44753964 37.77861331),Phone,
3638742,05/13/2014 01:22:16 PM,05/13/2014 02:31:49 PM,05/13/2014 02:31:49 PM,Closed,Recology_Abandoned,Street and Sidewalk Cleaning,General Cleaning,Other Loose Garbage,Intersection of 18TH ST and HATTIE ST,Eureka Valley,8.0,POINT (-122.44093085 37.76052663),Phone,
3638739,05/13/2014 01:22:02 PM,05/13/2014 02:11:51 PM,05/13/2014 02:11:51 PM,Closed,PUC Water Quality Queue,General Request - PUC,request_for_service,water_quality - request_for_service,"451 KANSAS ST, SAN FRANCISCO, CA, 94107",Potrero Hill,10.0,POINT (-122.40329742 37.76410675),Web,
3638725,05/13/2014 01:19:20 PM,05/13/2014 02:58:51 PM,05/13/2014 02:58:51 PM,Closed,Recology_Abandoned,Street and Sidewalk Cleaning,General Cleaning,Other Loose Garbage,Intersection of SAN BRUNO AVE and MANSELL ST,Portola,10.0,POINT (-122.41200058 37.72942908),Phone,
3638724,05/13/2014 01:19:18 PM,05/14/2014 04:30:18 PM,05/14/2014 04:30:18 PM,Closed,Mayors Office of Neighborhood Services - G,General Request - MONS,complaint,mons - complaint,Intersection of DUBOCE AVE and HWY 101 NORTHBOUND RAMP,South of Market,6.0,POINT (-122.41848828 37.77482644),Phone,
3638717,05/13/2014 01:17:58 PM,05/13/2014 02:58:47 PM,05/13/2014 02:58:47 PM,Closed,Recology_Abandoned,Street and Sidewalk Cleaning,Bulky Items,Furniture,Intersection of BOWDOIN ST and SILLIMAN ST,Portola,9.0,POINT (-122.41200058 37.72942908),Phone,
3638715,05/13/2014 01:17:35 PM,05/13/2014 02:25:51 PM,05/13/2014 02:25:51 PM,Closed,Recology_Abandoned,Street and Sidewalk Cleaning,Bulky Items,Electronics,"480 FELL ST, SAN FRANCISCO, CA, 94102",Hayes Valley,5.0,POINT (-122.42582987 37.77581037),Mobile/Open311,http://mobile311.sfgov.org/reports/3638715/photos
3638710,05/13/2014 01:16:07 PM,05/13/2014 02:58:46 PM,05/13/2014 02:58:46 PM,Closed,Recology_Abandoned,Street and Sidewalk Cleaning,General Cleaning,Other Loose Garbage,Intersection of WOOLSEY ST and GOETTINGEN ST,Portola,9.0,POINT (-122.40557169 37.72445966),Phone,
3638707,05/13/2014 01:15:39 PM,05/14/2014 08:13:36 AM,05/14/2014 08:13:36 AM,Closed,DPW Ops Queue,Graffiti,Graffiti on Building_other,Building_other - Not_Offensive,"1546 MARKET ST, SAN FRANCISCO, CA, 94102",Civic Center,6.0,POINT (-122.419994 37.774807),Mobile/Open311,http://mobile311.sfgov.org/reports/3638707/photos
3638702,05/13/2014 01:15:16 PM,06/18/2015 02:10:54 PM,06/18/2015 02:10:54 PM,Closed,Police Department Administration - G,General Request - SFPD,complaint,sfpd - complaint,Not associated with a specific address,,,POINT (-122.41848828 37.77482644),Phone,
3638696,05/13/2014 01:14:20 PM,05/13/2014 01:32:45 PM,05/13/2014 01:32:45 PM,Closed,Recology_Abandoned,Street and Sidewalk Cleaning,General Cleaning,Other Loose Garbage,Intersection of FELL ST and LAGUNA ST,Hayes Valley,5.0,POINT (-122.42583683 37.7755618),Mobile/Open311,http://mobile311.sfgov.org/reports/3638696/photos
3638689,05/13/2014 01:12:34 PM,05/19/2014 02:03:15 PM,05/19/2014 02:03:15 PM,Closed,MUNI Work Queue,General Request - MTA,complaint,mta_other - complaint,Not associated with a specific address,,,POINT (0 0),Web,
3638685,05/13/2014 01:12:01 PM,05/19/2014 05:15:16 PM,05/19/2014 05:15:16 PM,Closed,PUC Sewer Ops,General Request - PUC,complaint,sewer - complaint,Intersection of PFEIFFER ST and STOCKTON ST,North Beach,3.0,POINT (-122.41848828 37.77482644),Phone,
3638684,05/13/2014 01:12:00 PM,05/13/2014 01:28:29 PM,05/13/2014 01:28:29 PM,Closed,Recology_Abandoned,Street and Sidewalk Cleaning,General Cleaning,Other Loose Garbage,"821 PINE ST, SAN FRANCISCO, CA, 94108",Nob Hill,3.0,POINT (-122.409311 37.791053),Mobile/Open311,
3638678,05/13/2014 01:11:13 PM,05/13/2014 01:51:47 PM,05/13/2014 01:51:47 PM,Closed,Recology_Abandoned,Street and Sidewalk Cleaning,General Cleaning,Other Loose Garbage,Intersection of 47TH AVE and IRVING ST,Outer Sunset,4.0,POINT (-122.50723682 37.76232112),Mobile/Open311,http://mobile311.sfgov.org/reports/3638678/photos
3638675,05/13/2014 01:11:04 PM,05/13/2014 01:28:14 PM,05/13/2014 01:28:14 PM,Closed,Recology_Abandoned,Street and Sidewalk Cleaning,General Cleaning,Other Loose Garbage,"821 PINE ST, SAN FRANCISCO, CA, 94108",Nob Hill,3.0,POINT (-122.409311 37.791053),Mobile/Open311,
3638672,05/13/2014 01:10:53 PM,05/16/2014 01:24:00 AM,05/16/2014 01:24:00 AM,Closed,DPW Ops Queue,Street and Sidewalk Cleaning,General Cleaning,Other Loose Garbage,Intersection of CONRAD ST and SUSSEX ST,Glen Park,8.0,POINT (-122.4361571 37.73653922),Phone,
3638671,05/13/2014 01:10:51 PM,05/13/2014 01:26:34 PM,05/13/2014 01:26:34 PM,Closed,Recology_Abandoned,Street and Sidewalk Cleaning,General Cleaning,Other Loose Garbage,"821 PINE ST, SAN FRANCISCO, CA, 94108",Nob Hill,3.0,POINT (-122.409311 37.791053),Mobile/Open311,
3638670,05/13/2014 01:10:43 PM,05/13/2014 02:27:40 PM,05/13/2014 02:27:40 PM,Closed,Recology_Abandoned,Street and Sidewalk Cleaning,Bulky Items,Mattress,Intersection of FELL ST and LAGUNA ST,Hayes Valley,5.0,POINT (-122.42598829 37.7753919),Mobile/Open311,http://mobile311.sfgov.org/reports/3638670/photos
3638669,05/13/2014 01:10:39 PM,05/13/2014 01:26:47 PM,05/13/2014 01:26:47 PM,Closed,Recology_Abandoned,Street and Sidewalk Cleaning,General Cleaning,Other Loose Garbage,"821 PINE ST, SAN FRANCISCO, CA, 94108",Nob Hill,3.0,POINT (-122.409311 37.791053),Mobile/Open311,
3638663,05/13/2014 01:09:19 PM,05/16/2014 01:29:00 AM,05/16/2014 01:29:00 AM,Closed,DPW Ops Queue,Street and Sidewalk Cleaning,General Cleaning,Other Loose Garbage,Intersection of SWISS AVE and SUSSEX ST,Glen Park,8.0,POINT (-122.43813324 37.73670959),Phone,
3638655,05/13/2014 01:07:59 PM,05/13/2014 01:28:01 PM,05/13/2014 01:28:01 PM,Closed,Recology_Abandoned,Street and Sidewalk Cleaning,Bulky Items,Furniture,"821 PINE ST, SAN FRANCISCO, CA, 94108",Nob Hill,3.0,POINT (-122.409372 37.791026),Mobile/Open311,http://mobile311.sfgov.org/reports/3638655/photos
3638652,05/13/2014 01:07:33 PM,05/13/2014 01:27:47 PM,05/13/2014 01:27:47 PM,Closed,Recology_Abandoned,Street and Sidewalk Cleaning,Bulky Items,Furniture,"821 PINE ST, SAN FRANCISCO, CA, 94108",Nob Hill,3.0,POINT (-122.409372 37.791026),Mobile/Open311,
3638649,05/13/2014 01:07:11 PM,05/13/2014 01:27:30 PM,05/13/2014 01:27:30 PM,Closed,Recology_Abandoned,Street and Sidewalk Cleaning,Bulky Items,Furniture,"821 PINE ST, SAN FRANCISCO, CA, 94108",Nob Hill,3.0,POINT (-122.409372 37.791026),Mobile/Open311,
3638646,05/13/2014 01:06:22 PM,05/13/2014 01:27:13 PM,05/13/2014 01:27:13 PM,Closed,Recology_Abandoned,Street and Sidewalk Cleaning,Bulky Items,Furniture,"821 PINE ST, SAN FRANCISCO, CA, 94108",Nob Hill,3.0,POINT (-122.409372 37.791026),Mobile/Open311,
3638645,05/13/2014 01:05:58 PM,05/16/2014 11:56:38 AM,05/16/2014 11:56:38 AM,Closed,PUC Sewer Ops,Street Defects,Pavement_Defect,Pavement_Defect,"830 LISBON ST, SAN FRANCISCO, CA, 94112",Excelsior,11.0,POINT (-122.43828583 37.7159996),Integrated Agency,
3638644,05/13/2014 01:05:49 PM,05/21/2014 08:38:48 AM,05/21/2014 08:38:48 AM,Closed,DPT Abandoned Vehicles Work Queue,Abandoned Vehicle,Abandoned Vehicles,DPT Abandoned Vehicles Low,Intersection of EDNA ST and MANGELS AVE,Sunnyside,7.0,POINT (-122.446612 37.73307),Mobile/Open311,http://mobile311.sfgov.org/reports/3638644/photos
3638642,05/13/2014 01:05:31 PM,05/13/2014 01:27:00 PM,05/13/2014 01:27:00 PM,Closed,Recology_Abandoned,Street and Sidewalk Cleaning,Bulky Items,Furniture,"821 PINE ST, SAN FRANCISCO, CA, 94108",Nob Hill,3.0,POINT (-122.409372 37.791026),Mobile/Open311,
3638639,05/13/2014 01:05:19 PM,05/14/2014 05:50:28 AM,05/14/2014 05:50:28 AM,Closed,DPW Ops Queue,Street and Sidewalk Cleaning,General Cleaning,Other Loose Garbage,Intersection of SWISS AVE and SURREY ST,Glen Park,8.0,POINT (-122.4379815 37.73580326),Phone,
3638638,05/13/2014 01:05:18 PM,06/12/2014 02:12:23 PM,06/12/2014 02:12:23 PM,Closed,DPT SignShop Surveyed - Area 2 Queue,Sign Repair,Sign - Defaced,Other - Defaced; support - OK,"4804 GEARY BLVD, SAN FRANCISCO, CA, 94118",Inner Richmond,1.0,POINT (-122.47064346 37.78092148),Mobile/Open311,http://mobile311.sfgov.org/reports/3638638/photos
3638630,05/13/2014 01:02:56 PM,05/21/2014 11:06:45 AM,05/21/2014 11:06:45 AM,Closed,DPT Meter_Bike Queue,Graffiti,Graffiti on Parking_meter,Parking_meter - Offensive,"405 12TH AVE, SAN FRANCISCO, CA, 94118",Inner Richmond,1.0,POINT (-122.47067448 37.78052234),Mobile/Open311,http://mobile311.sfgov.org/reports/3638630/photos
3638629,05/13/2014 01:02:51 PM,05/16/2014 12:52:00 PM,05/16/2014 12:52:00 PM,Closed,DPW Ops Queue,Street and Sidewalk Cleaning,General Cleaning,Other Loose Garbage,Intersection of VALENCIA ST and 22ND ST,Mission,9.0,POINT (-122.4209662 37.75529393),Phone,
3638628,05/13/2014 01:02:48 PM,05/21/2014 01:19:04 PM,05/21/2014 01:19:04 PM,Closed,DPT Meter_Bike Queue,Damaged Property,Damaged Parking_Meter,Parking_Meter,"941 CLAY ST, SAN FRANCISCO, CA, 94108",Nob Hill,3.0,POINT (-122.40856171 37.79387665),Phone,
3638626,05/13/2014 01:02:07 PM,05/13/2014 01:08:37 PM,05/13/2014 01:08:37 PM,Closed,Recology_Abandoned,Street and Sidewalk Cleaning,Bulky Items,Furniture,"821 PINE ST, SAN FRANCISCO, CA, 94108",Nob Hill,3.0,POINT (-122.409317 37.790962),Mobile/Open311,
3638625,05/13/2014 01:02:03 PM,05/14/2014 10:43:59 AM,05/14/2014 10:43:59 AM,Closed,DPW Ops Queue,Graffiti,Graffiti on Building_commercial,Building_commercial - Offensive,"418 12TH AVE, SAN FRANCISCO, CA, 94118",Inner Richmond,1.0,POINT (-122.47073005 37.78042586),Mobile/Open311,http://mobile311.sfgov.org/reports/3638625/photos
3638624,05/13/2014 01:02:01 PM,05/15/2014 10:11:14 AM,05/15/2014 10:11:14 AM,Closed,MUNI Work Queue,MUNI Feedback,MUNI - Services_Criminal_Activity,502_Larceny_Theft,Intersection of THE EMBARCADERO and GREEN ST,Northern Waterfront,3.0,POINT (-122.39913177 37.80089569),Phone,
3638623,05/13/2014 01:01:58 PM,05/16/2014 01:30:06 AM,05/16/2014 01:30:06 AM,Closed,DPT Signal Queue,Damaged Property,Damaged Traffic_Signal,Traffic_Signal,Intersection of PARNASSUS AVE and HILLWAY AVE,Parnassus Heights,7.0,POINT (-122.45667057 37.76381268),Phone,
3638612,05/13/2014 01:00:36 PM,05/13/2014 01:08:23 PM,05/13/2014 01:08:23 PM,Closed,Recology_Abandoned,Street and Sidewalk Cleaning,Bulky Items,Furniture,"821 PINE ST, SAN FRANCISCO, CA, 94108",Nob Hill,3.0,POINT (-122.409317 37.790962),Mobile/Open311,
3638611,05/13/2014 01:00:07 PM,05/13/2014 01:08:10 PM,05/13/2014 01:08:10 PM,Closed,Recology_Abandoned,Street and Sidewalk Cleaning,Bulky Items,Furniture,"821 PINE ST, SAN FRANCISCO, CA, 94108",Nob Hill,3.0,POINT (-122.409317 37.790962),Mobile/Open311,
3638610,05/13/2014 12:59:56 PM,05/13/2014 02:06:18 PM,05/13/2014 02:06:18 PM,Closed,Recology_Abandoned,Street and Sidewalk Cleaning,Bulky Items,Furniture,"821 PINE ST, SAN FRANCISCO, CA, 94108",Nob Hill,3.0,POINT (-122.409317 37.790962),Mobile/Open311,
3638609,05/13/2014 12:59:31 PM,05/14/2014 03:56:56 AM,05/14/2014 03:56:56 AM,Closed,DPW Ops Queue,Graffiti,Graffiti on Pole,Pole - Offensive,"623 12TH AVE, SAN FRANCISCO, CA, 94118",Inner Richmond,1.0,POINT (-122.47047834 37.7764499),Mobile/Open311,http://mobile311.sfgov.org/reports/3638609/photos
3638608,05/13/2014 12:59:24 PM,05/13/2014 03:10:00 AM,05/13/2014 03:10:00 AM,Closed,DPW Ops Queue,Street and Sidewalk Cleaning,General Cleaning,Other Loose Garbage,Intersection of FELL ST and LAGUNA ST,Hayes Valley,5.0,POINT (-122.4260815 37.77541139),Mobile/Open311,http://mobile311.sfgov.org/reports/3638608/photos
3638607,05/13/2014 12:59:18 PM,05/16/2014 01:30:08 AM,05/16/2014 01:30:08 AM,Closed,DPT Signal Queue,Damaged Property,Damaged Traffic_Signal,Traffic_Signal,Intersection of PARNASSUS AVE and 4TH AVE,Inner Sunset,7.0,POINT (-122.46084335 37.76262533),Phone,
3638602,05/13/2014 12:58:16 PM,05/13/2014 02:07:30 AM,05/13/2014 02:07:30 AM,Closed,DPW Ops Queue,Graffiti,Graffiti on Pole,Pole - Offensive,"655 12TH AVE, SAN FRANCISCO, CA, 94118",Inner Richmond,1.0,POINT (-122.47038413 37.77591946),Mobile/Open311,http://mobile311.sfgov.org/reports/3638602/photos
3638600,05/13/2014 12:57:38 PM,05/14/2014 03:57:29 AM,05/14/2014 03:57:29 AM,Closed,DPW Ops Queue,Graffiti,Graffiti on Pole,Pole - Offensive,"670 12TH AVE, SAN FRANCISCO, CA, 94118",Inner Richmond,1.0,POINT (-122.47033551 37.77561884),Mobile/Open311,http://mobile311.sfgov.org/reports/3638600/photos
3638596,05/13/2014 12:56:56 PM,05/13/2014 02:05:53 AM,05/13/2014 02:05:53 AM,Closed,DPW Ops Queue,Graffiti,Graffiti on Pole,Pole - Offensive,Intersection of 12TH AVE and CABRILLO ST,Inner Richmond,1.0,POINT (-122.47032026 37.77526718),Mobile/Open311,http://mobile311.sfgov.org/reports/3638596/photos
3638593,05/13/2014 12:55:51 PM,05/16/2014 01:30:09 AM,05/16/2014 01:30:09 AM,Closed,DPT Signal Queue,Damaged Property,Damaged Traffic_Signal,Traffic_Signal,Intersection of FRANKLIN ST and CALIFORNIA ST,Pacific Heights,2.0,POINT (-122.42397609 37.79015818),Phone,
3638592,05/13/2014 12:55:40 PM,05/13/2014 02:47:41 PM,05/13/2014 02:47:41 PM,Closed,DPT - Color Curb - G,General Request - MTA,request_for_service,color_curb - request_for_service,"3992 25TH ST, SAN FRANCISCO, CA, 94114",Noe Valley,8.0,POINT (-122.42934394 37.75002856),Phone,
3638591,05/13/2014 12:55:35 PM,05/14/2014 12:43:41 PM,05/14/2014 12:43:41 PM,Closed,DPT Abandoned Vehicles Work Queue,Abandoned Vehicle,Abandoned Vehicles,DPT Abandoned Vehicles Low,"654 MINNESOTA ST, SAN FRANCISCO, CA, 94107",Dogpatch,10.0,POINT (-122.3906071 37.76205814),Mobile/Open311,http://mobile311.sfgov.org/reports/3638591/photos
3638589,05/13/2014 12:55:31 PM,05/13/2014 06:23:40 PM,05/13/2014 06:23:40 PM,Closed,311 Supervisor Queue,Street and Sidewalk Cleaning,Bulky Items,Furniture,"3655 MISSION ST, SAN FRANCISCO, CA, 94110",Holly Park,9.0,POINT (-122.42393103 37.73805252),Phone,
3638582,05/13/2014 12:53:50 PM,05/14/2014 03:56:00 AM,05/14/2014 03:56:00 AM,Closed,DPW Ops Queue,Graffiti,Graffiti on Sidewalk_in_front_of_property,Sidewalk_in_front_of_property - Offensive,"701 8TH AVE, SAN FRANCISCO, CA, 94118",Inner Richmond,1.0,POINT (-122.46607801 37.77509958),Mobile/Open311,http://mobile311.sfgov.org/reports/3638582/photos
3638579,05/13/2014 12:52:38 PM,05/13/2014 01:15:42 PM,05/13/2014 01:15:42 PM,Closed,Recology_Abandoned,Street and Sidewalk Cleaning,Bulky Items,Furniture,"701 8TH AVE, SAN FRANCISCO, CA, 94118",Inner Richmond,1.0,POINT (-122.46610877 37.77511048),Mobile/Open311,http://mobile311.sfgov.org/reports/3638579/photos
3638573,05/13/2014 12:51:18 PM,06/24/2014 11:02:52 AM,06/24/2014 11:02:52 AM,Closed,SFMTA - Parking Enforcement - G,General Request - MTA,followup_request,parking_enforcement - followup_request,Not associated with a specific address,,,POINT (0 0),Web,
3638569,05/13/2014 12:50:59 PM,05/21/2014 01:18:45 PM,05/21/2014 01:18:45 PM,Closed,DPT Meter_Bike Queue,Damaged Property,Damaged Parking_Meter,Parking_Meter,"627 TURK ST, SAN FRANCISCO, CA, 94102",Civic Center,5.0,POINT (-122.41944335 37.78205451),Phone,
3638567,05/13/2014 12:50:45 PM,09/09/2018 07:55:00 AM,09/09/2018 07:55:00 AM,Closed,DPW BSM Queue,Sidewalk or Curb,Public_Stairway_Defect,Public_Stairway_Defect,"3120 MISSION ST, SAN FRANCISCO, CA, 94110",Bernal Heights,9.0,POINT (-122.41863748 37.74764597),Phone,
3638565,05/13/2014 12:49:56 PM,06/13/2014 11:00:03 AM,06/13/2014 11:00:03 AM,Closed,DPW Ops Queue,Graffiti,Graffiti on Pole,Pole - Not_Offensive,"176 EASTWOOD DR, SAN FRANCISCO, CA, 94112",Westwood Park,7.0,POINT (-122.45745842 37.72923745),Phone,
3638563,05/13/2014 12:49:50 PM,05/13/2014 01:14:58 PM,05/13/2014 01:14:58 PM,Closed,Recology_Abandoned,Street and Sidewalk Cleaning,General Cleaning,Other Loose Garbage,"708 7TH AVE, SAN FRANCISCO, CA, 94118",Inner Richmond,1.0,POINT (-122.46501158 37.77511781),Mobile/Open311,http://mobile311.sfgov.org/reports/3638563/photos
3638559,05/13/2014 12:49:22 PM,12/19/2014 12:00:00 PM,12/19/2014 12:00:00 PM,Closed,DPW BSM Queue,Sidewalk or Curb,Sidewalk_Defect,Collapsed_sidewalk,"1954 UNION ST, SAN FRANCISCO, CA, 94123",Union Street,2.0,POINT (-122.41848828 37.77482644),Phone,
3638558,05/13/2014 12:48:48 PM,06/09/2014 10:41:00 AM,06/09/2014 10:41:00 AM,Closed,DPW BSM Queue,Graffiti,Graffiti on News_rack,News_rack - Offensive,Intersection of 7TH AVE and CABRILLO ST,Inner Richmond,1.0,POINT (-122.46501803 37.77520381),Mobile/Open311,http://mobile311.sfgov.org/reports/3638558/photos
3638550,05/13/2014 12:47:57 PM,06/11/2014 12:50:00 PM,06/11/2014 12:50:00 PM,Closed,DPW BSM Queue,Sidewalk or Curb,Missing_Side_Sewer_Vent_Cover,Missing_Side_Sewer_Vent_Cover,"115 10TH ST, SAN FRANCISCO, CA, 94103",South of Market,6.0,POINT (-122.4156235 37.77512025),Phone,
3638548,05/13/2014 12:47:16 PM,05/13/2014 04:00:00 AM,05/13/2014 04:00:00 AM,Closed,DPW Ops Queue,Street and Sidewalk Cleaning,General Cleaning,Other Loose Garbage,"601 DIVISADERO ST, SAN FRANCISCO, CA, 94117",Panhandle,5.0,POINT (-122.437973 37.774902),Mobile/Open311,
3638545,05/13/2014 12:47:06 PM,05/13/2014 01:48:00 PM,05/13/2014 01:48:00 PM,Closed,PUC - Water - G,Graffiti,Graffiti on Fire_hydrant,Fire_hydrant - Offensive,"702 7TH AVE, SAN FRANCISCO, CA, 94118",Inner Richmond,1.0,POINT (-122.46480698 37.77525837),Mobile/Open311,http://mobile311.sfgov.org/reports/3638545/photos
3638541,05/13/2014 12:45:31 PM,05/14/2014 10:58:42 AM,05/14/2014 10:58:42 AM,Closed,DPW Ops Queue,Graffiti,Graffiti on Building_commercial,Building_commercial - Offensive,"702 7TH AVE, SAN FRANCISCO, CA, 94118",Inner Richmond,1.0,POINT (-122.46481754 37.77526957),Mobile/Open311,http://mobile311.sfgov.org/reports/3638541/photos
3638539,05/13/2014 12:45:18 PM,05/13/2014 01:54:30 PM,05/13/2014 01:54:30 PM,Closed,Recology_Abandoned,Encampments,Encampment items,Cart Pickup,Intersection of SAN BRUNO AVE and BURROWS ST,Portola,9.0,POINT (-122.40409851 37.72883606),Phone,
3638536,05/13/2014 12:45:08 PM,05/13/2014 02:19:51 PM,05/13/2014 02:19:51 PM,Closed,SFMTA - Temporary Sign Request Queue,Temporary Sign Request,Temporary Sign Request for Moving_residential_property,40 ft zone requested from 05/23/2014 to 05/23/2014,"52 CLARENDON AVE, SAN FRANCISCO, CA, 94114",Ashbury Heights,8.0,POINT (-122.45019531 37.75891495),Web,
3638532,05/13/2014 12:43:50 PM,05/13/2014 02:54:12 AM,05/13/2014 02:54:12 AM,Closed,DPW Ops Queue,Street and Sidewalk Cleaning,General Cleaning,Other Loose Garbage,"2340 SAN BRUNO AVE, SAN FRANCISCO, CA, 94134",Portola,9.0,POINT (-122.40621856 37.73336573),Phone,
3638529,05/13/2014 12:43:28 PM,05/14/2014 04:14:46 PM,05/14/2014 04:14:46 PM,Closed,PUC Streetlights Queue,Streetlights,Streetlight - Pullbox_Wires_Exposed,2014/05/13  -  Pullbox  -  assign to CCSF crew,"1632 MARKET ST, SAN FRANCISCO, CA, 94102",Civic Center,6.0,POINT (-122.42120361 37.77387238),Mobile/Open311,
3638528,05/13/2014 12:42:43 PM,05/14/2014 03:56:29 AM,05/14/2014 03:56:29 AM,Closed,DPW Ops Queue,Graffiti,Graffiti on Pole,Pole - Offensive,"503 CABRILLO ST, SAN FRANCISCO, CA, 94118",Inner Richmond,1.0,POINT (-122.4641433 37.77529773),Mobile/Open311,http://mobile311.sfgov.org/reports/3638528/photos
3638527,05/13/2014 12:42:41 PM,05/13/2014 02:59:55 PM,05/13/2014 02:59:55 PM,Closed,DPT Construction Zone Permits Queue,Construction Zone Permits,Construction Zone Tow-away Permits for Shaw Pipeline,Shaw Pipeline,Not associated with a specific address,,,POINT (0 0),Phone,
3638525,05/13/2014 12:42:19 PM,05/13/2014 02:54:12 AM,05/13/2014 02:54:12 AM,Closed,DPW Ops Queue,Street and Sidewalk Cleaning,General Cleaning,Other Loose Garbage,Intersection of SAN BRUNO AVE and HALE ST,Portola,9.0,POINT (-122.40590668 37.73296356),Phone,
3638519,05/13/2014 12:41:08 PM,05/15/2014 07:34:22 AM,05/15/2014 07:34:22 AM,Closed,DPT Abandoned Vehicles Work Queue,Abandoned Vehicle,Abandoned Vehicles,DPT Abandoned Vehicles Low,"301 MONTEREY BLVD, SAN FRANCISCO, CA, 94131",Sunnyside,7.0,POINT (-122.44202547 37.73140857),Mobile/Open311,http://mobile311.sfgov.org/reports/3638519/photos
3638518,05/13/2014 12:41:05 PM,05/13/2014 12:57:20 PM,05/13/2014 12:57:20 PM,Closed,DPW Ops Queue,Graffiti,Graffiti on Mail_box,Mail_box - Offensive,Intersection of 6TH AVE and CABRILLO ST,Inner Richmond,1.0,POINT (-122.46391665 37.77530175),Mobile/Open311,http://mobile311.sfgov.org/reports/3638518/photos
3638516,05/13/2014 12:41:00 PM,05/13/2014 02:58:44 PM,05/13/2014 02:58:44 PM,Closed,DPT Construction Zone Permits Queue,Construction Zone Permits,Construction Zone Tow-away Permits for Shaw Pipeline,Shaw Pipeline,Not associated with a specific address,,,POINT (0 0),Phone,
3638514,05/13/2014 12:40:52 PM,05/17/2014 08:07:23 AM,05/17/2014 08:07:23 AM,Closed,SFMTA - Temporary Sign Request Printing Queue,Temporary Sign Request,Temporary Sign Request for Other_Event_Type,100 ft zone requested from 05/20/2014 to 05/21/2014,"400 SARGENT ST, SAN FRANCISCO, CA, 94132",Merced Heights,11.0,POINT (-122.46624756 37.71616745),Phone,
3638512,05/13/2014 12:40:32 PM,05/13/2014 02:04:18 AM,05/13/2014 02:04:18 AM,Closed,DPW Ops Queue,Street and Sidewalk Cleaning,Human or Animal Waste,Human or Animal Waste,"1640 MARKET ST, SAN FRANCISCO, CA, 94102",Civic Center,6.0,POINT (-122.421472 37.773753),Mobile/Open311,http://mobile311.sfgov.org/reports/3638512/photos
3638504,05/13/2014 12:39:01 PM,05/13/2014 02:55:31 PM,05/13/2014 02:55:31 PM,Closed,DPT Construction Zone Permits Queue,Construction Zone Permits,Construction Zone Tow-away Permits for Shaw Pipeline,Shaw Pipeline,Not associated with a specific address,,,POINT (0 0),Phone,
3638500,05/13/2014 12:38:19 PM,05/13/2014 01:27:39 AM,05/13/2014 01:27:39 AM,Closed,DPW Ops Queue,Street and Sidewalk Cleaning,Human or Animal Waste,Human or Animal Waste,"20 SYCAMORE ST, SAN FRANCISCO, CA, 94110",Mission,9.0,POINT (-122.41989136 37.76274872),Web,
3638497,05/13/2014 12:37:37 PM,05/13/2014 02:28:04 PM,05/13/2014 02:28:04 PM,Closed,Recology_Abandoned,Street and Sidewalk Cleaning,Bulky Items,Electronics,Intersection of 4TH ST and MISSION ST,South of Market,6.0,POINT (-122.40426672 37.78447891),Phone,
3638495,05/13/2014 12:36:48 PM,05/15/2014 11:38:05 AM,05/15/2014 11:38:05 AM,Closed,DPW Ops Queue,Graffiti,Graffiti on Pole,Pole - Offensive,"11 HAIGHT ST, SAN FRANCISCO, CA, 94102",Lower Haight,6.0,POINT (-122.422081 37.772952),Mobile/Open311,http://mobile311.sfgov.org/reports/3638495/photos
3638489,05/13/2014 12:36:04 PM,05/20/2014 08:33:19 AM,05/20/2014 08:33:19 AM,Closed,DPT Abandoned Vehicles Work Queue,Abandoned Vehicle,Abandoned Vehicle - Car2door,White - Toyota -  - 2KUS577,"308 RICHLAND AVE, SAN FRANCISCO, CA, 94110",Holly Park,9.0,POINT (-122.41980604 37.7357025),Phone,
3638486,05/13/2014 12:35:26 PM,05/13/2014 02:54:34 PM,05/13/2014 02:54:34 PM,Closed,DPT Construction Zone Permits Queue,Construction Zone Permits,Construction Zone Tow-away Permits for Shaw Pipeline,Shaw Pipeline,Not associated with a specific address,,,POINT (0 0),Phone,
3638483,05/13/2014 12:34:14 PM,05/13/2014 02:15:06 PM,05/13/2014 02:15:06 PM,Closed,Recology_Abandoned,Street and Sidewalk Cleaning,General Cleaning,Other Loose Garbage,Intersection of BRYANT ST and DELANCEY ST,South Beach,6.0,POINT (-122.390807 37.785106),Mobile/Open311,http://mobile311.sfgov.org/reports/3638483/photos
3638482,05/13/2014 12:34:10 PM,05/20/2014 12:01:19 PM,05/20/2014 12:01:19 PM,Closed,PUC Sewer Ops,Street Defects,Pavement_Defect,Pavement_Defect,"11 MANZANITA AVE, SAN FRANCISCO, CA, 94118",Laurel Heights / Jordan Park,2.0,POINT (-122.4513092 37.78574753),Integrated Agency,
3638480,05/13/2014 12:33:38 PM,05/15/2014 11:36:26 AM,05/15/2014 11:36:26 AM,Closed,DPW Ops Queue,Graffiti,Graffiti on Pole,Pole - Not_Offensive,"1700 MARKET ST, SAN FRANCISCO, CA, 94102",Lower Haight,6.0,POINT (-122.42235 37.772893),Mobile/Open311,http://mobile311.sfgov.org/reports/3638480/photos
3638479,05/13/2014 12:33:37 PM,05/30/2014 12:16:20 PM,05/30/2014 12:16:20 PM,Closed,DPT - Traffic Signal - G,Damaged Property,Damaged Traffic_Signal,Traffic_Signal,Intersection of HOWARD ST and 3RD ST,South of Market,6.0,POINT (-122.40047012 37.78502912),Phone,
3638477,05/13/2014 12:33:23 PM,05/17/2014 11:48:39 AM,05/17/2014 11:48:39 AM,Closed,RPD GGP Queue,Graffiti,Graffiti on Other_enter_additional_details_below,Other_enter_additional_details_below - Offensive,"GGP McLaren Lodge, 501 STANYAN ST, SAN FRANCISCO, CA, 94122",Golden Gate Park,1.0,POINT (-122.45543559 37.77103033),Mobile/Open311,http://mobile311.sfgov.org/reports/3638477/photos
3638476,05/13/2014 12:32:49 PM,05/13/2014 12:53:27 PM,05/13/2014 12:53:27 PM,Closed,PUC - Water - G,Graffiti,Graffiti on Fire_hydrant,Fire_hydrant - Offensive,"1700 MARKET ST, SAN FRANCISCO, CA, 94102",Lower Haight,6.0,POINT (-122.422451 37.772825),Mobile/Open311,http://mobile311.sfgov.org/reports/3638476/photos
3638461,05/13/2014 12:28:25 PM,05/27/2014 09:00:00 AM,05/27/2014 09:00:00 AM,Closed,DPW Ops Queue,Graffiti,Graffiti on Signal_box,Signal_box - Not_Offensive,Intersection of OAK ST and STANYAN ST,Golden Gate Park,5.0,POINT (-122.45526519 37.77042654),Mobile/Open311,http://mobile311.sfgov.org/reports/3638461/photos
3638455,05/13/2014 12:26:13 PM,05/17/2014 11:53:00 AM,05/17/2014 11:53:00 AM,Closed,RPD GGP Queue,Graffiti,Graffiti on Other_enter_additional_details_below,Other_enter_additional_details_below - Offensive,"GGP Alvord Lake, , SAN FRANCISCO, CA, 94122",Golden Gate Park,1.0,POINT (-122.45444208 37.76958064),Mobile/Open311,http://mobile311.sfgov.org/reports/3638455/photos
3638450,05/13/2014 12:24:20 PM,05/13/2014 01:38:21 PM,05/13/2014 01:38:21 PM,Closed,Recology_Abandoned,Street and Sidewalk Cleaning,General Cleaning,Other Loose Garbage,Intersection of GOUGH ST and MARKET ST,Lower Haight,6.0,POINT (-122.422232 37.772699),Mobile/Open311,http://mobile311.sfgov.org/reports/3638450/photos
3638448,05/13/2014 12:23:41 PM,05/13/2014 08:01:35 PM,05/13/2014 08:01:35 PM,Closed,311 Supervisor Queue,Rec and Park Requests,Park - Structural_Maintenance,Graffiti,"84 CARL ST, SAN FRANCISCO, CA, 94117",Cole Valley,8.0,POINT (-122.44961465 37.76589916),Phone,http://mobile311.sfgov.org/reports/3638448/photos
3638436,05/13/2014 12:20:28 PM,05/20/2014 12:16:23 PM,05/20/2014 12:16:23 PM,Closed,PUC Sewer Ops,General Request - PUC,request_for_service,sewer - request_for_service,Intersection of MARKET ST and NEW MONTGOMERY ST,South of Market,6.0,POINT (-122.40206909 37.78871918),Integrated Agency,
3638434,05/13/2014 12:20:25 PM,06/01/2014 09:35:15 AM,06/01/2014 09:35:15 AM,Closed,DPW Ops Queue,Graffiti,Graffiti on Building_other,Building_other - Not_Offensive,"696 SACRAMENTO ST, SAN FRANCISCO, CA, 94111",Chinatown,3.0,POINT (-122.40437317 37.79367828),Integrated Agency,
3638432,05/13/2014 12:20:20 PM,05/20/2014 08:04:35 AM,05/20/2014 08:04:35 AM,Closed,DPW Ops Queue,Graffiti,Graffiti on Building_other,Building_other - Not_Offensive,"340 11TH ST, SAN FRANCISCO, CA, 94103",South of Market,6.0,POINT (-122.41346741 37.77122116),Integrated Agency,
3638428,05/13/2014 12:19:12 PM,05/13/2014 09:23:25 AM,05/13/2014 09:23:25 AM,Closed,DPW Ops Queue,Street and Sidewalk Cleaning,Human or Animal Waste,Human or Animal Waste,"50 OTIS ST, SAN FRANCISCO, CA, 94103",South of Market,6.0,POINT (-122.41965399 37.77239567),Phone,http://mobile311.sfgov.org/reports/3638428/photos
3638418,05/13/2014 12:16:37 PM,05/13/2014 01:42:33 PM,05/13/2014 01:42:33 PM,Closed,Recology_Abandoned,Street and Sidewalk Cleaning,Bulky Items,Furniture,"1137 MENDELL ST, SAN FRANCISCO, CA, 94124",Bayview,10.0,POINT (-122.38898227 37.73597311),Mobile/Open311,http://mobile311.sfgov.org/reports/3638418/photos
3638417,05/13/2014 12:16:36 PM,05/14/2014 09:50:57 AM,05/14/2014 09:50:57 AM,Closed,DPW Ops Queue,Graffiti,Graffiti on Building_other,Building_other - Not_Offensive,"3229 23RD ST, SAN FRANCISCO, CA, 94110",Mission,9.0,POINT (-122.41703796 37.75387573),Phone,http://mobile311.sfgov.org/reports/3638417/photos
3638414,05/13/2014 12:14:53 PM,05/15/2014 09:21:14 AM,05/15/2014 09:21:14 AM,Closed,MUNI Work Queue,MUNI Feedback,MUNI - Services_Service_Delivery_Facilities,601_Delay_No_Show,Intersection of JONES ST and SUTTER ST,Lower Nob Hill,3.0,POINT (-122.4135437 37.78859711),Phone,
3638413,05/13/2014 12:13:10 PM,06/13/2016 07:00:00 AM,06/13/2016 07:00:00 AM,Closed,DPW Ops Queue,Tree Maintenance,Trees - Damaging_Property,Lifted_sidewalk_tree_roots,"1375 PALOU AVE, SAN FRANCISCO, CA, 94124",Bayview,10.0,POINT (-122.3867202 37.73153424),Phone,
3638405,05/13/2014 12:12:00 PM,05/17/2014 11:14:46 AM,05/17/2014 11:14:46 AM,Closed,SFMTA - Temporary Sign Request Printing Queue,Temporary Sign Request,Temporary Sign Request for Moving_residential_property,80 ft zone requested from 05/20/2014 to 05/20/2014,"507 MISSOURI ST, SAN FRANCISCO, CA, 94107",Potrero Hill,10.0,POINT (-122.3960495 37.75978851),Phone,
3638401,05/13/2014 12:11:12 PM,05/13/2014 01:19:54 PM,05/13/2014 01:19:54 PM,Closed,Recology_Abandoned,Street and Sidewalk Cleaning,Bulky Items,Furniture,Intersection of BRADY ST and STEVENSON ST,South of Market,6.0,POINT (-122.420795 37.773144),Mobile/Open311,http://mobile311.sfgov.org/reports/3638401/photos
3638372,05/13/2014 12:06:17 PM,05/21/2014 01:18:28 PM,05/21/2014 01:18:28 PM,Closed,DPT Meter_Bike Queue,Damaged Property,Damaged Parking_Meter,Parking_Meter,Intersection of WASHINGTON ST and VAN NESS AVE,Pacific Heights,3.0,POINT (-122.42287062 37.79304948),Phone,
3638367,05/13/2014 12:05:50 PM,05/14/2014 12:29:00 PM,05/14/2014 12:29:00 PM,Closed,DPH - Environmental Health - G,General Request - DPH,compliment,environmental_health - compliment,"1085 MISSION ST, SAN FRANCISCO, CA, 94103",South of Market,6.0,POINT (-122.41052337 37.77946073),Phone,
3638359,05/13/2014 12:05:08 PM,05/21/2014 01:18:04 PM,05/21/2014 01:18:04 PM,Closed,DPT Meter_Bike Queue,Damaged Property,Damaged Parking_Meter,Parking_Meter,Intersection of CLAY ST and POWELL ST,Nob Hill,3.0,POINT (-122.40954017 37.7938512),Phone,
3638356,05/13/2014 12:04:15 PM,05/13/2014 01:53:52 PM,05/13/2014 01:53:52 PM,Closed,SFMTA - Temporary Sign Request Queue,Temporary Sign Request,Temporary Sign Request for Moving_residential_property,60 ft zone requested from 05/17/2014 to 05/17/2014,"2258 UNION ST, SAN FRANCISCO, CA, 94123",Union Street,2.0,POINT (-122.43644714 37.7971077),Web,
3638353,05/13/2014 12:03:22 PM,05/13/2014 05:23:00 AM,05/13/2014 05:23:00 AM,Closed,DPW Ops Queue,Graffiti,Graffiti on Signal_box,Signal_box - Not_Offensive,"140 TRENTON ST, SAN FRANCISCO, CA, 94133",Chinatown,3.0,POINT (-122.40927511 37.79630642),Mobile/Open311,http://mobile311.sfgov.org/reports/3638353/photos
3638348,05/13/2014 12:02:13 PM,05/14/2014 12:00:00 PM,05/14/2014 12:00:00 PM,Closed,DPW - Bureau of Street Use and Mapping - G,General Request - PUBLIC WORKS,complaint,bsm - complaint,Intersection of HYDE ST and VALLEJO ST,Russian Hill,3.0,POINT (-122.41867168 37.79733164),Phone,
3638345,05/13/2014 12:01:55 PM,05/13/2014 12:38:20 PM,05/13/2014 12:38:20 PM,Closed,Recology_Abandoned,Street and Sidewalk Cleaning,Bulky Items,Refrigerator,Not associated with a specific address,,,POINT (0 0),Integrated Agency,
3638342,05/13/2014 12:01:02 PM,05/13/2014 12:14:40 PM,05/13/2014 12:14:40 PM,Closed,RPD Graffiti Queue,Rec and Park Requests,Park - Structural_Maintenance,Graffiti,"Raymond Kimball Playground, , SAN FRANCISCO, CA, 94115",Western Addition,5.0,POINT (-122.4351276 37.78294358),Phone,http://mobile311.sfgov.org/reports/3638342/photos
3638340,05/13/2014 12:00:41 PM,05/14/2014 12:26:45 PM,05/14/2014 12:26:45 PM,Closed,DPH - Environmental Health - G,General Request - DPH,request_for_service,environmental_health - request_for_service,"525 VALENCIA ST, SAN FRANCISCO, CA, 94110",Mission,9.0,POINT (-122.42177864 37.76449937),Phone,
3638338,05/13/2014 11:59:52 AM,05/13/2014 09:22:50 AM,05/13/2014 09:22:50 AM,Closed,DPW Ops Queue,Street and Sidewalk Cleaning,Human or Animal Waste,Human or Animal Waste,"240 TAYLOR ST, SAN FRANCISCO, CA, 94102",Tenderloin,5.0,POINT (-122.41091156 37.78472137),Phone,
3638335,05/13/2014 11:59:34 AM,05/21/2014 01:17:44 PM,05/21/2014 01:17:44 PM,Closed,DPT Meter_Bike Queue,Damaged Property,Damaged Parking_Meter,Parking_Meter,"2863 MISSION ST, SAN FRANCISCO, CA, 94110",Mission,9.0,POINT (-122.41827714 37.75124207),Phone,
3638333,05/13/2014 11:58:48 AM,05/13/2014 09:22:50 AM,05/13/2014 09:22:50 AM,Closed,DPW Ops Queue,Street and Sidewalk Cleaning,Human or Animal Waste,Human or Animal Waste,"210 TAYLOR ST, SAN FRANCISCO, CA, 94102",Tenderloin,5.0,POINT (-122.41092682 37.78426361),Phone,
3638332,05/13/2014 11:58:45 AM,05/20/2014 09:00:00 AM,05/20/2014 09:00:00 AM,Closed,DPW Ops Queue,Graffiti,Graffiti on Pole,Pole - Offensive,"848 STANYAN ST, SAN FRANCISCO, CA, 94117",Cole Valley,8.0,POINT (-122.45297391 37.76666852),Mobile/Open311,http://mobile311.sfgov.org/reports/3638332/photos
3638323,05/13/2014 11:56:09 AM,05/13/2014 12:40:41 PM,05/13/2014 12:40:41 PM,Closed,DPW Ops Queue,Graffiti,Graffiti on Building_other,Building_other - Not_Offensive,"74 OTIS ST, SAN FRANCISCO, CA, 94103",South of Market,6.0,POINT (-122.420008 37.772142),Mobile/Open311,http://mobile311.sfgov.org/reports/3638323/photos
3638320,05/13/2014 11:54:59 AM,05/13/2014 12:42:10 PM,05/13/2014 12:42:10 PM,Closed,DPW Ops Queue,Graffiti,Graffiti on Building_other,Building_other - Not_Offensive,"74 OTIS ST, SAN FRANCISCO, CA, 94103",South of Market,6.0,POINT (-122.42015 37.772017),Mobile/Open311,http://mobile311.sfgov.org/reports/3638320/photos
3638309,05/13/2014 11:52:37 AM,05/21/2014 08:37:24 AM,05/21/2014 08:37:24 AM,Closed,DPT Abandoned Vehicles Work Queue,Abandoned Vehicle,Abandoned Vehicle - Motorcycle,Silver - Buddy - Buddy 125 - 18S4510,"288 CHENERY ST, SAN FRANCISCO, CA, 94131",Fairmount,8.0,POINT (-122.42746072 37.73744545),Phone,
3638308,05/13/2014 11:52:13 AM,05/14/2014 09:15:56 AM,05/14/2014 09:15:56 AM,Closed,DPW Ops Queue,Graffiti,Graffiti on Building_residential,Building_residential - Offensive,"770 OFARRELL ST, SAN FRANCISCO, CA, 94109",Tenderloin,5.0,POINT (-122.41732257 37.78525945),Mobile/Open311,http://mobile311.sfgov.org/reports/3638308/photos
3638305,05/13/2014 11:50:58 AM,05/14/2014 05:00:00 AM,05/14/2014 05:00:00 AM,Closed,DPW Ops Queue,Street and Sidewalk Cleaning,General Cleaning,Other Loose Garbage,"934 LARKIN ST, SAN FRANCISCO, CA, 94109",Lower Nob Hill,3.0,POINT (-122.4181137 37.78658657),Phone,
3638298,05/13/2014 11:49:27 AM,05/13/2014 01:06:00 PM,05/13/2014 01:06:00 PM,Closed,Recology_Abandoned,Street and Sidewalk Cleaning,General Cleaning,Other Loose Garbage,"931 LARKIN ST, SAN FRANCISCO, CA, 94109",Lower Nob Hill,3.0,POINT (-122.41825173 37.78657059),Phone,
3638294,05/13/2014 11:48:10 AM,05/13/2014 12:00:00 PM,05/13/2014 12:00:00 PM,Closed,DPW - Bureau of Street Use and Mapping - G,General Request - PUBLIC WORKS,request_for_service,bsm - request_for_service,"1665 CHESTNUT ST, SAN FRANCISCO, CA, 94123",Marina,2.0,POINT (-122.43071747 37.8013916),Web,
3638288,05/13/2014 11:46:29 AM,05/13/2014 12:44:45 PM,05/13/2014 12:44:45 PM,Closed,Recology_Abandoned,Street and Sidewalk Cleaning,General Cleaning,Other Loose Garbage,"4445 3RD ST, SAN FRANCISCO, CA, 94124",Bayview,10.0,POINT (-122.389709 37.737692),Mobile/Open311,http://mobile311.sfgov.org/reports/3638288/photos
3638274,05/13/2014 11:40:56 AM,05/13/2014 01:54:49 PM,05/13/2014 01:54:49 PM,Closed,SFMTA - Temporary Sign Request Queue,Temporary Sign Request,Temporary Sign Request for Moving_residential_property,60 ft zone requested from 05/17/2014 to 05/17/2014,"2258 UNION ST, SAN FRANCISCO, CA, 94123",Union Street,2.0,POINT (-122.43644714 37.7971077),Web,
3638270,05/13/2014 11:40:23 AM,05/13/2014 01:16:43 PM,05/13/2014 01:16:43 PM,Closed,PUC Sewer Ops,Sewer Issues,Sewage_back_up,Outofsewervent4inch,"638 29TH AVE, SAN FRANCISCO, CA, 94121",Outer Richmond,1.0,POINT (-122.48875311 37.77723852),Phone,
3638268,05/13/2014 11:39:49 AM,05/14/2014 11:55:51 AM,05/14/2014 11:55:51 AM,Closed,PUC Sewer Ops,Sewer Issues,Sewage_back_up,Outofsewervent4inch,"3290 MISSION ST, SAN FRANCISCO, CA, 94110",Bernal Heights,9.0,POINT (-122.42084503 37.74420166),Integrated Agency,
3638261,05/13/2014 11:37:37 AM,05/15/2014 09:59:43 AM,05/15/2014 09:59:43 AM,Closed,MUNI Work Queue,MUNI Feedback,MUNI - Conduct_Unsafe_Operation,108_General_Careless_Operation,Intersection of GROVE ST and FRANKLIN ST,Civic Center,5.0,POINT (-122.42152405 37.77802277),Phone,
3638258,05/13/2014 11:36:32 AM,05/13/2014 02:15:36 PM,05/13/2014 02:15:36 PM,Closed,311 Service Request Queue,Damaged Property,Damaged Traffic_Signal,Traffic_Signal,Intersection of THE EMBARCADERO and NORTH POINT ST,Fisherman's Wharf,3.0,POINT (-122.40727866 37.80741901),Phone,
3638253,05/13/2014 11:35:48 AM,05/13/2014 12:20:44 PM,05/13/2014 12:20:44 PM,Closed,Recology_Abandoned,Street and Sidewalk Cleaning,Bulky Items,Mattress,"95 NEWTON ST, SAN FRANCISCO, CA, 94112",Crocker Amazon,11.0,POINT (-122.4385438 37.71333768),Phone,
3638249,05/13/2014 11:35:05 AM,05/13/2014 12:29:51 PM,05/13/2014 12:29:51 PM,Closed,Recology_Abandoned,Street and Sidewalk Cleaning,Bulky Items,Refrigerator,Intersection of RANDOLPH ST and BRIGHT ST,Merced Heights,11.0,POINT (-122.46350098 37.71430206),Integrated Agency,
3638237,05/13/2014 11:31:54 AM,05/13/2014 12:46:52 PM,05/13/2014 12:46:52 PM,Closed,Recology_Abandoned,Street and Sidewalk Cleaning,General Cleaning,Other Loose Garbage,Intersection of WALLER ST and WEBSTER ST,Lower Haight,5.0,POINT (-122.42861474 37.77138138),Phone,
3638236,05/13/2014 11:31:47 AM,06/03/2014 09:55:21 AM,06/03/2014 09:55:21 AM,Closed,DPT - Traffic Signal - G,Damaged Property,Damaged Traffic_Signal,Traffic_Signal,Intersection of PORTOLA DR and MARKET ST,Upper Market,8.0,POINT (-122.44334412 37.75008392),Phone,
3638230,05/13/2014 11:31:19 AM,05/14/2014 09:06:47 AM,05/14/2014 09:06:47 AM,Closed,PUC Sewer Ops,Sewer Issues,Sewage_back_up,Outofsewervent4inch,"1475 HAIGHT ST, SAN FRANCISCO, CA, 94117",Haight Ashbury,5.0,POINT (-122.44651031 37.77001953),Integrated Agency,
3638229,05/13/2014 11:31:06 AM,05/13/2014 12:06:53 PM,05/13/2014 12:06:53 PM,Closed,Recology_Abandoned,Street and Sidewalk Cleaning,Bulky Items,Furniture,Intersection of ALEMANY BLVD and ONEIDA AVE,Cayuga,11.0,POINT (-122.4393825 37.7205676),Phone,
3638223,05/13/2014 11:30:00 AM,09/29/2017 05:00:00 PM,09/29/2017 05:00:00 PM,Closed,DPW BSM Queue,Sidewalk or Curb,Sidewalk_Defect,Collapsed_sidewalk,Intersection of BRADY ST and COLTON ST,South of Market,6.0,POINT (-122.420427 37.772905),Mobile/Open311,http://mobile311.sfgov.org/reports/3638223/photos
3638216,05/13/2014 11:26:57 AM,05/13/2014 12:54:47 PM,05/13/2014 12:54:47 PM,Closed,PUC - Water - G,Graffiti,Graffiti on Fire_hydrant,Fire_hydrant - Offensive,"70 OTIS ST, SAN FRANCISCO, CA, 94103",South of Market,6.0,POINT (-122.420029 37.772498),Mobile/Open311,http://mobile311.sfgov.org/reports/3638216/photos
3638210,05/13/2014 11:25:51 AM,05/16/2014 09:31:58 AM,05/16/2014 09:31:58 AM,Closed,DPW Ops Queue,Blocked Street or SideWalk,Blocked_Sidewalk,Residential_totter blocking sidewalk,Intersection of 15TH ST and FLORIDA ST,Mission,9.0,POINT (-122.411451 37.7666),Mobile/Open311,http://mobile311.sfgov.org/reports/3638210/photos
3638207,05/13/2014 11:25:03 AM,05/13/2014 12:40:25 PM,05/13/2014 12:40:25 PM,Closed,Recology_Abandoned,Street and Sidewalk Cleaning,General Cleaning,Other Loose Garbage,"452 WALLER ST, SAN FRANCISCO, CA, 94117",Lower Haight,5.0,POINT (-122.43114098 37.77111752),Phone,
3638203,05/13/2014 11:24:26 AM,05/13/2014 02:10:05 PM,05/13/2014 02:10:05 PM,Closed,PUC Water Quality Queue,General Request - PUC,request_for_service,water_quality - request_for_service,"3190 SCOTT ST, SAN FRANCISCO, CA, 94123",Cow Hollow,2.0,POINT (-122.44091034 37.79912567),Web,
3638202,05/13/2014 11:23:53 AM,05/13/2014 12:40:30 PM,05/13/2014 12:40:30 PM,Closed,Recology_Abandoned,Street and Sidewalk Cleaning,Bulky Items,Furniture,"440 WALLER ST, SAN FRANCISCO, CA, 94117",Lower Haight,5.0,POINT (-122.43095123 37.77113986),Phone,
3638201,05/13/2014 11:23:38 AM,05/13/2014 01:56:30 PM,05/13/2014 01:56:30 PM,Closed,Recology_Abandoned,Street and Sidewalk Cleaning,General Cleaning,Other Loose Garbage,"2496 SUTTER ST, SAN FRANCISCO, CA, 94115",Lower Pacific Heights,2.0,POINT (-122.441612 37.785217),Mobile/Open311,
3638199,05/13/2014 11:23:29 AM,05/15/2014 12:00:00 PM,05/15/2014 12:00:00 PM,Closed,DPW BSM Queue,Graffiti,Graffiti on News_rack,News_rack - Not_Offensive,"2550 JUDAH ST, SAN FRANCISCO, CA, 94122",Outer Sunset,4.0,POINT (-122.48933092 37.76121124),Phone,
3638195,05/13/2014 11:22:33 AM,05/21/2014 01:17:28 PM,05/21/2014 01:17:28 PM,Closed,DPT Meter_Bike Queue,Damaged Property,Damaged Parking_Meter,Parking_Meter,"210 JONES ST, SAN FRANCISCO, CA, 94102",Tenderloin,5.0,POINT (-122.41236901 37.78312814),Phone,
3638193,05/13/2014 11:22:22 AM,05/13/2014 12:40:31 PM,05/13/2014 12:40:31 PM,Closed,Recology_Abandoned,Street and Sidewalk Cleaning,General Cleaning,Other Loose Garbage,"436 WALLER ST, SAN FRANCISCO, CA, 94117",Lower Haight,5.0,POINT (-122.43090057 37.7712326),Phone,
3638192,05/13/2014 11:21:47 AM,07/17/2014 10:41:00 AM,07/17/2014 10:41:00 AM,Closed,DPW Ops Queue,Graffiti,Graffiti on Building_residential,Building_residential - Offensive,"84 CARL ST, SAN FRANCISCO, CA, 94117",Cole Valley,8.0,POINT (-122.44946893 37.76599097),Mobile/Open311,http://mobile311.sfgov.org/reports/3638192/photos
3638190,05/13/2014 11:21:36 AM,05/13/2014 02:50:54 AM,05/13/2014 02:50:54 AM,Closed,DPW Ops Queue,Street and Sidewalk Cleaning,General Cleaning,Other Loose Garbage,Intersection of HARVARD ST and FELTON ST,University Mound,11.0,POINT (-122.42037201 37.72591019),Phone,
3638187,05/13/2014 11:21:14 AM,05/13/2014 01:06:06 AM,05/13/2014 01:06:06 AM,Closed,DPW Ops Queue,Street and Sidewalk Cleaning,General Cleaning,Paper Spill,Intersection of PARK PRESIDIO BLVD and GEARY BLVD,Inner Richmond,1.0,POINT (-122.47231144 37.7806545),Phone,
3638185,05/13/2014 11:21:05 AM,05/13/2014 12:59:35 PM,05/13/2014 12:59:35 PM,Closed,Recology_Abandoned,Encampments,Encampment items,Cart Pickup,"2825 26TH ST, SAN FRANCISCO, CA, 94110",Mission,9.0,POINT (-122.40714824 37.74964544),Twitter,
3638176,05/13/2014 11:20:08 AM,05/21/2014 01:17:06 PM,05/21/2014 01:17:06 PM,Closed,DPT Meter_Bike Queue,Damaged Property,Damaged Parking_Meter,Parking_Meter,Intersection of OAK ST and FRANKLIN ST,Civic Center,6.0,POINT (-122.42095947 37.77523041),Phone,
3638175,05/13/2014 11:19:23 AM,08/05/2014 12:10:19 PM,08/05/2014 12:10:19 PM,Closed,DPW Ops Queue,Tree Maintenance,Trees - Overgrown_Tree,Blocking_signs,"51 PROGRESS ST, SAN FRANCISCO, CA, 94124",Bayview,10.0,POINT (-122.38363902 37.73346243),Phone,
3638174,05/13/2014 11:19:13 AM,05/13/2014 01:05:35 AM,05/13/2014 01:05:35 AM,Closed,DPW Ops Queue,Street and Sidewalk Cleaning,General Cleaning,Paper Spill,Intersection of 9TH AVE and GEARY BLVD,Inner Richmond,1.0,POINT (-122.46748929 37.78087792),Phone,
3638169,05/13/2014 11:18:23 AM,05/13/2014 12:47:33 PM,05/13/2014 12:47:33 PM,Closed,Recology_Abandoned,Street and Sidewalk Cleaning,Bulky Items,Furniture,"3008 WEBSTER ST, SAN FRANCISCO, CA, 94123",Union Street,2.0,POINT (-122.43392181 37.79846954),Phone,
3638160,05/13/2014 11:17:12 AM,05/13/2014 12:44:54 PM,05/13/2014 12:44:54 PM,Closed,Recology_Abandoned,Street and Sidewalk Cleaning,Bulky Items,Furniture,"350 WALLER ST, SAN FRANCISCO, CA, 94117",Lower Haight,5.0,POINT (-122.42948151 37.77138138),Phone,
3638156,05/13/2014 11:15:34 AM,05/13/2014 02:52:43 AM,05/13/2014 02:52:43 AM,Closed,DPW Ops Queue,Street and Sidewalk Cleaning,General Cleaning,Paper Spill,Intersection of HARVARD ST and PIOCHE ST,University Mound,11.0,POINT (-122.42135795 37.72830168),Phone,
3638142,05/13/2014 11:11:27 AM,05/14/2014 04:15:22 PM,05/14/2014 04:15:22 PM,Closed,MUNI Work Queue,MUNI Feedback,MUNI - Services_Service_Delivery_Facilities,601_Delay_No_Show,Intersection of 22ND AVE and JUDAH ST,Outer Sunset,4.0,POINT (-122.48020935 37.76155853),Phone,
3638138,05/13/2014 11:10:05 AM,05/15/2014 10:45:34 AM,05/15/2014 10:45:34 AM,Closed,PUC Sewer Ops,Sewer Issues,Sewage_back_up,Outofsewervent4inch,"2986 22ND ST, SAN FRANCISCO, CA, 94110",Mission,9.0,POINT (-122.41396332 37.75582886),Integrated Agency,
3638133,05/13/2014 11:07:47 AM,05/13/2014 09:22:18 AM,05/13/2014 09:22:18 AM,Closed,DPW Ops Queue,Street and Sidewalk Cleaning,General Cleaning,Paper Spill,"934 HOWARD ST, SAN FRANCISCO, CA, 94103",South of Market,6.0,POINT (-122.4058915 37.78098711),Mobile/Open311,http://mobile311.sfgov.org/reports/3638133/photos
3638129,05/13/2014 11:05:02 AM,05/13/2014 12:13:01 PM,05/13/2014 12:13:01 PM,Closed,Recology_Abandoned,Street and Sidewalk Cleaning,Bulky Items,Refrigerator,"1230 CAPITOL AVE, SAN FRANCISCO, CA, 94112",Ingleside,11.0,POINT (-122.45904541 37.7242012),Integrated Agency,
3638120,05/13/2014 11:02:10 AM,05/13/2014 09:10:02 AM,05/13/2014 09:10:02 AM,Closed,DPW Ops Queue,Street and Sidewalk Cleaning,Human or Animal Waste,Human or Animal Waste,"217 EDDY ST, SAN FRANCISCO, CA, 94102",Tenderloin,5.0,POINT (-122.4112436 37.78404737),Phone,
3638119,05/13/2014 11:01:55 AM,05/13/2014 01:45:00 AM,05/13/2014 01:45:00 AM,Closed,DPW Ops Queue,Street and Sidewalk Cleaning,Hazardous Materials,Glass,"1050 17TH ST, SAN FRANCISCO, CA, 94107",Potrero Hill,10.0,POINT (-122.39477116 37.76544019),Mobile/Open311,http://mobile311.sfgov.org/reports/3638119/photos
3638115,05/13/2014 11:00:24 AM,05/13/2014 09:14:12 AM,05/13/2014 09:14:12 AM,Closed,DPW Ops Queue,Street and Sidewalk Cleaning,Human or Animal Waste,Human or Animal Waste,"105 TURK ST, SAN FRANCISCO, CA, 94102",Tenderloin,5.0,POINT (-122.41086733 37.78314425),Phone,
3638114,05/13/2014 11:00:17 AM,05/14/2014 04:19:19 PM,05/14/2014 04:19:19 PM,Closed,SSP - MTA Feedback Queue,MUNI Feedback,MUNI  - Conduct_Discourteous_Insensitive_Inappropriate_Conduct,306_General_Unprofessional_Conduct_Appearance,Not associated with a specific address,,,POINT (0 0),Web,
3638113,05/13/2014 10:59:59 AM,05/13/2014 01:35:16 AM,05/13/2014 01:35:16 AM,Closed,DPW Ops Queue,Street and Sidewalk Cleaning,General Cleaning,Other Loose Garbage,"8 ARLETA AVE, SAN FRANCISCO, CA, 94134",Visitacion Valley,10.0,POINT (-122.40244891 37.71237361),Mobile/Open311,http://mobile311.sfgov.org/reports/3638113/photos
3638111,05/13/2014 10:59:45 AM,05/14/2014 11:00:00 AM,05/14/2014 11:00:00 AM,Closed,DPW Ops Queue,Street and Sidewalk Cleaning,General Cleaning,Paper Spill,"99 MISSISSIPPI ST, SAN FRANCISCO, CA, 94107",Potrero Hill,10.0,POINT (-122.39474103 37.76543867),Mobile/Open311,http://mobile311.sfgov.org/reports/3638111/photos
3638107,05/13/2014 10:58:38 AM,05/13/2014 09:13:40 AM,05/13/2014 09:13:40 AM,Closed,DPW Ops Queue,Street and Sidewalk Cleaning,Human or Animal Waste,Human or Animal Waste,"270 TURK ST, SAN FRANCISCO, CA, 94102",Tenderloin,5.0,POINT (-122.41357478 37.7829108),Phone,
3638103,05/13/2014 10:58:13 AM,05/13/2014 03:00:30 AM,05/13/2014 03:00:30 AM,Closed,DPW Ops Queue,Street and Sidewalk Cleaning,General Cleaning,Other Loose Garbage,Intersection of 16TH ST and FOLSOM ST,Mission,9.0,POINT (-122.41541975 37.76570292),Mobile/Open311,http://mobile311.sfgov.org/reports/3638103/photos
3638097,05/13/2014 10:56:57 AM,05/13/2014 09:16:26 AM,05/13/2014 09:16:26 AM,Closed,DPW Ops Queue,Street and Sidewalk Cleaning,Human or Animal Waste,Human or Animal Waste,"595 OFARRELL ST, SAN FRANCISCO, CA, 94102",Tenderloin,5.0,POINT (-122.414494 37.78554115),Phone,
3638096,05/13/2014 10:56:52 AM,05/20/2014 03:28:26 PM,05/20/2014 03:28:26 PM,Closed,SFMTA - Temporary Sign Request Queue,Temporary Sign Request,Temporary Sign Request for Other_Event_Type,80 ft zone requested from 05/21/2014 to 05/21/2014,"777 VALENCIA ST, SAN FRANCISCO, CA, 94110",Mission,9.0,POINT (-122.42128754 37.7605629),Phone,
3638094,05/13/2014 10:56:32 AM,05/13/2014 11:15:00 AM,05/13/2014 11:15:00 AM,Closed,DPW Ops Queue,Street and Sidewalk Cleaning,General Cleaning,Other Loose Garbage,"93 NORTON ST, SAN FRANCISCO, CA, 94112",Mission Terrace,11.0,POINT (-122.43650062 37.72529856),Phone,
3638090,05/13/2014 10:55:26 AM,05/13/2014 09:16:26 AM,05/13/2014 09:16:26 AM,Closed,DPW Ops Queue,Street and Sidewalk Cleaning,Human or Animal Waste,Human or Animal Waste,"595 OFARRELL ST, SAN FRANCISCO, CA, 94102",Tenderloin,5.0,POINT (-122.414494 37.78554115),Phone,
3638089,05/13/2014 10:55:18 AM,05/20/2014 07:40:19 AM,05/20/2014 07:40:19 AM,Closed,DPT Abandoned Vehicles Work Queue,Abandoned Vehicle,Abandoned Vehicle - Other,WHITE BLU -  -  - 73199E1,"2501 QUINTARA ST, SAN FRANCISCO, CA, 94116",Parkside,4.0,POINT (-122.49218434 37.7478787),Phone,
3638082,05/13/2014 10:53:55 AM,05/13/2014 11:54:43 AM,05/13/2014 11:54:43 AM,Closed,PUC Streetlights Queue,Streetlights,Streetlight - Light_Burnt_Out,Light_Burnt_Out on Unknown Pole,Not associated with a specific address,,,POINT (0 0),Phone,
3638078,05/13/2014 10:53:36 AM,05/14/2014 12:25:02 PM,05/14/2014 12:25:02 PM,Closed,DPH - Environmental Health - G,General Request - DPH,request_for_service,environmental_health - request_for_service,"1610 JERROLD AVE, SAN FRANCISCO, CA, 94124",Bayview,10.0,POINT (-122.38951593 37.73892534),Phone,
3638077,05/13/2014 10:53:16 AM,05/13/2014 09:12:23 AM,05/13/2014 09:12:23 AM,Closed,DPW Ops Queue,Street and Sidewalk Cleaning,Human or Animal Waste,Human or Animal Waste,Intersection of ELLIS ST and HYDE ST,Tenderloin,5.0,POINT (-122.41596337 37.78440478),Phone,
3638069,05/13/2014 10:51:20 AM,05/13/2014 09:21:48 AM,05/13/2014 09:21:48 AM,Closed,DPW Ops Queue,Street and Sidewalk Cleaning,Human or Animal Waste,Human or Animal Waste,"387 GOLDEN GATE AVE, SAN FRANCISCO, CA, 94102",Civic Center,5.0,POINT (-122.41689705 37.78142294),Phone,
3638067,05/13/2014 10:50:43 AM,05/15/2014 09:22:57 AM,05/15/2014 09:22:57 AM,Closed,PUC Sewer Ops,Street and Sidewalk Cleaning,General Cleaning,Other Loose Garbage,Intersection of BURRITT ST and BUSH ST,Downtown / Union Square,3.0,POINT (-122.40750064 37.79032149),Phone,
3638063,05/13/2014 10:49:42 AM,05/14/2014 04:20:35 PM,05/14/2014 04:20:35 PM,Closed,MUNI Work Queue,MUNI Feedback,MUNI - Services_Criminal_Activity,502_Larceny_Theft,Not associated with a specific address,,,POINT (0 0),Phone,
3638060,05/13/2014 10:49:20 AM,12/13/2017 02:30:59 PM,12/13/2017 02:30:59 PM,Closed,Housing Authority SR Queue,SFHA Requests,Plumbing,Plumbing - Urgent,"33 NORTHRIDGE RD, SAN FRANCISCO, CA, 94124",Hunters Point,10.0,POINT (-122.37513733 37.73048401),Phone,
3638058,05/13/2014 10:49:04 AM,05/13/2014 09:12:58 AM,05/13/2014 09:12:58 AM,Closed,DPW Ops Queue,Street and Sidewalk Cleaning,Human or Animal Waste,Human or Animal Waste,"964 MARKET ST, SAN FRANCISCO, CA, 94102",Tenderloin,5.0,POINT (-122.40944211 37.78303823),Phone,
3638056,05/13/2014 10:47:32 AM,05/19/2014 12:16:26 PM,05/19/2014 12:16:26 PM,Closed,DPT - Other - G,General Request - MTA,complaint,parking_traffic_other - complaint,Intersection of CHURCH ST and MARKET ST,Duboce Triangle,8.0,POINT (-122.42894745 37.76750565),Web,
3638045,05/13/2014 10:44:18 AM,05/23/2014 09:51:31 AM,05/23/2014 09:51:31 AM,Closed,Contract Administration - G,General Request - CONTRACT ADMINISTRATION,request_for_service,contract_administration - request_for_service,Not associated with a specific address,,,POINT (0 0),Web,
3638041,05/13/2014 10:42:34 AM,05/14/2014 12:00:00 PM,05/14/2014 12:00:00 PM,Closed,DPW BSM Queue,Sidewalk or Curb,Sidewalk_Defect,Collapsed_sidewalk,"3224 23RD ST, SAN FRANCISCO, CA, 94110",Mission,9.0,POINT (-122.41702183 37.75395623),Mobile/Open311,http://mobile311.sfgov.org/reports/3638041/photos
3638040,05/13/2014 10:42:24 AM,05/13/2014 12:32:32 PM,05/13/2014 12:32:32 PM,Closed,Recology_Abandoned,Street and Sidewalk Cleaning,General Cleaning,Other Loose Garbage,"614 FELL ST, SAN FRANCISCO, CA, 94102",Hayes Valley,5.0,POINT (-122.42800452 37.77533594),Phone,
3638030,05/13/2014 10:39:38 AM,05/20/2014 07:37:29 AM,05/20/2014 07:37:29 AM,Closed,DPT Abandoned Vehicles Work Queue,Abandoned Vehicle,Abandoned Vehicle - SUV,white - Dodge - Van (Camper) - 3lxy721,Intersection of 10TH AVE and PACHECO ST,Golden Gate Heights,7.0,POINT (-122.46646881 37.75093842),Web,
3638029,05/13/2014 10:39:34 AM,04/17/2015 10:06:19 PM,04/17/2015 10:06:19 PM,Closed,311 Service Request Queue - Hold,311 External Request,Graffiti,Graffiti - CalTrans,Intersection of HARRISON ST and 7TH ST,South of Market,6.0,POINT (-122.40629668 37.77551317),Phone,
3638024,05/13/2014 10:37:04 AM,05/14/2014 12:00:00 PM,05/14/2014 12:00:00 PM,Closed,DPW BSM Queue,Sidewalk or Curb,Missing_Side_Sewer_Vent_Cover,Missing_Side_Sewer_Vent_Cover,"3220 23RD ST, SAN FRANCISCO, CA, 94110",Mission,9.0,POINT (-122.41699539 37.75408451),Mobile/Open311,http://mobile311.sfgov.org/reports/3638024/photos
3638017,05/13/2014 10:34:53 AM,06/03/2014 09:55:46 AM,06/03/2014 09:55:46 AM,Closed,DPT - Traffic Signal - G,Damaged Property,Damaged Traffic_Signal,Traffic_Signal,Not associated with a specific address,,,POINT (-122.41848828 37.77482644),Phone,
3638016,05/13/2014 10:34:41 AM,05/20/2014 08:10:32 AM,05/20/2014 08:10:32 AM,Closed,DPT Abandoned Vehicles Work Queue,Abandoned Vehicle,Abandoned Vehicles,DPT Abandoned Vehicles Low,"1500 7TH ST, SAN FRANCISCO, CA, 94107",Potrero Hill,10.0,POINT (-122.39483044 37.76603399),Mobile/Open311,http://mobile311.sfgov.org/reports/3638016/photos
3638015,05/13/2014 10:34:33 AM,05/15/2014 07:16:13 AM,05/15/2014 07:16:13 AM,Closed,DPT Abandoned Vehicles Work Queue,Abandoned Vehicle,Abandoned Vehicle - Car4door,dark blue - unknown - unknown - 6JXT821,"1706 43RD AVE, SAN FRANCISCO, CA, 94122",Outer Sunset,4.0,POINT (-122.50223709 37.75479278),Phone,
3638014,05/13/2014 10:34:16 AM,03/05/2024 03:03:40 PM,03/05/2024 03:03:40 PM,Closed,DPW BSSR Queue,Street Defects,Pavement_Defect,Pavement_Defect,Intersection of LAPHAM WAY and CHICAGO WAY,Crocker Amazon,11.0,POINT (0 0),Phone,
3638006,05/13/2014 10:33:12 AM,05/14/2014 04:21:35 PM,05/14/2014 04:21:35 PM,Closed,MUNI Work Queue,MUNI Feedback,MUNI - Conduct_Inattentiveness_Negligence,201_Pass_Up_Did_Not_Wait_for_Transferee,Intersection of HOWARD ST and MAIN ST,Financial District,6.0,POINT (-122.39340973 37.79061127),Phone,
3638005,05/13/2014 10:33:08 AM,05/22/2014 12:47:27 PM,05/22/2014 12:47:27 PM,Closed,DPW Ops Queue,Graffiti,Graffiti on Building_commercial,Building_commercial - Offensive,"767 CAPP ST, SAN FRANCISCO, CA, 94110",Mission,9.0,POINT (-122.41731259 37.7540837),Mobile/Open311,http://mobile311.sfgov.org/reports/3638005/photos
3638004,05/13/2014 10:32:44 AM,05/13/2014 12:45:00 PM,05/13/2014 12:45:00 PM,Closed,DPW Ops Queue,Illegal Postings,Illegal Postings - Multiple_Postings,Multiple_Postings on Sidewalk,Intersection of GENEVA AVE and PRAGUE ST,Crocker Amazon,11.0,POINT (-122.43192794 37.71276514),Phone,
3638003,05/13/2014 10:32:26 AM,05/13/2014 11:16:45 AM,05/13/2014 11:16:45 AM,Closed,Recology_Abandoned,Encampments,Encampment items,Cart Pickup,Intersection of CAYUGA AVE and MOUNT VERNON AVE,Cayuga,11.0,POINT (-122.44580984 37.7170801),Phone,
3638000,05/13/2014 10:31:47 AM,05/21/2014 08:35:33 AM,05/21/2014 08:35:33 AM,Closed,DPT Abandoned Vehicles Work Queue,Abandoned Vehicle,Abandoned Vehicle - Car4door,silver - nissan - centra - 7DIA024,"122 22ND AVE, SAN FRANCISCO, CA, 94121",Lake Street,1.0,POINT (-122.48182878 37.78543941),Phone,
3637995,05/13/2014 10:30:44 AM,05/15/2014 07:32:03 AM,05/15/2014 07:32:03 AM,Closed,DPT Abandoned Vehicles Work Queue,Abandoned Vehicle,Abandoned Vehicle - Car4door,blue - Honda -  - 6BQL622,"68 MONTEZUMA ST, SAN FRANCISCO, CA, 94110",Bernal Heights,9.0,POINT (-122.41584015 37.74588394),Web,
3637992,05/13/2014 10:29:15 AM,05/13/2014 03:01:54 AM,05/13/2014 03:01:54 AM,Closed,DPW Ops Queue,Street and Sidewalk Cleaning,General Cleaning,Other Loose Garbage,"767 CAPP ST, SAN FRANCISCO, CA, 94110",Mission,9.0,POINT (-122.41734045 37.75397552),Mobile/Open311,http://mobile311.sfgov.org/reports/3637992/photos
3637985,05/13/2014 10:27:53 AM,05/14/2014 02:55:59 AM,05/14/2014 02:55:59 AM,Closed,DPW Ops Queue,Graffiti,Graffiti on Sidewalk_in_front_of_property,Sidewalk_in_front_of_property - Not_Offensive,"1244 PIERCE ST, SAN FRANCISCO, CA, 94115",Western Addition,5.0,POINT (-122.43586879 37.78147314),Mobile/Open311,http://mobile311.sfgov.org/reports/3637985/photos
3637983,05/13/2014 10:27:24 AM,05/19/2014 02:38:14 PM,05/19/2014 02:38:14 PM,Closed,PUC - Billing - G,General Request - PUC,complaint,billing - complaint,Not associated with a specific address,,,POINT (0 0),Phone,
3637982,05/13/2014 10:27:06 AM,05/22/2014 06:45:45 AM,05/22/2014 06:45:45 AM,Closed,DBI Housing Inspection Queue,Residential Building Request,Building - Illegal_Guest_Room_Conversions,Illegal_Guest_Room_Conversions,"3633 WEBSTER ST, SAN FRANCISCO, CA, 94123",Marina,2.0,POINT (-122.43543243 37.8042717),Web,
3637979,05/13/2014 10:26:04 AM,05/14/2014 09:50:25 AM,05/14/2014 09:50:25 AM,Closed,DPW Ops Queue,Graffiti,Graffiti on Street,Street - Not_Offensive,Intersection of HARRISON ST and 23RD ST,Mission,9.0,POINT (-122.41204725 37.75423033),Phone,
3637971,05/13/2014 10:24:27 AM,05/16/2014 01:30:10 AM,05/16/2014 01:30:10 AM,Closed,DPT Signal Queue,Damaged Property,Damaged Traffic_Signal,Traffic_Signal,Intersection of PORTOLA DR and BURNETT AVE,Upper Market,8.0,POINT (-122.44484839 37.74694435),Phone,
3637967,05/13/2014 10:24:07 AM,05/13/2014 01:18:26 PM,05/13/2014 01:18:26 PM,Closed,Recology_Abandoned,Street and Sidewalk Cleaning,Bulky Items,Refrigerator,Not associated with a specific address,,,POINT (0 0),Integrated Agency,
3637966,05/13/2014 10:24:04 AM,05/13/2014 11:15:27 AM,05/13/2014 11:15:27 AM,Closed,Recology_Abandoned,Street and Sidewalk Cleaning,Bulky Items,Refrigerator,Intersection of WALTER U LUM PL and WASHINGTON ST,Chinatown,3.0,POINT (-122.40584564 37.79522324),Integrated Agency,
3637965,05/13/2014 10:24:00 AM,05/13/2014 11:32:39 AM,05/13/2014 11:32:39 AM,Closed,Recology_Abandoned,Street and Sidewalk Cleaning,Bulky Items,Refrigerator,Intersection of SACRAMENTO ST and VAN NESS AVE,Pacific Heights,3.0,POINT (-122.42251587 37.79129028),Integrated Agency,
3637964,05/13/2014 10:23:57 AM,05/13/2014 11:15:24 AM,05/13/2014 11:15:24 AM,Closed,Recology_Abandoned,Street and Sidewalk Cleaning,Bulky Items,Refrigerator,"745 KEARNY ST, SAN FRANCISCO, CA, 94108",Chinatown,3.0,POINT (-122.4054184 37.79517746),Integrated Agency,
3637963,05/13/2014 10:23:49 AM,05/13/2014 12:18:02 PM,05/13/2014 12:18:02 PM,Closed,Recology_Overflowing,Street and Sidewalk Cleaning,Overflowing_City_Receptacle_or_Dumpster,Overflowing_City_Receptacle_or_Dumpster,Intersection of CESAR CHAVEZ ST and FLORIDA ST,Peralta Heights,9.0,POINT (-122.40964508 37.74833298),Integrated Agency,
3637960,05/13/2014 10:23:26 AM,05/13/2014 02:58:59 AM,05/13/2014 02:58:59 AM,Closed,DPW Ops Queue,Graffiti,Graffiti on Street,Street - Not_Offensive,Intersection of HARRISON ST and 23RD ST,Mission,9.0,POINT (-122.41204725 37.75423033),Phone,
3637959,05/13/2014 10:22:55 AM,05/13/2014 11:25:08 AM,05/13/2014 11:25:08 AM,Closed,Recology_Abandoned,Street and Sidewalk Cleaning,Bulky Items,Mattress,Intersection of 25TH AVE and BALBOA ST,Outer Richmond,1.0,POINT (-122.484525 37.776319),Mobile/Open311,
3637949,05/13/2014 10:19:46 AM,02/06/2015 11:47:10 AM,02/06/2015 11:47:10 AM,Closed,DBI Housing Inspection Queue,Residential Building Request,Building - Clutter_Hoarder_Unit_Interior_Storage,Clutter_Hoarder_Unit_Interior_Storage,"3633 WEBSTER ST, SAN FRANCISCO, CA, 94123",Marina,2.0,POINT (-122.43543243 37.8042717),Web,
3637947,05/13/2014 10:19:16 AM,05/13/2014 02:57:50 AM,05/13/2014 02:57:50 AM,Closed,DPW Ops Queue,Street and Sidewalk Cleaning,Human or Animal Waste,Human or Animal Waste,Intersection of 16TH ST and CAPP ST,Mission,9.0,POINT (-122.418701 37.76510988),Phone,
3637941,05/13/2014 10:17:11 AM,05/13/2014 10:57:41 AM,05/13/2014 10:57:41 AM,Closed,Recology_Abandoned,Street and Sidewalk Cleaning,Bulky Items,Furniture,"394 MADRID ST, SAN FRANCISCO, CA, 94112",Excelsior,11.0,POINT (-122.43161392 37.72330209),Phone,
3637939,05/13/2014 10:16:58 AM,05/20/2014 08:22:22 AM,05/20/2014 08:22:22 AM,Closed,DPT Abandoned Vehicles Work Queue,Abandoned Vehicle,Abandoned Vehicle - Car4door,Gold - Mercedes -  - 6HHN869,"278 GATES ST, SAN FRANCISCO, CA, 94110",Bernal Heights,9.0,POINT (-122.41408898 37.73920995),Phone,
3637921,05/13/2014 10:13:31 AM,05/13/2014 02:15:00 AM,05/13/2014 02:15:00 AM,Closed,DPW Ops Queue,Street and Sidewalk Cleaning,Hazardous Materials,Glass,"6 ALPHA ST, SAN FRANCISCO, CA, 94134",Visitacion Valley,10.0,POINT (-122.40262404 37.71574063),Mobile/Open311,
3637916,05/13/2014 10:12:10 AM,05/15/2014 07:29:14 AM,05/15/2014 07:29:14 AM,Closed,DPT Abandoned Vehicles Work Queue,Abandoned Vehicle,Abandoned Vehicle - Car4door,silver - Acura - TSX - 6FVY404,"3234 FOLSOM ST, SAN FRANCISCO, CA, 94110",Bernal Heights,9.0,POINT (-122.41365814 37.74643326),Web,
3637912,05/13/2014 10:11:12 AM,05/13/2014 01:01:23 PM,05/13/2014 01:01:23 PM,Closed,DPT Construction Zone Permits Queue,Construction Zone Permits,Construction Zone Tow-away Permits for DPW CEMENT SHOP,DPW CEMENT SHOP,Not associated with a specific address,,,POINT (0 0),Phone,
3637904,05/13/2014 10:07:44 AM,06/20/2014 12:29:33 PM,06/20/2014 12:29:33 PM,Closed,Port Authority - G,General Request - MTA,request_for_service,traffic_engineering - request_for_service,Intersection of BEALE ST and BRYANT ST,Rincon Hill,6.0,POINT (-122.38963318 37.78622437),Web,
3637902,05/13/2014 10:07:19 AM,05/13/2014 10:27:26 AM,05/13/2014 10:27:26 AM,Closed,Recology_Abandoned,Street and Sidewalk Cleaning,Bulky Items,Mattress,"98 RUSSIA AVE, SAN FRANCISCO, CA, 94112",Excelsior,11.0,POINT (-122.436712 37.721052),Mobile/Open311,http://mobile311.sfgov.org/reports/3637902/photos
3637901,05/13/2014 10:07:07 AM,05/13/2014 11:11:23 AM,05/13/2014 11:11:23 AM,Closed,Recology_Abandoned,Street and Sidewalk Cleaning,Bulky Items,Mattress,"98 RUSSIA AVE, SAN FRANCISCO, CA, 94112",Excelsior,11.0,POINT (-122.436712 37.721052),Mobile/Open311,http://mobile311.sfgov.org/reports/3637901/photos
3637899,05/13/2014 10:06:42 AM,10/20/2014 10:24:26 AM,10/20/2014 10:24:26 AM,Closed,RPD GGP Queue,Rec and Park Requests,Park - Structural_Maintenance,Pavement,"GGP Stow Lake and Strawberry Hill, , SAN FRANCISCO, CA, 94122",Golden Gate Park,1.0,POINT (-122.47450767 37.76758072),Twitter,
3637897,05/13/2014 10:06:34 AM,05/15/2014 06:25:40 AM,05/15/2014 06:25:40 AM,Closed,DPT Abandoned Vehicles Work Queue,Abandoned Vehicle,Abandoned Vehicle - Other,Green - Mazda - MPV - 5AOS355,"321 FLORIDA ST, SAN FRANCISCO, CA, 94110",Mission,9.0,POINT (-122.41135888 37.76526213),Phone,
3637895,05/13/2014 10:06:16 AM,11/15/2016 01:17:57 AM,11/15/2016 01:17:57 AM,Closed,DPW BSM Queue,Blocked Street or SideWalk,Blocked_Parking_Space_or_Strip,Construction_equipment blocking parking space,"2610 FILBERT ST, SAN FRANCISCO, CA, 94123",Cow Hollow,2.0,POINT (-122.44250244 37.79720793),Phone,
3637891,05/13/2014 10:05:20 AM,05/13/2014 10:18:02 AM,05/13/2014 10:18:02 AM,Closed,Recology_Abandoned,Street and Sidewalk Cleaning,Bulky Items,Refrigerator,Intersection of AUSTIN ST and FRANKLIN ST,Cathedral Hill,2.0,POINT (-122.4236908 37.78874588),Integrated Agency,
3637890,05/13/2014 10:05:14 AM,05/13/2014 12:02:26 PM,05/13/2014 12:02:26 PM,Closed,Recology_Abandoned,Street and Sidewalk Cleaning,Bulky Items,Refrigerator,Intersection of MINNA ST and MARY ST,South of Market,6.0,POINT (-122.40670776 37.78168106),Integrated Agency,
3637889,05/13/2014 10:05:10 AM,05/21/2014 11:43:00 AM,05/21/2014 11:43:00 AM,Closed,DPW Ops Queue,Graffiti,Graffiti on Building_other,Building_other - Not_Offensive,"1028 GEARY ST, SAN FRANCISCO, CA, 94109",Lower Nob Hill,3.0,POINT (-122.42033386 37.78607941),Integrated Agency,
3637888,05/13/2014 10:05:07 AM,05/21/2014 11:47:14 AM,05/21/2014 11:47:14 AM,Closed,DPW Ops Queue,Graffiti,Graffiti on Building_other,Building_other - Not_Offensive,"1060 GEARY ST, SAN FRANCISCO, CA, 94109",Lower Nob Hill,3.0,POINT (-122.42075348 37.78582001),Integrated Agency,
3637886,05/13/2014 10:05:00 AM,05/21/2014 11:41:59 AM,05/21/2014 11:41:59 AM,Closed,DPW Ops Queue,Graffiti,Graffiti on Building_other,Building_other - Not_Offensive,"1020 GEARY ST, SAN FRANCISCO, CA, 94109",Lower Nob Hill,3.0,POINT (-122.42020416 37.78594589),Integrated Agency,
3637868,05/13/2014 09:59:46 AM,05/13/2014 01:45:00 AM,05/13/2014 01:45:00 AM,Closed,DPW Ops Queue,Street and Sidewalk Cleaning,General Cleaning,Other Loose Garbage,Intersection of ALPHA ST and LELAND AVE,Visitacion Valley,10.0,POINT (-122.40563437 37.71193263),Phone,
3637867,05/13/2014 09:59:37 AM,05/13/2014 11:53:14 AM,05/13/2014 11:53:14 AM,Closed,SFMTA - G,General Request - MTA,customer_callback,mta_other - customer_callback,Not associated with a specific address,,,POINT (0 0),Phone,
3637864,05/13/2014 09:58:20 AM,05/13/2014 01:47:07 PM,05/13/2014 01:47:07 PM,Closed,Recology_Abandoned,Street and Sidewalk Cleaning,Bulky Items,Mattress,Intersection of DESMOND ST and LELAND AVE,Visitacion Valley,10.0,POINT (-122.40480312 37.7116082),Phone,
3637861,05/13/2014 09:57:39 AM,05/20/2014 08:15:27 AM,05/20/2014 08:15:27 AM,Closed,DPT Abandoned Vehicles Work Queue,Abandoned Vehicle,Abandoned Vehicle - SUV,black - Land_Rover -  - 6ZVP217,"188 WINFIELD ST, SAN FRANCISCO, CA, 94110",Bernal Heights,9.0,POINT (-122.41889191 37.74226761),Web,
3637858,05/13/2014 09:57:27 AM,05/15/2014 08:43:28 AM,05/15/2014 08:43:28 AM,Closed,PG and E - Streetlights Queue,Streetlights,Streetlight - Light_Burnt_Out,Light_Burnt_Out on Wooden Pole,"2195 28TH AVE, SAN FRANCISCO, CA, 94116",Parkside,4.0,POINT (-122.48574829 37.74650192),Phone,
3637851,05/13/2014 09:56:13 AM,05/14/2014 06:59:29 AM,05/14/2014 06:59:29 AM,Closed,311 Supervisor Queue,General Request - PORT AUTHORITY,request_for_service,port_authority - request_for_service,Intersection of KING ST and 2ND ST,South Beach,6.0,POINT (-122.38959182 37.77986125),Phone,
3637846,05/13/2014 09:55:20 AM,11/03/2014 10:45:51 AM,11/03/2014 10:45:51 AM,Closed,RPD Park Service Area 3 Queue,Rec and Park Requests,Park - Neighborhood_Services_Area,Other,"Kelloch and Velasco Mini Park, , SAN FRANCISCO, CA, 94134",Visitacion Valley,10.0,POINT (-122.41314697 37.70854187),Web,
3637839,05/13/2014 09:52:51 AM,05/14/2014 03:04:26 AM,05/14/2014 03:04:26 AM,Closed,DPW Ops Queue,Litter Receptacles,Damaged_City_Can,,"400 DUBOCE AVE, SAN FRANCISCO, CA, 94117",Duboce Triangle,8.0,POINT (-122.4291227 37.76952724),Mobile/Open311,http://mobile311.sfgov.org/reports/3637839/photos
3637834,05/13/2014 09:50:44 AM,05/13/2014 12:32:15 PM,05/13/2014 12:32:15 PM,Closed,Recology_Abandoned,Street and Sidewalk Cleaning,Bulky Items,Refrigerator,"1300 17TH ST, SAN FRANCISCO, CA, 94107",Potrero Hill,10.0,POINT (-122.39680481 37.7651825),Integrated Agency,
3637833,05/13/2014 09:50:39 AM,05/13/2014 12:25:49 PM,05/13/2014 12:25:49 PM,Closed,Recology_Abandoned,Street and Sidewalk Cleaning,Bulky Items,Refrigerator,Intersection of CAROLINA ST and 16TH ST,Potrero Hill,6.0,POINT (-122.40075684 37.76618958),Integrated Agency,
3637832,05/13/2014 09:50:38 AM,05/14/2014 03:41:06 PM,05/14/2014 03:41:06 PM,Closed,SSP - MTA Feedback Queue,MUNI Feedback,MUNI  - Services_Service_Delivery_Facilities,601_Delay_No_Show,Not associated with a specific address,,,POINT (0 0),Web,
3637829,05/13/2014 09:49:17 AM,05/13/2014 12:31:11 PM,05/13/2014 12:31:11 PM,Closed,311 Supervisor Queue,Blocked Street or SideWalk,Blocked_Sidewalk,Residential_totter blocking sidewalk,Intersection of FILBERT ST and GRANT AVE,North Beach,3.0,POINT (-122.40788933 37.80155752),Mobile/Open311,http://mobile311.sfgov.org/reports/3637829/photos
3637823,05/13/2014 09:46:24 AM,05/13/2014 11:45:25 AM,05/13/2014 11:45:25 AM,Closed,Recology_Abandoned,Street and Sidewalk Cleaning,Bulky Items,Furniture,"117 6TH ST, SAN FRANCISCO, CA, 94103",South of Market,6.0,POINT (-122.408012 37.780746),Mobile/Open311,
3637822,05/13/2014 09:46:16 AM,05/14/2014 03:57:34 PM,05/14/2014 03:57:34 PM,Closed,SSP - MTA Feedback Queue,MUNI Feedback,MUNI  - Services_Miscellaneous,806_Muni_Rules_Regulations,Not associated with a specific address,,,POINT (0 0),Web,
3637821,05/13/2014 09:46:04 AM,05/13/2014 11:22:49 AM,05/13/2014 11:22:49 AM,Closed,DPW Ops Queue,Street and Sidewalk Cleaning,Hazardous Materials,Glass,Intersection of TWIN PEAKS BLVD and BURNETT AVE,Clarendon Heights,7.0,POINT (-122.44695083 37.75654866),Phone,
3637820,05/13/2014 09:46:00 AM,05/16/2014 07:38:55 AM,05/16/2014 07:38:55 AM,Closed,DPT Abandoned Vehicles Work Queue,Abandoned Vehicle,Abandoned Vehicle - Car2door,Black - Honda - Prelude - 3DEL669,"1315 GROVE ST, SAN FRANCISCO, CA, 94117",Panhandle,5.0,POINT (-122.43825432 37.77583537),Phone,
3637817,05/13/2014 09:45:42 AM,05/13/2014 01:03:14 PM,05/13/2014 01:03:14 PM,Closed,PUC Sewer Ops,Sewer Issues,Sewage_back_up,Outofsewervent4inch,"2136 ALEMANY BLVD, SAN FRANCISCO, CA, 94112",Cayuga,11.0,POINT (-122.44193268 37.7183609),Phone,
3637816,05/13/2014 09:45:33 AM,05/14/2014 03:37:40 PM,05/14/2014 03:37:40 PM,Closed,MUNI Work Queue,MUNI Feedback,MUNI - Conduct_Unsafe_Operation,108_General_Careless_Operation,Intersection of OSHAUGHNESSY BLVD and PORTOLA DR,Miraloma Park,7.0,POINT (-122.45162201 37.74553299),Phone,
3637815,05/13/2014 09:45:22 AM,05/14/2014 12:00:00 PM,05/14/2014 12:00:00 PM,Closed,DPW - Bureau of Street Use and Mapping - G,General Request - PUBLIC WORKS,complaint,bsm - complaint,Intersection of WASHINGTON ST and DIVISADERO ST,Pacific Heights,2.0,POINT (-122.4409837 37.79075571),Phone,
3637814,05/13/2014 09:44:28 AM,05/13/2014 10:37:21 AM,05/13/2014 10:37:21 AM,Closed,Recology_Abandoned,Street and Sidewalk Cleaning,General Cleaning,Other Loose Garbage,"130 CHURCH ST, SAN FRANCISCO, CA, 94114",Duboce Triangle,8.0,POINT (-122.42913055 37.76897049),Phone,
3637811,05/13/2014 09:43:18 AM,06/03/2014 09:54:40 AM,06/03/2014 09:54:40 AM,Closed,DPT Signal Queue,Streetlights,Streetlight - Light_Burnt_Out,Light_Burnt_Out on Metal Pole,Intersection of DOUGLASS ST and MARKET ST,Eureka Valley,8.0,POINT (-122.43941498 37.76142502),Mobile/Open311,
3637807,05/13/2014 09:42:32 AM,05/15/2014 01:34:32 AM,05/15/2014 01:34:32 AM,Closed,DPW Ops Queue,Litter Receptacles,Damaged_City_Can,,Intersection of GERMANIA ST and STEINER ST,Duboce Triangle,5.0,POINT (-122.431775 37.770489),Mobile/Open311,http://mobile311.sfgov.org/reports/3637807/photos
3637805,05/13/2014 09:41:32 AM,04/17/2015 10:06:08 PM,04/17/2015 10:06:08 PM,Closed,311 Service Request Queue - Hold,311 External Request,Utility Lines/Wires,Utility Lines/Wires,Intersection of 24TH ST and ILLINOIS ST,Central Waterfront,10.0,POINT (-122.38693865 37.75416804),Phone,
3637803,05/13/2014 09:41:00 AM,05/16/2014 01:30:11 AM,05/16/2014 01:30:11 AM,Closed,DPT Signal Queue,Damaged Property,Damaged Traffic_Signal,Traffic_Signal,Intersection of PORTOLA DR and BURNETT AVE,Upper Market,8.0,POINT (-122.44484711 37.74694443),Phone,
3637794,05/13/2014 09:38:27 AM,05/13/2014 01:47:27 PM,05/13/2014 01:47:27 PM,Closed,Recology_Abandoned,Street and Sidewalk Cleaning,Bulky Items,Furniture,"40 LELAND AVE, SAN FRANCISCO, CA, 94134",Visitacion Valley,10.0,POINT (-122.404499 37.711597),Mobile/Open311,http://mobile311.sfgov.org/reports/3637794/photos
3637789,05/13/2014 09:36:43 AM,05/15/2014 03:04:07 AM,05/15/2014 03:04:07 AM,Closed,DPW Ops Queue,Street and Sidewalk Cleaning,General Cleaning,Paper Spill,Intersection of STEVENSON ST and 14TH ST,Mission,9.0,POINT (-122.42136545 37.76818972),Phone,
3637784,05/13/2014 09:35:25 AM,05/13/2014 02:48:18 AM,05/13/2014 02:48:18 AM,Closed,DPW Ops Queue,Street and Sidewalk Cleaning,General Cleaning,Other Loose Garbage,"3560 18TH ST, SAN FRANCISCO, CA, 94110",Mission Dolores,9.0,POINT (-122.42287167 37.76167693),Phone,
3637783,05/13/2014 09:35:24 AM,05/13/2014 11:49:53 AM,05/13/2014 11:49:53 AM,Closed,Recology_Abandoned,Street and Sidewalk Cleaning,Bulky Items,Furniture,"4452 CALIFORNIA ST, SAN FRANCISCO, CA, 94118",Presidio Terrace,1.0,POINT (-122.465304 37.78487),Mobile/Open311,http://mobile311.sfgov.org/reports/3637783/photos
3637778,05/13/2014 09:33:39 AM,05/13/2014 12:11:44 PM,05/13/2014 12:11:44 PM,Closed,Recology_Abandoned,Street and Sidewalk Cleaning,Bulky Items,Refrigerator,Intersection of 7TH ST and HOOPER ST,Mission Bay,6.0,POINT (-122.3981781 37.76904297),Integrated Agency,
3637774,05/13/2014 09:32:00 AM,05/13/2014 11:08:54 AM,05/13/2014 11:08:54 AM,Closed,Recology_Abandoned,Street and Sidewalk Cleaning,Bulky Items,Furniture,"208 7TH AVE, SAN FRANCISCO, CA, 94118",Inner Richmond,1.0,POINT (-122.465464 37.784575),Mobile/Open311,http://mobile311.sfgov.org/reports/3637774/photos
3637773,05/13/2014 09:31:32 AM,06/24/2014 10:44:41 AM,06/24/2014 10:44:41 AM,Closed,SFMTA - Parking Enforcement - G,General Request - MTA,customer_callback,parking_enforcement - customer_callback,Not associated with a specific address,,,POINT (0 0),Phone,
3637762,05/13/2014 09:28:39 AM,05/21/2014 01:16:47 PM,05/21/2014 01:16:47 PM,Closed,DPT Meter_Bike Queue,Damaged Property,Damaged Parking_Meter,Parking_Meter,Intersection of BUSH ST and LEAVENWORTH ST,Lower Nob Hill,3.0,POINT (-122.41537363 37.78931759),Phone,
3637757,05/13/2014 09:26:42 AM,05/21/2014 01:15:08 PM,05/21/2014 01:15:08 PM,Closed,DPT Meter_Bike Queue,Damaged Property,Damaged Parking_Meter,Parking_Meter,Intersection of MAIN ST and MARKET ST,Financial District,6.0,POINT (-122.39650726 37.79309845),Phone,
3637753,05/13/2014 09:25:43 AM,05/13/2014 09:36:40 AM,05/13/2014 09:36:40 AM,Closed,Recology_Abandoned,Street and Sidewalk Cleaning,Bulky Items,Mattress,"245 SILVER AVE, SAN FRANCISCO, CA, 94112",Mission Terrace,11.0,POINT (-122.432303 37.729505),Mobile/Open311,http://mobile311.sfgov.org/reports/3637753/photos
3637752,05/13/2014 09:25:26 AM,05/13/2014 12:32:23 PM,05/13/2014 12:32:23 PM,Closed,Recology_Abandoned,Street and Sidewalk Cleaning,Bulky Items,Mattress,"245 SILVER AVE, SAN FRANCISCO, CA, 94112",Mission Terrace,11.0,POINT (-122.432303 37.729505),Mobile/Open311,http://mobile311.sfgov.org/reports/3637752/photos
3637751,05/13/2014 09:25:13 AM,05/13/2014 01:31:24 PM,05/13/2014 01:31:24 PM,Closed,Recology_Abandoned,Street and Sidewalk Cleaning,General Cleaning,Other Loose Garbage,Intersection of COLE ST and WALLER ST,Cole Valley,8.0,POINT (-122.450463 37.768701),Mobile/Open311,
3637750,05/13/2014 09:24:54 AM,09/25/2014 09:08:20 PM,09/25/2014 09:08:20 PM,Closed,DPT Color Curb Queue,Color Curb,Red Color Curb Request for,Red Color Curb Request for,Not associated with a specific address,,,POINT (0 0),Web,
3637749,05/13/2014 09:24:53 AM,05/13/2014 09:48:40 AM,05/13/2014 09:48:40 AM,Closed,DPH - Environmental Health - G,General Request - DPH,request_for_service,environmental_health - request_for_service,Intersection of PACIFIC AVE and VAN NESS AVE,Pacific Heights,3.0,POINT (-122.4232279 37.79481541),Phone,
3637745,05/13/2014 09:24:17 AM,05/13/2014 10:48:37 AM,05/13/2014 10:48:37 AM,Closed,Recology_Abandoned,Street and Sidewalk Cleaning,Bulky Items,Mattress,"160 CAPP ST, SAN FRANCISCO, CA, 94110",Mission,9.0,POINT (-122.4186754 37.76411866),Phone,
3637738,05/13/2014 09:22:30 AM,05/14/2014 03:04:26 AM,05/14/2014 03:04:26 AM,Closed,DPW Ops Queue,Street and Sidewalk Cleaning,Hazardous Materials,Glass,Intersection of CHURCH ST and DUBOCE AVE,Duboce Triangle,8.0,POINT (-122.42871611 37.76950395),Mobile/Open311,
3637737,05/13/2014 09:21:54 AM,05/13/2014 09:28:51 AM,05/13/2014 09:28:51 AM,Closed,PUC - Water - G,General Request - PUC,request_for_service,water - request_for_service,Not associated with a specific address,,,POINT (0 0),Web,
3637734,05/13/2014 09:20:58 AM,05/13/2014 07:13:18 AM,05/13/2014 07:13:18 AM,Closed,DPW Ops Queue,Street and Sidewalk Cleaning,General Cleaning,Other Loose Garbage,Intersection of PACIFIC AVE and VAN NESS AVE,Pacific Heights,3.0,POINT (-122.4232279 37.79481541),Phone,
3637731,05/13/2014 09:20:15 AM,05/14/2014 04:08:57 PM,05/14/2014 04:08:57 PM,Closed,MUNI Work Queue,MUNI Feedback,MUNI - Conduct_Unsafe_Operation,102_Speeding,Not associated with a specific address,,,POINT (0 0),Phone,
3637730,05/13/2014 09:20:08 AM,05/13/2014 07:11:57 AM,05/13/2014 07:11:57 AM,Closed,DPW Ops Queue,Street and Sidewalk Cleaning,General Cleaning,Paper Spill,"715 COMMERCIAL ST, SAN FRANCISCO, CA, 94108",Chinatown,3.0,POINT (-122.40494881 37.79393371),Phone,
3637723,05/13/2014 09:18:33 AM,05/21/2014 01:14:33 PM,05/21/2014 01:14:33 PM,Closed,DPT Meter_Bike Queue,Damaged Property,Damaged Parking_Meter,Parking_Meter,Not associated with a specific address,,,POINT (-122.42236477 37.78741558),Phone,
3637722,05/13/2014 09:18:30 AM,05/21/2014 01:14:13 PM,05/21/2014 01:14:13 PM,Closed,DPT Meter_Bike Queue,Damaged Property,Damaged Parking_Meter,Parking_Meter,Intersection of LARKIN ST and SUTTER ST,Lower Nob Hill,3.0,POINT (-122.41848828 37.77482644),Phone,
3637721,05/13/2014 09:18:18 AM,06/04/2014 11:13:15 AM,06/04/2014 11:13:15 AM,Closed,DPW Ops Queue,Graffiti,Graffiti on Building_commercial,Building_commercial - Not_Offensive,Intersection of BATTERY ST and BROADWAY,Northern Waterfront,3.0,POINT (-122.401169 37.798448),Mobile/Open311,http://mobile311.sfgov.org/reports/3637721/photos
3637705,05/13/2014 09:15:19 AM,05/13/2014 10:51:23 AM,05/13/2014 10:51:23 AM,Closed,Recology_Overflowing,Street and Sidewalk Cleaning,Overflowing_City_Receptacle_or_Dumpster,Overflowing_City_Receptacle_or_Dumpster,Intersection of JACKSON ST and LEAVENWORTH ST,Nob Hill,3.0,POINT (-122.41647332 37.79477705),Phone,
3637704,05/13/2014 09:15:07 AM,05/13/2014 12:43:34 PM,05/13/2014 12:43:34 PM,Closed,PUC Sewer Ops,Sewer Issues,Sewage_back_up,Outofsewervent4inch,"1000 FULTON ST, SAN FRANCISCO, CA, 94117",Alamo Square,5.0,POINT (-122.43355443 37.77755521),Phone,
3637694,05/13/2014 09:12:34 AM,05/13/2014 02:49:00 AM,05/13/2014 02:49:00 AM,Closed,DPW Ops Queue,Street and Sidewalk Cleaning,General Cleaning,Other Loose Garbage,"298 VALENCIA ST, SAN FRANCISCO, CA, 94103",Mission Dolores,9.0,POINT (-122.42227111 37.76815298),Phone,
3637692,05/13/2014 09:12:07 AM,05/21/2014 01:13:49 PM,05/21/2014 01:13:49 PM,Closed,DPT Meter_Bike Queue,Damaged Property,Damaged Parking_Meter,Parking_Meter,Intersection of SACRAMENTO ST and STOCKTON ST,Nob Hill,3.0,POINT (-122.40772631 37.79317736),Phone,
3637684,05/13/2014 09:10:56 AM,05/14/2014 10:22:36 AM,05/14/2014 10:22:36 AM,Closed,Recology_Overflowing,Street and Sidewalk Cleaning,Overflowing_City_Receptacle_or_Dumpster,Overflowing_City_Receptacle_or_Dumpster,Intersection of JACKSON ST and LEAVENWORTH ST,Nob Hill,3.0,POINT (-122.41647339 37.79477692),Phone,
3637683,05/13/2014 09:10:49 AM,05/14/2014 02:49:49 PM,05/14/2014 02:49:49 PM,Closed,MUNI Work Queue,MUNI Feedback,MUNI - Conduct_Unsafe_Operation,102_Speeding,Not associated with a specific address,,,POINT (0 0),Phone,
3637681,05/13/2014 09:10:19 AM,05/13/2014 09:30:38 AM,05/13/2014 09:30:38 AM,Closed,Recology_Abandoned,Street and Sidewalk Cleaning,General Cleaning,Other Loose Garbage,Intersection of GUERRERO ST and CAMP ST,Mission Dolores,9.0,POINT (-122.42398282 37.76396622),Phone,
3637677,05/13/2014 09:09:41 AM,05/13/2014 01:03:16 AM,05/13/2014 01:03:16 AM,Closed,DPW Ops Queue,Street and Sidewalk Cleaning,General Cleaning,Paper Spill,Intersection of HAIGHT ST and FILLMORE ST,Lower Haight,5.0,POINT (-122.43043306 37.77210702),Phone,
3637673,05/13/2014 09:09:28 AM,05/13/2014 10:09:59 AM,05/13/2014 10:09:59 AM,Closed,Recology_Abandoned,Street and Sidewalk Cleaning,General Cleaning,Other Loose Garbage,"489 14TH ST, SAN FRANCISCO, CA, 94103",Mission Dolores,9.0,POINT (-122.42412795 37.76796611),Phone,
3637671,05/13/2014 09:09:13 AM,05/13/2014 09:33:49 AM,05/13/2014 09:33:49 AM,Closed,Recology_Abandoned,Street and Sidewalk Cleaning,Bulky Items,Electronics,"482 GUERRERO ST, SAN FRANCISCO, CA, 94110",Mission Dolores,8.0,POINT (-122.42410448 37.7634533),Phone,
3637670,05/13/2014 09:09:12 AM,05/21/2014 01:13:33 PM,05/21/2014 01:13:33 PM,Closed,DPT Meter_Bike Queue,Damaged Property,Damaged Parking_Meter,Parking_Meter,Intersection of SANSOME ST and CALIFORNIA ST,Financial District,3.0,POINT (-122.40112305 37.7930603),Phone,
3637666,05/13/2014 09:08:38 AM,05/13/2014 01:03:43 AM,05/13/2014 01:03:43 AM,Closed,DPW Ops Queue,Street and Sidewalk Cleaning,General Cleaning,Paper Spill,"540 HAIGHT ST, SAN FRANCISCO, CA, 94117",Lower Haight,5.0,POINT (-122.43113123 37.77207361),Phone,
3637662,05/13/2014 09:08:03 AM,05/13/2014 09:36:08 AM,05/13/2014 09:36:08 AM,Closed,Recology_Abandoned,Street and Sidewalk Cleaning,Bulky Items,Furniture,"15 DORLAND ST, SAN FRANCISCO, CA, 94110",Mission Dolores,8.0,POINT (-122.41848828 37.77482644),Phone,
3637657,05/13/2014 09:07:22 AM,05/13/2014 11:45:17 AM,05/13/2014 11:45:17 AM,Closed,Recology_Abandoned,Street and Sidewalk Cleaning,General Cleaning,Other Loose Garbage,"21 BRUSH PL, SAN FRANCISCO, CA, 94103",South of Market,6.0,POINT (-122.40832839 37.77538965),Phone,
3637653,05/13/2014 09:07:02 AM,05/13/2014 10:16:18 AM,05/13/2014 10:16:18 AM,Closed,Recology_Abandoned,Street and Sidewalk Cleaning,Bulky Items,Furniture,Intersection of STEINER ST and WALLER ST,Duboce Triangle,5.0,POINT (-122.43190517 37.77096216),Phone,
3637648,05/13/2014 09:06:25 AM,05/20/2014 07:38:31 AM,05/20/2014 07:38:31 AM,Closed,DPT Abandoned Vehicles Work Queue,Abandoned Vehicle,Abandoned Vehicle - Other,white  - unknown  - unknown  - unknown,"1670 27TH AVE, SAN FRANCISCO, CA, 94122",Outer Sunset,4.0,POINT (-122.48514759 37.7562878),Phone,
3637646,05/13/2014 09:06:19 AM,05/14/2014 02:53:23 PM,05/14/2014 02:53:23 PM,Closed,MUNI Work Queue,MUNI Feedback,MUNI - Services_Miscellaneous,801_NextMuni_Technology,Intersection of CALIFORNIA ST and PRESIDIO AVE,Laurel Heights / Jordan Park,2.0,POINT (-122.4467926 37.78726196),Phone,
3637645,05/13/2014 09:06:16 AM,05/13/2014 10:47:03 AM,05/13/2014 10:47:03 AM,Closed,Recology_Abandoned,Street and Sidewalk Cleaning,Bulky Items,Furniture,"238 FILLMORE ST, SAN FRANCISCO, CA, 94117",Lower Haight,5.0,POINT (-122.43029445 37.7717),Phone,
3637644,05/13/2014 09:06:15 AM,05/13/2014 02:11:13 PM,05/13/2014 02:11:13 PM,Closed,311 Supervisor Queue,Street and Sidewalk Cleaning,Bulky Items,Refrigerator,Intersection of STANYAN ST and HAIGHT ST,Golden Gate Park,5.0,POINT (-122.45353699 37.76916504),Integrated Agency,
3637639,05/13/2014 09:05:13 AM,05/13/2014 01:04:09 AM,05/13/2014 01:04:09 AM,Closed,DPW Ops Queue,Street and Sidewalk Cleaning,General Cleaning,Paper Spill,"325 FILLMORE ST, SAN FRANCISCO, CA, 94117",Lower Haight,5.0,POINT (-122.43055335 37.77234129),Phone,
3637638,05/13/2014 09:05:05 AM,05/16/2014 07:27:19 AM,05/16/2014 07:27:19 AM,Closed,DPT Abandoned Vehicles Work Queue,Abandoned Vehicle,Abandoned Vehicle - Car4door,purple  - toyota  - corolla - 5JYC655,Intersection of STANFORD HEIGHTS AVE and MELROSE AVE,Miraloma Park,7.0,POINT (-122.45045014 37.73380375),Phone,
3637634,05/13/2014 09:04:16 AM,05/13/2014 01:04:37 AM,05/13/2014 01:04:37 AM,Closed,DPW Ops Queue,Street and Sidewalk Cleaning,General Cleaning,Paper Spill,Intersection of HAIGHT ST and FILLMORE ST,Lower Haight,5.0,POINT (-122.43043306 37.77210702),Phone,
3637630,05/13/2014 09:03:13 AM,05/13/2014 10:23:19 AM,05/13/2014 10:23:19 AM,Closed,Recology_Abandoned,Street and Sidewalk Cleaning,General Cleaning,Other Loose Garbage,"512 MONTEREY BLVD, SAN FRANCISCO, CA, 94127",Sunnyside,7.0,POINT (-122.44694539 37.73166334),Mobile/Open311,http://mobile311.sfgov.org/reports/3637630/photos
3637628,05/13/2014 09:03:00 AM,06/11/2014 02:24:12 AM,06/11/2014 02:24:12 AM,Closed,DPW BSSR Queue,Street Defects,Pavement_Defect,Pavement_Defect,"604 FILBERT ST, SAN FRANCISCO, CA, 94133",North Beach,3.0,POINT (-122.40949228 37.80141144),Phone,
3637626,05/13/2014 09:02:35 AM,05/13/2014 10:18:50 AM,05/13/2014 10:18:50 AM,Closed,Recology_Abandoned,Street and Sidewalk Cleaning,General Cleaning,Other Loose Garbage,"55 NORFOLK ST, SAN FRANCISCO, CA, 94103",South of Market,6.0,POINT (-122.413658 37.770901),Mobile/Open311,
3637623,05/13/2014 09:01:17 AM,05/13/2014 10:48:27 AM,05/13/2014 10:48:27 AM,Closed,311 Service Request Queue,311 External Request,Graffiti,Graffiti - Other,"498 14TH ST, SAN FRANCISCO, CA, 94103",Mission Dolores,9.0,POINT (-122.42435195 37.76806409),Phone,
3637615,05/13/2014 08:59:41 AM,05/16/2014 12:00:00 PM,05/16/2014 12:00:00 PM,Closed,DPW BSM Queue,Street Defects,Manhole_Cover_Off,Manhole_Cover_Off,Intersection of 21ST ST and GUERRERO ST,Dolores Heights,8.0,POINT (-122.42333281 37.75676889),Phone,
3637612,05/13/2014 08:58:44 AM,05/14/2014 09:49:20 AM,05/14/2014 09:49:20 AM,Closed,DPW Ops Queue,Graffiti,Graffiti on Sidewalk_in_front_of_property,Sidewalk_in_front_of_property - Offensive,"298 VALENCIA ST, SAN FRANCISCO, CA, 94103",Mission Dolores,9.0,POINT (-122.42227111 37.76815298),Phone,
3637609,05/13/2014 08:58:17 AM,05/14/2014 09:00:00 AM,05/14/2014 09:00:00 AM,Closed,DPW Ops Queue,Graffiti,Graffiti on Sidewalk_structure,Sidewalk_structure - Not_Offensive,"380 MONTEREY BLVD, SAN FRANCISCO, CA, 94131",Sunnyside,7.0,POINT (-122.44369372 37.73180444),Mobile/Open311,http://mobile311.sfgov.org/reports/3637609/photos
3637605,05/13/2014 08:56:51 AM,06/27/2014 11:59:00 AM,06/27/2014 11:59:00 AM,Closed,DPW BSM Queue,Sidewalk or Curb,Damaged_Side_Sewer_Vent_Cover,Damaged_Side_Sewer_Vent_Cover,"2018 OAKDALE AVE, SAN FRANCISCO, CA, 94124",Produce Market,10.0,POINT (-122.39815068 37.73910519),Phone,
3637604,05/13/2014 08:56:48 AM,05/13/2014 09:04:29 AM,05/13/2014 09:04:29 AM,Closed,DPT Abandoned Vehicles Work Queue,Abandoned Vehicle,Abandoned Vehicle - Car4door,SILVER - SUBARU - NA - 6EQU111,Not associated with a specific address,,,POINT (0 0),Phone,
3637601,05/13/2014 08:55:20 AM,09/25/2014 09:08:19 PM,09/25/2014 09:08:19 PM,Closed,DPT Color Curb Queue,Color Curb,White_Fee Color Curb Request,White_Fee zone for Other,Not associated with a specific address,,,POINT (0 0),Phone,
3637600,05/13/2014 08:55:15 AM,05/13/2014 09:04:27 AM,05/13/2014 09:04:27 AM,Closed,PUC - Water - G,Sewer Issues,Water_leak,Other,Not associated with a specific address,,,POINT (0 0),Phone,
3637598,05/13/2014 08:55:13 AM,05/14/2014 09:49:59 AM,05/14/2014 09:49:59 AM,Closed,DPW Ops Queue,Graffiti,Graffiti on Sidewalk_in_front_of_property,Sidewalk_in_front_of_property - Offensive,Intersection of VALENCIA ST and 14TH ST,Mission Dolores,9.0,POINT (-122.42219543 37.76813889),Phone,
3637596,05/13/2014 08:54:39 AM,05/14/2014 03:01:38 PM,05/14/2014 03:01:38 PM,Closed,MUNI Work Queue,MUNI Feedback,MUNI - Services_Service_Delivery_Facilities,601_Delay_No_Show,Intersection of VAN NESS AVE and VALLEJO ST,Pacific Heights,3.0,POINT (-122.42359924 37.79669189),Phone,
3637592,05/13/2014 08:54:03 AM,05/13/2014 10:30:22 AM,05/13/2014 10:30:22 AM,Closed,Recology_Abandoned,Encampments,Encampment items,Clothing,"1365 TAYLOR ST, SAN FRANCISCO, CA, 94108",Nob Hill,3.0,POINT (-122.4131943 37.794877),Phone,
3637587,05/13/2014 08:52:55 AM,05/14/2014 03:52:58 AM,05/14/2014 03:52:58 AM,Closed,DPW Ops Queue,Graffiti,Graffiti on Sidewalk_structure,Sidewalk_structure - Not_Offensive,"450 DETROIT ST, SAN FRANCISCO, CA, 94131",Sunnyside,7.0,POINT (-122.44410737 37.73136108),Mobile/Open311,http://mobile311.sfgov.org/reports/3637587/photos
3637575,05/13/2014 08:50:32 AM,05/13/2014 11:14:27 AM,05/13/2014 11:14:27 AM,Closed,Recology_Abandoned,Street and Sidewalk Cleaning,General Cleaning,Other Loose Garbage,"3188 CESAR CHAVEZ ST, SAN FRANCISCO, CA, 94110",Mission,9.0,POINT (-122.41340795 37.74836004),Phone,
3637574,05/13/2014 08:50:26 AM,05/13/2014 10:18:13 AM,05/13/2014 10:18:13 AM,Closed,Recology_Abandoned,Street and Sidewalk Cleaning,Bulky Items,Refrigerator,Intersection of GOLDEN GATE AVE and JONES ST,Tenderloin,5.0,POINT (-122.41222382 37.78207397),Integrated Agency,
3637562,05/13/2014 08:46:47 AM,05/13/2014 11:14:23 AM,05/13/2014 11:14:23 AM,Closed,Recology_Abandoned,Street and Sidewalk Cleaning,General Cleaning,Other Loose Garbage,"3168 CESAR CHAVEZ ST, SAN FRANCISCO, CA, 94110",Mission,9.0,POINT (-122.41298269 37.74836969),Phone,
3637557,05/13/2014 08:45:47 AM,05/22/2014 10:10:32 AM,05/22/2014 10:10:32 AM,Closed,311 Service Request Queue - Hold,General Request - PUBLIC WORKS,customer_callback,bssr - customer_callback,Intersection of 24TH ST and RHODE ISLAND ST,Potrero Hill,10.0,POINT (-122.40146637 37.75329208),Phone,
3637556,05/13/2014 08:45:27 AM,03/05/2024 03:03:40 PM,03/05/2024 03:03:40 PM,Closed,DPW BSSR Queue,Street Defects,Pavement_Defect,Pavement_Defect,Intersection of FILBERT ST and STOCKTON ST,North Beach,3.0,POINT (-122.40937003 37.80136947),Phone,
3637553,05/13/2014 08:44:46 AM,05/13/2014 11:01:43 AM,05/13/2014 11:01:43 AM,Closed,DPT - Sign Shop - G,General Request - MTA,request_for_service,sign_shop - request_for_service,Intersection of GREAT HWY and SLOAT BLVD,Parkside,4.0,POINT (-122.41848828 37.77482644),Phone,
3637552,05/13/2014 08:44:40 AM,05/14/2014 03:30:08 PM,05/14/2014 03:30:08 PM,Closed,SSP - MTA Feedback Queue,MUNI Feedback,MUNI  - Services_Service_Delivery_Facilities,601_Delay_No_Show,Not associated with a specific address,,,POINT (0 0),Web,
3637548,05/13/2014 08:43:07 AM,05/19/2014 12:00:00 PM,05/19/2014 12:00:00 PM,Closed,DPW BSM Queue,Street Defects,Pavement_Defect,Pavement_Defect,Intersection of FILBERT ST and POWELL ST,North Beach,3.0,POINT (-122.41101837 37.80117035),Phone,
3637545,05/13/2014 08:42:52 AM,05/13/2014 02:36:21 AM,05/13/2014 02:36:21 AM,Closed,DPW Ops Queue,Street and Sidewalk Cleaning,Hazardous Materials,Glass,"507 12TH AVE, SAN FRANCISCO, CA, 94118",Inner Richmond,1.0,POINT (-122.47062423 37.7786335),Phone,
3637538,05/13/2014 08:41:07 AM,05/13/2014 03:00:01 AM,05/13/2014 03:00:01 AM,Closed,DPW Ops Queue,Street and Sidewalk Cleaning,Hazardous Materials,Glass,Intersection of CALEDONIA ST and 15TH ST,Mission,9.0,POINT (-122.42153168 37.76657104),Phone,
3637533,05/13/2014 08:40:02 AM,05/13/2014 09:32:40 AM,05/13/2014 09:32:40 AM,Closed,Recology_Abandoned,Street and Sidewalk Cleaning,General Cleaning,Other Loose Garbage,Intersection of HYDE ST and PINE ST,Lower Nob Hill,3.0,POINT (-122.41720611 37.79004321),Phone,
3637526,05/13/2014 08:37:52 AM,05/30/2014 12:16:47 PM,05/30/2014 12:16:47 PM,Closed,DPT - Traffic Signal - G,Damaged Property,Damaged Traffic_Signal,Traffic_Signal,Intersection of MARINA BLVD and YACHT RD,Marina,2.0,POINT (-122.44832165 37.80499285),Phone,
3637525,05/13/2014 08:37:22 AM,05/13/2014 09:20:42 AM,05/13/2014 09:20:42 AM,Closed,Recology_Abandoned,Street and Sidewalk Cleaning,Bulky Items,Furniture,"52 PAGE ST, SAN FRANCISCO, CA, 94102",Civic Center,6.0,POINT (-122.42170631 37.77453263),Mobile/Open311,http://mobile311.sfgov.org/reports/3637525/photos
3637517,05/13/2014 08:35:20 AM,07/09/2014 12:00:00 PM,07/09/2014 12:00:00 PM,Closed,DPW BSM Queue,Sidewalk or Curb,Curb_or_Curb_Ramp_Defect,Curb_or_Curb_Ramp_Defect,"2515 KIRKHAM ST, SAN FRANCISCO, CA, 94122",Outer Sunset,4.0,POINT (-122.48775377 37.75929575),Phone,
3637505,05/13/2014 08:32:41 AM,05/14/2014 07:11:14 AM,05/14/2014 07:11:14 AM,Closed,DPW Ops Queue,Street and Sidewalk Cleaning,General Cleaning,Other Loose Garbage,Intersection of NORTH POINT ST and LAGUNA ST,Marina,2.0,POINT (-122.43187454 37.80424431),Phone,
3637504,05/13/2014 08:32:36 AM,05/13/2014 08:49:20 AM,05/13/2014 08:49:20 AM,Closed,Recology_Abandoned,Street and Sidewalk Cleaning,Bulky Items,Refrigerator,Intersection of FRANKLIN ST and AUSTIN ST,Cathedral Hill,2.0,POINT (-122.4236908 37.78874588),Integrated Agency,
3637497,05/13/2014 08:31:33 AM,05/14/2014 06:51:20 AM,05/14/2014 06:51:20 AM,Closed,Recology_Litter,Litter Receptacles,Damaged_City_Can,,"2138 CHESTNUT ST, SAN FRANCISCO, CA, 94123",Marina,2.0,POINT (-122.438675 37.800522),Mobile/Open311,
3637480,05/13/2014 08:23:21 AM,05/13/2014 02:46:46 AM,05/13/2014 02:46:46 AM,Closed,DPW Ops Queue,Street and Sidewalk Cleaning,Human or Animal Waste,Human or Animal Waste,Intersection of 17TH ST and ABBEY ST,Mission Dolores,8.0,POINT (-122.42714499 37.76302759),Mobile/Open311,http://mobile311.sfgov.org/reports/3637480/photos
3637474,05/13/2014 08:21:24 AM,10/29/2014 11:16:27 AM,10/29/2014 11:16:27 AM,Closed,RPD Park Service Area 2 Queue,Rec and Park Requests,Park - Structural_Maintenance,Pavement,"Potrero Hill Mini Park, SAN FRANCISCO, CA, 94107",Potrero Hill,10.0,POINT (-122.396034 37.757465),Mobile/Open311,
3637473,05/13/2014 08:21:06 AM,05/13/2014 08:52:29 AM,05/13/2014 08:52:29 AM,Closed,Recology_Abandoned,Street and Sidewalk Cleaning,Bulky Items,Furniture,"65 LILY ST, SAN FRANCISCO, CA, 94102",Civic Center,6.0,POINT (-122.42190552 37.77457047),Phone,
3637470,05/13/2014 08:20:38 AM,05/13/2014 08:54:19 AM,05/13/2014 08:54:19 AM,Closed,Recology_Abandoned,Street and Sidewalk Cleaning,Bulky Items,Mattress,"1745 FRANKLIN ST, SAN FRANCISCO, CA, 94109",Pacific Heights,2.0,POINT (-122.42412862 37.79056773),Phone,
3637462,05/13/2014 08:18:55 AM,05/13/2014 02:39:39 AM,05/13/2014 02:39:39 AM,Closed,DPW Ops Queue,Street and Sidewalk Cleaning,General Cleaning,Other Loose Garbage,Intersection of BRODERICK ST and FELL ST,Panhandle,5.0,POINT (-122.43931677 37.7737967),Mobile/Open311,http://mobile311.sfgov.org/reports/3637462/photos
3637460,05/13/2014 08:18:47 AM,05/13/2014 09:57:49 AM,05/13/2014 09:57:49 AM,Closed,PUC - Sewer - G,General Request - PUC,request_for_service,sewer - request_for_service,"151 BRONTE ST, SAN FRANCISCO, CA, 94110",Bernal Heights,9.0,POINT (-122.41020966 37.73755646),Integrated Agency,
3637459,05/13/2014 08:18:45 AM,05/15/2014 11:06:10 AM,05/15/2014 11:06:10 AM,Closed,PUC Sewer Ops,General Request - PUC,request_for_service,sewer - request_for_service,Intersection of WALTER U LUM PL and CLAY ST,Chinatown,3.0,POINT (-122.40566254 37.79434586),Integrated Agency,
3637457,05/13/2014 08:18:10 AM,06/13/2014 11:00:03 AM,06/13/2014 11:00:03 AM,Closed,DPW Ops Queue,Graffiti,Graffiti on Signal_box,Signal_box - Not_Offensive,"100 EASTWOOD DR, SAN FRANCISCO, CA, 94112",Westwood Park,7.0,POINT (-122.45707249 37.72758986),Mobile/Open311,http://mobile311.sfgov.org/reports/3637457/photos
3637455,05/13/2014 08:17:51 AM,05/13/2014 11:15:00 AM,05/13/2014 11:15:00 AM,Closed,DPW Ops Queue,Street and Sidewalk Cleaning,Human or Animal Waste,Human or Animal Waste,"926 GENEVA AVE, SAN FRANCISCO, CA, 94112",Crocker Amazon,11.0,POINT (-122.44067665 37.71615431),Mobile/Open311,http://mobile311.sfgov.org/reports/3637455/photos
3637454,05/13/2014 08:17:35 AM,06/13/2014 11:00:03 AM,06/13/2014 11:00:03 AM,Closed,DPW Ops Queue,Graffiti,Graffiti on Signal_box,Signal_box - Not_Offensive,"894 CAPP ST, SAN FRANCISCO, CA, 94110",Mission,9.0,POINT (-122.41757101 37.75223239),Mobile/Open311,
3637451,05/13/2014 08:17:07 AM,05/13/2014 11:15:00 AM,05/13/2014 11:15:00 AM,Closed,DPW Ops Queue,Street and Sidewalk Cleaning,Human or Animal Waste,Human or Animal Waste,"906 GENEVA AVE, SAN FRANCISCO, CA, 94112",Crocker Amazon,11.0,POINT (-122.44083758 37.71624156),Mobile/Open311,http://mobile311.sfgov.org/reports/3637451/photos
3637450,05/13/2014 08:16:50 AM,05/14/2014 02:50:18 AM,05/14/2014 02:50:18 AM,Closed,DPW Ops Queue,General Request - PUBLIC WORKS,request_for_service,bssr - request_for_service,"175 BROMPTON AVE, SAN FRANCISCO, CA, 94131",Glen Park,8.0,POINT (-122.43513489 37.73287582),Phone,
3637446,05/13/2014 08:14:41 AM,05/13/2014 10:03:06 AM,05/13/2014 10:03:06 AM,Closed,Recology_Abandoned,Street and Sidewalk Cleaning,Bulky Items,Mattress,Intersection of FELL ST and PIERCE ST,Lower Haight,5.0,POINT (-122.4342624 37.77441264),Mobile/Open311,http://mobile311.sfgov.org/reports/3637446/photos
3637445,05/13/2014 08:14:34 AM,05/13/2014 11:11:17 AM,05/13/2014 11:11:17 AM,Closed,Recology_Abandoned,Street and Sidewalk Cleaning,General Cleaning,Other Loose Garbage,"5126 MISSION ST, SAN FRANCISCO, CA, 94112",Cayuga,11.0,POINT (-122.44118392 37.71631947),Mobile/Open311,http://mobile311.sfgov.org/reports/3637445/photos
3637441,05/13/2014 08:13:53 AM,05/20/2014 08:10:05 AM,05/20/2014 08:10:05 AM,Closed,DPT Abandoned Vehicles Work Queue,Abandoned Vehicle,Abandoned Vehicle - Car4door,black  - toyota - camry - 4DSF751,Intersection of SILVER AVE and THOMAS AVE,Silver Terrace,10.0,POINT (-122.40035726 37.73557829),Phone,
3637437,05/13/2014 08:12:34 AM,05/13/2014 10:54:00 AM,05/13/2014 10:54:00 AM,Closed,DPW Ops Queue,Illegal Postings,Illegal Posting - Affixed_Improperly,Affixed_Improperly,Intersection of CASTRO ST and MARKET ST,Castro,8.0,POINT (-122.43518829 37.76267242),Web,
3637435,05/13/2014 08:11:58 AM,05/16/2014 04:06:39 AM,05/16/2014 04:06:39 AM,Closed,DPW Ops Queue,Litter Receptacles,Cans_Left_Out_24x7,,"1939 OAKDALE AVE, SAN FRANCISCO, CA, 94124",Silver Terrace,10.0,POINT (-122.396889 37.738007),Mobile/Open311,
3637433,05/13/2014 08:11:30 AM,05/13/2014 11:18:14 AM,05/13/2014 11:18:14 AM,Closed,Recology_Abandoned,Street and Sidewalk Cleaning,General Cleaning,Other Loose Garbage,"1790 YOSEMITE AVE, SAN FRANCISCO, CA, 94124",Bayview,10.0,POINT (-122.39519644 37.72892322),Phone,
3637432,05/13/2014 08:11:14 AM,05/14/2014 02:37:13 PM,05/14/2014 02:37:13 PM,Closed,MUNI Work Queue,MUNI Feedback,MUNI - Conduct_Inattentiveness_Negligence,206_Not_Adhering_to_Schedule,Intersection of 23RD ST and HOFFMAN AVE,Upper Market,8.0,POINT (-122.44077301 37.75249863),Phone,
3637431,05/13/2014 08:10:57 AM,05/14/2014 02:39:23 PM,05/14/2014 02:39:23 PM,Closed,MUNI Work Queue,MUNI Feedback,MUNI - Services_Miscellaneous,801_NextMuni_Technology,Intersection of 3RD ST and PALOU AVE,Bayview,10.0,POINT (-122.39096832 37.7340126),Phone,
3637428,05/13/2014 08:09:56 AM,05/16/2014 01:56:07 PM,05/16/2014 01:56:07 PM,Closed,PUC Sewer Ops,Sewer Issues,Sewage_back_up,Outofsewervent4inch,"715 HOLLOWAY AVE, SAN FRANCISCO, CA, 94112",Ingleside,11.0,POINT (-122.4605484 37.72172165),Phone,
3637427,05/13/2014 08:09:52 AM,05/13/2014 08:52:20 AM,05/13/2014 08:52:20 AM,Closed,Recology_Abandoned,Street and Sidewalk Cleaning,Bulky Items,Furniture,"3500 23RD ST, SAN FRANCISCO, CA, 94110",Dolores Heights,9.0,POINT (-122.42147321 37.75387451),Mobile/Open311,http://mobile311.sfgov.org/reports/3637427/photos
3637426,05/13/2014 08:09:40 AM,05/13/2014 10:01:44 AM,05/13/2014 10:01:44 AM,Closed,Recology_Abandoned,Street and Sidewalk Cleaning,Bulky Items,Mattress,Intersection of FELL ST and FILLMORE ST,Hayes Valley,5.0,POINT (-122.4308083 37.77486651),Mobile/Open311,http://mobile311.sfgov.org/reports/3637426/photos
3637419,05/13/2014 08:06:43 AM,05/13/2014 11:15:00 AM,05/13/2014 11:15:00 AM,Closed,DPW Ops Queue,Street and Sidewalk Cleaning,General Cleaning,Other Loose Garbage,Intersection of MISSION ST and NORTON ST,Excelsior,11.0,POINT (-122.43487047 37.72458641),Phone,
3637412,05/13/2014 08:04:21 AM,05/13/2014 02:14:06 PM,05/13/2014 02:14:06 PM,Closed,DPT Abandoned Vehicles Work Queue,Abandoned Vehicle,Abandoned Vehicle - Other,,Intersection of 47TH AVE and CABRILLO ST,Outer Richmond,1.0,POINT (-122.50788879 37.77335739),Web,
3637399,05/13/2014 07:57:53 AM,05/13/2014 07:10:41 AM,05/13/2014 07:10:41 AM,Closed,DPW Ops Queue,Street and Sidewalk Cleaning,Human or Animal Waste,Human or Animal Waste,Intersection of VAN NESS AVE and BROADWAY,Pacific Heights,3.0,POINT (-122.42341442 37.79573533),Phone,
3637390,05/13/2014 07:55:41 AM,05/13/2014 11:55:47 AM,05/13/2014 11:55:47 AM,Closed,Recology_Abandoned,Street and Sidewalk Cleaning,General Cleaning,Other Loose Garbage,"3595 CALIFORNIA ST, SAN FRANCISCO, CA, 94118",Laurel Heights / Jordan Park,2.0,POINT (-122.45334665 37.78597187),Mobile/Open311,http://mobile311.sfgov.org/reports/3637390/photos
3637389,05/13/2014 07:55:16 AM,05/14/2014 02:55:21 AM,05/14/2014 02:55:21 AM,Closed,DPW Ops Queue,Graffiti,Graffiti on Sidewalk_structure,Sidewalk_structure - Not_Offensive,Intersection of MARKET ST and ROSE ST,Civic Center,6.0,POINT (-122.420874 37.773734),Mobile/Open311,http://mobile311.sfgov.org/reports/3637389/photos
3637382,05/13/2014 07:51:18 AM,05/13/2014 10:54:58 AM,05/13/2014 10:54:58 AM,Closed,Recology_Abandoned,Street and Sidewalk Cleaning,Bulky Items,Electronics,"58 VARENNES ST, SAN FRANCISCO, CA, 94133",North Beach,3.0,POINT (-122.40665396 37.80035037),Phone,
3637381,05/13/2014 07:51:15 AM,07/31/2014 12:00:00 PM,07/31/2014 12:00:00 PM,Closed,DPW BSM Queue,Blocked Street or SideWalk,Blocked_Parking_Space_or_Strip,Construction_equipment blocking parking space,"925 IOWA ST, SAN FRANCISCO, CA, 94107",Central Waterfront,10.0,POINT (-122.39171586 37.75474727),Mobile/Open311,http://mobile311.sfgov.org/reports/3637381/photos
3637380,05/13/2014 07:50:39 AM,05/13/2014 11:07:06 AM,05/13/2014 11:07:06 AM,Closed,Recology_Abandoned,Encampments,Encampment items,Clothing,Intersection of 23RD ST and HAMPSHIRE ST,Mission,9.0,POINT (-122.40744944 37.75450536),Phone,
3637378,05/13/2014 07:50:32 AM,05/13/2014 10:05:46 AM,05/13/2014 10:05:46 AM,Closed,Recology_Abandoned,Street and Sidewalk Cleaning,Bulky Items,Refrigerator,Intersection of MCCOPPIN ST and VALENCIA ST,South of Market,6.0,POINT (-122.4225235 37.771595),Integrated Agency,
3637375,05/13/2014 07:48:48 AM,05/14/2014 09:01:18 AM,05/14/2014 09:01:18 AM,Closed,PUC Sewer Ops,Sewer Issues,Odor,From_other_location,"1559 WASHINGTON ST, SAN FRANCISCO, CA, 94109",Nob Hill,3.0,POINT (-122.41882486 37.79358759),Mobile/Open311,
3637374,05/13/2014 07:47:15 AM,05/13/2014 10:23:16 AM,05/13/2014 10:23:16 AM,Closed,Recology_Abandoned,Street and Sidewalk Cleaning,General Cleaning,Other Loose Garbage,"1264 GROVE ST, SAN FRANCISCO, CA, 94117",Alamo Square,5.0,POINT (-122.437492 37.776024),Mobile/Open311,
3637370,05/13/2014 07:44:29 AM,05/13/2014 10:05:27 AM,05/13/2014 10:05:27 AM,Closed,Recology_Abandoned,Street and Sidewalk Cleaning,General Cleaning,Other Loose Garbage,"126 SUTTER ST, SAN FRANCISCO, CA, 94104",Downtown / Union Square,3.0,POINT (-122.40269565 37.79002829),Phone,
3637369,05/13/2014 07:44:00 AM,08/21/2014 11:15:18 AM,08/21/2014 11:15:18 AM,Closed,SFMTA - Livable Streets Queue,General Request - MTA,customer_callback,bicycle - customer_callback,Not associated with a specific address,,,POINT (0 0),Phone,
3637365,05/13/2014 07:42:47 AM,05/14/2014 12:23:32 PM,05/14/2014 12:23:32 PM,Closed,DPH - Environmental Health - G,General Request - DPH,complaint,environmental_health - complaint,"940 JONES ST, SAN FRANCISCO, CA, 94109",Lower Nob Hill,3.0,POINT (-122.41848828 37.77482644),Phone,
3637359,05/13/2014 07:38:06 AM,05/19/2014 12:00:00 PM,05/19/2014 12:00:00 PM,Closed,DPW - Bureau of Street Use and Mapping - G,General Request - PUBLIC WORKS,complaint,bsm - complaint,Intersection of FRANKLIN ST and SACRAMENTO ST,Pacific Heights,2.0,POINT (-122.42416268 37.79108085),Phone,
3637355,05/13/2014 07:36:58 AM,05/13/2014 12:25:03 PM,05/13/2014 12:25:03 PM,Closed,Recology_Abandoned,Street and Sidewalk Cleaning,General Cleaning,Other Loose Garbage,"111 CAINE AVE, SAN FRANCISCO, CA, 94112",Oceanview,11.0,POINT (-122.45131683 37.71619034),Phone,
3637354,05/13/2014 07:36:55 AM,05/13/2014 11:02:21 AM,05/13/2014 11:02:21 AM,Closed,Recology_Abandoned,Street and Sidewalk Cleaning,Bulky Items,Furniture,"749 9TH AVE, SAN FRANCISCO, CA, 94118",Inner Richmond,1.0,POINT (-122.467044 37.774236),Mobile/Open311,http://mobile311.sfgov.org/reports/3637354/photos
3637353,05/13/2014 07:36:52 AM,05/13/2014 11:02:01 AM,05/13/2014 11:02:01 AM,Closed,Recology_Abandoned,Street and Sidewalk Cleaning,Bulky Items,Furniture,"749 9TH AVE, SAN FRANCISCO, CA, 94118",Inner Richmond,1.0,POINT (-122.467063 37.774253),Mobile/Open311,http://mobile311.sfgov.org/reports/3637353/photos
3637351,05/13/2014 07:36:39 AM,05/13/2014 11:05:07 AM,05/13/2014 11:05:07 AM,Closed,Recology_Abandoned,Street and Sidewalk Cleaning,Bulky Items,Furniture,"749 9TH AVE, SAN FRANCISCO, CA, 94118",Inner Richmond,1.0,POINT (-122.467068 37.774236),Mobile/Open311,http://mobile311.sfgov.org/reports/3637351/photos
3637350,05/13/2014 07:36:35 AM,05/14/2014 09:00:00 AM,05/14/2014 09:00:00 AM,Closed,DPW Ops Queue,Graffiti,Graffiti on Sidewalk_in_front_of_property,Sidewalk_in_front_of_property - Not_Offensive,"92 DEL MONTE ST, SAN FRANCISCO, CA, 94112",Cayuga,11.0,POINT (-122.443873 37.715616),Mobile/Open311,
3637349,05/13/2014 07:36:30 AM,05/13/2014 11:02:51 AM,05/13/2014 11:02:51 AM,Closed,Recology_Abandoned,Street and Sidewalk Cleaning,Bulky Items,Furniture,"760 9TH AVE, SAN FRANCISCO, CA, 94118",Inner Richmond,1.0,POINT (-122.466986 37.774144),Mobile/Open311,http://mobile311.sfgov.org/reports/3637349/photos
3637348,05/13/2014 07:36:23 AM,05/13/2014 11:02:14 AM,05/13/2014 11:02:14 AM,Closed,Recology_Abandoned,Street and Sidewalk Cleaning,Bulky Items,Furniture,"757 9TH AVE, SAN FRANCISCO, CA, 94118",Inner Richmond,1.0,POINT (-122.46702 37.774137),Mobile/Open311,http://mobile311.sfgov.org/reports/3637348/photos
3637346,05/13/2014 07:36:15 AM,05/13/2014 11:02:05 AM,05/13/2014 11:02:05 AM,Closed,Recology_Abandoned,Street and Sidewalk Cleaning,Bulky Items,Furniture,"760 9TH AVE, SAN FRANCISCO, CA, 94118",Inner Richmond,1.0,POINT (-122.466985 37.774085),Mobile/Open311,http://mobile311.sfgov.org/reports/3637346/photos
3637344,05/13/2014 07:34:17 AM,05/13/2014 09:53:46 AM,05/13/2014 09:53:46 AM,Closed,Recology_Abandoned,Street and Sidewalk Cleaning,Bulky Items,Furniture,"30 JOICE ST, SAN FRANCISCO, CA, 94108",Nob Hill,3.0,POINT (-122.40823668 37.79160862),Mobile/Open311,http://mobile311.sfgov.org/reports/3637344/photos
3637342,05/13/2014 07:30:52 AM,05/14/2014 10:23:19 AM,05/14/2014 10:23:19 AM,Closed,PUC Sewer Ops,Street Defects,Pavement_Defect,Pavement_Defect,"110 BRUSSELS ST, SAN FRANCISCO, CA, 94134",Portola,9.0,POINT (-122.40714264 37.73047638),Integrated Agency,
3637340,05/13/2014 07:30:38 AM,05/13/2014 02:55:30 AM,05/13/2014 02:55:30 AM,Closed,DPW Ops Queue,Graffiti,Graffiti on City_receptacle,City_receptacle - Not_Offensive,"360 GUERRERO ST, SAN FRANCISCO, CA, 94103",Mission Dolores,8.0,POINT (-122.42428331 37.76541443),Phone,
3637339,05/13/2014 07:30:36 AM,05/21/2014 06:30:34 AM,05/21/2014 06:30:34 AM,Closed,DPT Abandoned Vehicles Work Queue,Abandoned Vehicle,Abandoned Vehicle - SUV,brown - chevy - suburban - 2DGJ449,"746 HAMPSHIRE ST, SAN FRANCISCO, CA, 94110",Mission,9.0,POINT (-122.40807457 37.75998632),Phone,
3637334,05/13/2014 07:28:22 AM,05/21/2014 06:30:10 AM,05/21/2014 06:30:10 AM,Closed,DPT Abandoned Vehicles Work Queue,Abandoned Vehicle,Abandoned Vehicle - Other,white - Dodge - Van - 3BDT525,"746 HAMPSHIRE ST, SAN FRANCISCO, CA, 94110",Mission,9.0,POINT (-122.40807457 37.75998632),Phone,
3637332,05/13/2014 07:27:34 AM,05/13/2014 11:04:38 AM,05/13/2014 11:04:38 AM,Closed,Recology_Abandoned,Street and Sidewalk Cleaning,General Cleaning,Other Loose Garbage,Intersection of 8TH AVE and FULTON ST,Golden Gate Park,1.0,POINT (-122.46588265 37.77339732),Phone,
3637327,05/13/2014 07:25:39 AM,05/21/2014 06:29:44 AM,05/21/2014 06:29:44 AM,Closed,DPT Abandoned Vehicles Work Queue,Abandoned Vehicle,Abandoned Vehicle - SUV,red - Ford - Bronco - 1MZE392,"746 HAMPSHIRE ST, SAN FRANCISCO, CA, 94110",Mission,9.0,POINT (-122.40807457 37.75998632),Phone,
3637323,05/13/2014 07:25:00 AM,05/15/2014 05:42:02 AM,05/15/2014 05:42:02 AM,Closed,DPW Ops Queue,Graffiti,Graffiti on Pole,Pole - Not_Offensive,"215 TAYLOR ST, SAN FRANCISCO, CA, 94102",Tenderloin,5.0,POINT (-122.4110524 37.78428396),Phone,
3637320,05/13/2014 07:23:53 AM,05/13/2014 09:14:41 AM,05/13/2014 09:14:41 AM,Closed,DPW Ops Queue,Street and Sidewalk Cleaning,General Cleaning,Other Loose Garbage,"215 TAYLOR ST, SAN FRANCISCO, CA, 94102",Tenderloin,5.0,POINT (-122.4110524 37.78428396),Phone,
3637318,05/13/2014 07:22:00 AM,05/14/2014 02:32:17 PM,05/14/2014 02:32:17 PM,Closed,SSP - MTA Feedback Queue,MUNI Feedback,MUNI  - Conduct_Discourteous_Insensitive_Inappropriate_Conduct,301_Discourtesy_to_Customer,Not associated with a specific address,,,POINT (0 0),Web,
3637317,05/13/2014 07:21:52 AM,05/13/2014 02:45:55 AM,05/13/2014 02:45:55 AM,Closed,DPW Ops Queue,Street and Sidewalk Cleaning,General Cleaning,Paper Spill,"3800 17TH ST, SAN FRANCISCO, CA, 94114",Castro,8.0,POINT (-122.43093872 37.76295471),Web,
3637316,05/13/2014 07:21:31 AM,05/13/2014 09:17:53 AM,05/13/2014 09:17:53 AM,Closed,Recology_Abandoned,Encampments,Encampment items,Cart Pickup,"306 GUERRERO ST, SAN FRANCISCO, CA, 94103",Mission Dolores,8.0,POINT (-122.42407807 37.76483818),Phone,
3637313,05/13/2014 07:20:13 AM,05/13/2014 09:15:37 AM,05/13/2014 09:15:37 AM,Closed,Recology_Abandoned,Street and Sidewalk Cleaning,General Cleaning,Other Loose Garbage,"3198 16TH ST, SAN FRANCISCO, CA, 94103",Mission Dolores,8.0,POINT (-122.42407807 37.76483818),Phone,
3637309,05/13/2014 07:18:41 AM,05/14/2014 03:55:19 AM,05/14/2014 03:55:19 AM,Closed,DPW Ops Queue,Graffiti,Graffiti on Pole,Pole - Not_Offensive,Intersection of 16TH ST and ALBION ST,Mission Dolores,9.0,POINT (-122.42406831 37.76472846),Phone,
3637307,05/13/2014 07:17:13 AM,05/14/2014 09:42:49 AM,05/14/2014 09:42:49 AM,Closed,DPW Ops Queue,Graffiti,Graffiti on Sidewalk_in_front_of_property,Sidewalk_in_front_of_property - Not_Offensive,"419 GUERRERO ST, SAN FRANCISCO, CA, 94110",Mission Dolores,9.0,POINT (-122.42414855 37.76395252),Phone,
3637306,05/13/2014 07:15:56 AM,05/13/2014 02:13:39 PM,05/13/2014 02:13:39 PM,Closed,SFMTA - Bicycle Sharing Queue,Abandoned Vehicle,Abandoned Vehicles,DPT Abandoned Vehicles Low,"410 15TH AVE, SAN FRANCISCO, CA, 94118",Inner Richmond,1.0,POINT (-122.47391534 37.78025637),Mobile/Open311,http://mobile311.sfgov.org/reports/3637306/photos
3637305,05/13/2014 07:15:43 AM,05/13/2014 09:12:03 AM,05/13/2014 09:12:03 AM,Closed,Recology_Abandoned,Street and Sidewalk Cleaning,General Cleaning,Other Loose Garbage,"450 GUERRERO ST, SAN FRANCISCO, CA, 94110",Mission Dolores,8.0,POINT (-122.42401034 37.76249067),Phone,
3637303,05/13/2014 07:14:19 AM,05/14/2014 09:45:35 AM,05/14/2014 09:45:35 AM,Closed,DPW Ops Queue,Graffiti,Graffiti on Sidewalk_in_front_of_property,Sidewalk_in_front_of_property - Not_Offensive,"540 GUERRERO ST, SAN FRANCISCO, CA, 94110",Mission Dolores,8.0,POINT (-122.4240799 37.76247787),Phone,
3637299,05/13/2014 07:12:55 AM,05/20/2014 08:21:50 AM,05/20/2014 08:21:50 AM,Closed,DPT Abandoned Vehicles Work Queue,Abandoned Vehicle,Abandoned Vehicle - Car4door,GRAY - HONDA - ACCORD - 5NGZ363,"175 ANDERSON ST, SAN FRANCISCO, CA, 94110",Bernal Heights,9.0,POINT (-122.41504669 37.7406044),Phone,
3637293,05/13/2014 07:10:13 AM,05/21/2014 06:29:15 AM,05/21/2014 06:29:15 AM,Closed,DPT Abandoned Vehicles Work Queue,Abandoned Vehicle,Abandoned Vehicle - PickupTruck,White - Dodge - Pickup - 8B19917,"746 HAMPSHIRE ST, SAN FRANCISCO, CA, 94110",Mission,9.0,POINT (-122.40807457 37.75998632),Phone,
3637287,05/13/2014 07:07:46 AM,05/15/2014 07:28:28 AM,05/15/2014 07:28:28 AM,Closed,DPT Abandoned Vehicles Work Queue,Abandoned Vehicle,Abandoned Vehicles,DPT Abandoned Vehicles Low,"456 PRENTISS ST, SAN FRANCISCO, CA, 94110",Bernal Heights,9.0,POINT (-122.41225605 37.73753614),Mobile/Open311,http://mobile311.sfgov.org/reports/3637287/photos
3637284,05/13/2014 07:05:55 AM,05/13/2014 10:06:34 AM,05/13/2014 10:06:34 AM,Closed,Recology_Abandoned,Street and Sidewalk Cleaning,General Cleaning,Other Loose Garbage,Intersection of BRODERICK ST and FELL ST,Panhandle,5.0,POINT (-122.439064 37.77372),Mobile/Open311,
3637274,05/13/2014 06:56:06 AM,05/20/2014 06:25:31 AM,05/20/2014 06:25:31 AM,Closed,DPT Abandoned Vehicles Work Queue,Abandoned Vehicle,Abandoned Vehicles,DPT Abandoned Vehicles Low,"19 LOIS LN, SAN FRANCISCO, CA, 94134",Little Hollywood,10.0,POINT (-122.39921565 37.71356723),Mobile/Open311,http://mobile311.sfgov.org/reports/3637274/photos
3637271,05/13/2014 06:54:22 AM,05/13/2014 11:39:34 AM,05/13/2014 11:39:34 AM,Closed,DPT - Construction Permits - G,General Request - MTA,request_for_service,construction_permit - request_for_service,Not associated with a specific address,,,POINT (0 0),Phone,
3637270,05/13/2014 06:53:47 AM,05/19/2014 07:30:24 AM,05/19/2014 07:30:24 AM,Closed,DPT Abandoned Vehicles Work Queue,Abandoned Vehicle,Abandoned Vehicle - PickupTruck,White - GMC -  Truck - 7P87173,Intersection of LOS PALMOS DR and BELLA VISTA WAY,Miraloma Park,7.0,POINT (-122.45082855 37.73446274),Web,
3637268,05/13/2014 06:51:49 AM,05/15/2014 11:39:41 AM,05/15/2014 11:39:41 AM,Closed,DPW Ops Queue,Graffiti,Graffiti on Pole,Pole - Not_Offensive,Intersection of DIVISADERO ST and EDDY ST,Western Addition,5.0,POINT (-122.43895 37.780441),Mobile/Open311,
3637267,05/13/2014 06:51:24 AM,05/13/2014 11:36:57 AM,05/13/2014 11:36:57 AM,Closed,DPT - Construction Permits - G,General Request - MTA,request_for_service,construction_permit - request_for_service,Not associated with a specific address,,,POINT (0 0),Phone,
3637265,05/13/2014 06:50:10 AM,05/19/2014 01:39:13 AM,05/19/2014 01:39:13 AM,Closed,DPW Ops Queue,Street Defects,Pavement_Defect,Pavement_Defect,Intersection of 10TH AVE and IRVING ST,Inner Sunset,7.0,POINT (-122.46738434 37.76398849),Integrated Agency,
3637264,05/13/2014 06:49:49 AM,05/14/2014 06:19:57 AM,05/14/2014 06:19:57 AM,Closed,DPW - Bureau of Street Environmental Services - G,General Request - PUBLIC WORKS,complaint,bses - complaint,"299 ARGUELLO BLVD, SAN FRANCISCO, CA, 94118",Inner Richmond,1.0,POINT (-122.45920361 37.78507313),Phone,
3637259,05/13/2014 06:45:59 AM,05/14/2014 07:51:37 AM,05/14/2014 07:51:37 AM,Closed,DPW - Bureau of Street and Sewer Repair - G,General Request - PUBLIC WORKS,customer_callback,bssr - customer_callback,Intersection of ELLIS ST and STOCKTON ST,South of Market,6.0,POINT (-122.4058324 37.78574191),Phone,
3637258,05/13/2014 06:45:44 AM,05/13/2014 11:32:04 AM,05/13/2014 11:32:04 AM,Closed,DPT - Construction Permits - G,General Request - MTA,request_for_service,construction_permit - request_for_service,Not associated with a specific address,,,POINT (0 0),Phone,
3637255,05/13/2014 06:43:19 AM,05/13/2014 11:22:09 AM,05/13/2014 11:22:09 AM,Closed,DPT - Construction Permits - G,General Request - MTA,request_for_service,construction_permit - request_for_service,Not associated with a specific address,,,POINT (0 0),Phone,
3637254,05/13/2014 06:39:39 AM,03/07/2022 05:30:29 PM,03/07/2022 05:30:29 PM,Closed,DPW BSSR Queue,General Request - PUBLIC WORKS,customer_callback,bssr - customer_callback,Intersection of CYRIL MAGNIN ST and MARKET ST,Downtown / Union Square,6.0,POINT (-122.40806835 37.78399168),Phone,
3637247,05/13/2014 06:28:09 AM,05/14/2014 02:23:12 PM,05/14/2014 02:23:12 PM,Closed,SSP - MTA Feedback Queue,MUNI Feedback,MUNI  - Services_Service_Delivery_Facilities,611_Signs_Maps_and_Auto_Announcements,Not associated with a specific address,,,POINT (0 0),Web,
3637244,05/13/2014 06:25:00 AM,05/13/2014 09:22:45 AM,05/13/2014 09:22:45 AM,Closed,Recology_Abandoned,Street and Sidewalk Cleaning,General Cleaning,Other Loose Garbage,Intersection of GUERRERO ST and 15TH ST,Mission Dolores,8.0,POINT (-122.42425537 37.76640701),Phone,
3637241,05/13/2014 06:22:59 AM,05/14/2014 02:30:48 PM,05/14/2014 02:30:48 PM,Closed,MUNI Work Queue,MUNI Feedback,MUNI - Services_Service_Delivery_Facilities,601_Delay_No_Show,Not associated with a specific address,,,POINT (0 0),Phone,
3637235,05/13/2014 06:13:59 AM,05/13/2014 06:23:09 AM,05/13/2014 06:23:09 AM,Closed,PUC Sewer Ops,Sewer Issues,Sewage_back_up,Outofsewervent4inch,"173 GRANVILLE WAY, SAN FRANCISCO, CA, 94127",Laguna Honda,7.0,POINT (-122.46189441 37.74202493),Phone,
3637230,05/13/2014 06:06:59 AM,05/13/2014 12:03:23 PM,05/13/2014 12:03:23 PM,Closed,Recology_Abandoned,Street and Sidewalk Cleaning,Bulky Items,Furniture,Intersection of 40TH AVE and IRVING ST,Outer Sunset,4.0,POINT (-122.4996266 37.76256708),Phone,
3637228,05/13/2014 06:05:31 AM,05/13/2014 01:52:19 PM,05/13/2014 01:52:19 PM,Closed,DPT Abandoned Vehicles Work Queue,Abandoned Vehicle,Abandoned Vehicle - Other,white/blac - Yamaha - scooter - 2oh7290,"1345 20TH ST, SAN FRANCISCO, CA, 94107",Potrero Hill,10.0,POINT (-122.39505005 37.75997925),Web,
3637223,05/13/2014 06:01:54 AM,05/13/2014 12:59:29 PM,05/13/2014 12:59:29 PM,Closed,DPW Ops Queue,Tree Maintenance,Trees - Damaged_Tree,Fallen_tree,"1580 BURKE AVE, SAN FRANCISCO, CA, 94124",India Basin,10.0,POINT (-122.38581085 37.7444725),Web,
3637222,05/13/2014 05:56:01 AM,05/13/2014 08:41:31 AM,05/13/2014 08:41:31 AM,Closed,Recology_Abandoned,Street and Sidewalk Cleaning,General Cleaning,Other Loose Garbage,Intersection of CHATTANOOGA ST and 24TH ST,Dolores Heights,8.0,POINT (-122.42633057 37.75177002),Web,
3637221,05/13/2014 05:53:55 AM,05/13/2014 10:09:10 AM,05/13/2014 10:09:10 AM,Closed,Recology_Abandoned,Street and Sidewalk Cleaning,Bulky Items,Furniture,"4031 MISSION ST, SAN FRANCISCO, CA, 94112",St. Mary's Park,9.0,POINT (-122.42681885 37.73301315),Web,
3637220,05/13/2014 05:52:52 AM,05/13/2014 08:24:36 AM,05/13/2014 08:24:36 AM,Closed,Recology_Abandoned,Street and Sidewalk Cleaning,General Cleaning,Other Loose Garbage,Intersection of 26TH ST and OSAGE ALY,Mission,9.0,POINT (-122.4187088 37.74900818),Web,
3637218,05/13/2014 05:51:21 AM,05/13/2014 10:01:23 AM,05/13/2014 10:01:23 AM,Closed,Recology_Abandoned,Street and Sidewalk Cleaning,Bulky Items,Furniture,Intersection of APPLETON AVE and MISSION ST,Holly Park,9.0,POINT (-122.4239502 37.73884201),Web,
3637217,05/13/2014 05:50:09 AM,05/13/2014 10:10:51 AM,05/13/2014 10:10:51 AM,Closed,Recology_Abandoned,Street and Sidewalk Cleaning,Bulky Items,Mattress,"15 BOSWORTH ST, SAN FRANCISCO, CA, 94112",St. Mary's Park,8.0,POINT (-122.4265976 37.73360062),Web,
3637214,05/13/2014 05:36:35 AM,05/13/2014 06:11:11 AM,05/13/2014 06:11:11 AM,Closed,PUC - Water - G,General Request - PUC,request_for_service,water - request_for_service,Intersection of 16TH ST and 3RD ST,Mission Bay,6.0,POINT (-122.41848828 37.77482644),Phone,
3637206,05/13/2014 05:17:46 AM,05/14/2014 12:43:46 PM,05/14/2014 12:43:46 PM,Closed,MUNI Work Queue,MUNI Feedback,MUNI - Services_Service_Delivery_Facilities,601_Delay_No_Show,Intersection of JUDAH ST and LA PLAYA,Outer Sunset,4.0,POINT (-122.50938416 37.76027298),Phone,
3637198,05/13/2014 04:27:35 AM,05/13/2014 09:00:00 AM,05/13/2014 09:00:00 AM,Closed,DPW Ops Queue,Graffiti,Graffiti on Pole,Pole - Offensive,"799 VAN NESS AVE, SAN FRANCISCO, CA, 94102",Cathedral Hill,5.0,POINT (-122.42099762 37.78261185),Phone,
3637197,05/13/2014 04:01:53 AM,09/10/2014 12:06:19 PM,09/10/2014 12:06:19 PM,Closed,DPT SignShop Surveyed - Area 1 Queue,General Request - MTA,other,sign_shop - other,Intersection of VAN NESS AVE and MYRTLE ST,Cathedral Hill,5.0,POINT (-122.42136383 37.78521347),Integrated Agency,
3637186,05/13/2014 02:19:31 AM,05/16/2014 08:52:28 AM,05/16/2014 08:52:28 AM,Closed,RPD Natural Areas Queue,Rec and Park Requests,Park - Structural_Maintenance,Graffiti,"Bernal Heights Park, , SAN FRANCISCO, CA, 94110",Bernal Heights,9.0,POINT (-122.41425222 37.74312992),Twitter,
3637179,05/13/2014 02:02:51 AM,05/13/2014 03:04:00 AM,05/13/2014 03:04:00 AM,Closed,DPW Ops Queue,Street and Sidewalk Cleaning,Hazardous Materials,Liquids - Oil/Paint/Other,Intersection of ALDER ST and ANKENY ST,Visitacion Valley,10.0,POINT (-122.404833 37.719223),Mobile/Open311,http://mobile311.sfgov.org/reports/3637179/photos
3637177,05/13/2014 02:01:55 AM,05/13/2014 11:44:45 AM,05/13/2014 11:44:45 AM,Closed,Recology_Abandoned,Street and Sidewalk Cleaning,Bulky Items,Refrigerator,"425 MINNA ST, SAN FRANCISCO, CA, 94103",South of Market,6.0,POINT (-122.40632629 37.78201675),Integrated Agency,
3637176,05/13/2014 02:00:41 AM,08/21/2014 05:29:49 PM,08/21/2014 05:29:49 PM,Closed,Housing Authority SR Queue,SFHA Requests,Steam Fitter,Steam Fitter - Emergency,"155 DAKOTA ST, SAN FRANCISCO, CA, 94107",Potrero Hill,10.0,POINT (-122.39600372 37.75379944),Phone,
3637174,05/13/2014 01:57:36 AM,05/13/2014 11:15:00 AM,05/13/2014 11:15:00 AM,Closed,DPW Ops Queue,Street and Sidewalk Cleaning,General Cleaning,Other Loose Garbage,"375 ORDWAY ST, SAN FRANCISCO, CA, 94134",Visitacion Valley,10.0,POINT (-122.404767 37.719332),Mobile/Open311,http://mobile311.sfgov.org/reports/3637174/photos
3637173,05/13/2014 01:51:18 AM,05/13/2014 02:35:04 AM,05/13/2014 02:35:04 AM,Closed,DPW Ops Queue,Street and Sidewalk Cleaning,General Cleaning,Other Loose Garbage,"256 5TH AVE, SAN FRANCISCO, CA, 94118",Inner Richmond,1.0,POINT (-122.46333666 37.78377924),Phone,
3637170,05/13/2014 01:49:08 AM,05/21/2014 01:13:11 PM,05/21/2014 01:13:11 PM,Closed,DPT Meter_Bike Queue,Damaged Property,Damaged Parking_Meter,Parking_Meter,"99 SOUTH VAN NESS AVE, SAN FRANCISCO, CA, 94103",South of Market,6.0,POINT (-122.41827598 37.77223406),Phone,
3637162,05/13/2014 01:17:56 AM,05/15/2014 08:38:03 AM,05/15/2014 08:38:03 AM,Closed,PG and E - Streetlights Queue,Streetlights,Streetlight - Light_Burnt_Out,Light_Burnt_Out on Wooden Pole,Intersection of ATHENS ST and ITALY AVE,Excelsior,11.0,POINT (-122.43312836 37.71542358),Phone,
3637159,05/13/2014 01:17:03 AM,06/02/2020 02:01:24 PM,06/02/2020 02:01:24 PM,Closed,DPW Ops Queue,Litter Receptacles,Litter_Receptacle_Request_New_Removal,,Intersection of EDDY ST and TAYLOR ST,Tenderloin,5.0,POINT (-122.41095179 37.78414001),Integrated Agency,
3637146,05/13/2014 12:47:02 AM,05/14/2014 12:35:29 PM,05/14/2014 12:35:29 PM,Closed,MUNI Work Queue,MUNI Feedback,MUNI - Conduct_Inattentiveness_Negligence,201_Pass_Up_Did_Not_Wait_for_Transferee,Intersection of 4TH ST and KING ST,Mission Bay,6.0,POINT (-122.39409637 37.77638245),Phone,
3637143,05/13/2014 12:44:08 AM,05/13/2014 09:56:20 AM,05/13/2014 09:56:20 AM,Closed,311 Supervisor Queue,Blocked Street or SideWalk,Blocked_Sidewalk,Residential_totter blocking sidewalk,"156 LEDYARD ST, SAN FRANCISCO, CA, 94124",Silver Terrace,10.0,POINT (-122.40079992 37.73191078),Mobile/Open311,http://mobile311.sfgov.org/reports/3637143/photos
3637142,05/13/2014 12:42:32 AM,05/16/2014 09:52:01 AM,05/16/2014 09:52:01 AM,Closed,DPT Abandoned Vehicles Work Queue,Abandoned Vehicle,Abandoned Vehicle - Car4door,Black - Audi - S4 - N720787,"1478 MASONIC AVE, SAN FRANCISCO, CA, 94117",Buena Vista,8.0,POINT (-122.44447327 37.76670837),Web,
3637141,05/13/2014 12:42:31 AM,05/14/2014 03:08:44 PM,05/14/2014 03:08:44 PM,Closed,PUC - Other - G,General Request - PUC,request_for_service,puco - request_for_service,"150 CAMBRIDGE ST, SAN FRANCISCO, CA, 94134",University Mound,11.0,POINT (-122.41949363 37.73003517),Phone,
3637140,05/13/2014 12:42:29 AM,05/27/2014 08:28:48 AM,05/27/2014 08:28:48 AM,Closed,MUNI Work Queue,MUNI Feedback,MUNI - Conduct_Discourteous_Insensitive_Inappropriate_Conduct,301_Discourtesy_to_Customer,Intersection of 4TH ST and KING ST,Mission Bay,6.0,POINT (-122.39409637 37.77638245),Phone,
3637138,05/13/2014 12:39:55 AM,05/16/2014 09:49:18 AM,05/16/2014 09:49:18 AM,Closed,DPT Abandoned Vehicles Work Queue,Abandoned Vehicle,Abandoned Vehicle - Car4door,black - Audi - A4 wagon - 5LRZ718,"1482 MASONIC AVE, SAN FRANCISCO, CA, 94117",Buena Vista,8.0,POINT (-122.44445801 37.76661682),Web,
3637126,05/12/2014 11:52:08 PM,05/14/2014 12:31:27 PM,05/14/2014 12:31:27 PM,Closed,SSP - MTA Feedback Queue,MUNI Feedback,MUNI  -,,Not associated with a specific address,,,POINT (0 0),Web,
3637109,05/12/2014 11:24:48 PM,05/13/2014 01:58:25 PM,05/13/2014 01:58:25 PM,Closed,311 Service Request Queue,Tree Maintenance,Trees - Overgrown_Tree,Overgrown_Tree,Intersection of 18TH ST and I-280 S OFF RAMP,Potrero Hill,10.0,POINT (-122.3929143 37.76290451),Mobile/Open311,http://mobile311.sfgov.org/reports/3637109/photos
3637105,05/12/2014 11:20:34 PM,05/15/2014 08:45:35 AM,05/15/2014 08:45:35 AM,Closed,PG and E - Streetlights Queue,Streetlights,Streetlight - Light_Burnt_Out,Light_Burnt_Out on Wooden Pole,Not associated with a specific address,,,POINT (0 0),Web,
3637052,05/12/2014 10:14:20 PM,05/14/2014 01:30:25 AM,05/14/2014 01:30:25 AM,Closed,DPW Ops Queue,Illegal Postings,Illegal Posting - Affixed_Improperly,Affixed_Improperly,Intersection of ASHBURY ST and HAIGHT ST,Haight Ashbury,5.0,POINT (-122.44692993 37.77000809),Web,
3637048,05/12/2014 10:12:23 PM,06/12/2014 11:00:05 AM,06/12/2014 11:00:05 AM,Closed,DPW Ops Queue,Graffiti,Graffiti on Sidewalk_structure,Sidewalk_structure - Offensive,Intersection of EMERSON ST and GEARY BLVD,Laurel Heights / Jordan Park,2.0,POINT (-122.44806671 37.78248215),Web,
3637046,05/12/2014 10:11:46 PM,05/12/2014 11:01:00 AM,05/12/2014 11:01:00 AM,Closed,DPW Ops Queue,Graffiti,Graffiti on Sidewalk_structure,Sidewalk_structure - Offensive,Intersection of GEARY BLVD and MASONIC AVE,Lone Mountain,2.0,POINT (-122.44730377 37.78239059),Web,
3637041,05/12/2014 10:10:38 PM,05/13/2014 09:09:08 AM,05/13/2014 09:09:08 AM,Closed,311 Supervisor Queue,Blocked Street or SideWalk,Blocked_Sidewalk,Display_merchandise blocking sidewalk,"455 HOFFMAN AVE, SAN FRANCISCO, CA, 94114",Upper Market,8.0,POINT (-122.44045542 37.74999113),Mobile/Open311,
3637039,05/12/2014 10:09:32 PM,05/14/2014 03:59:45 AM,05/14/2014 03:59:45 AM,Closed,DPW Ops Queue,Graffiti,Graffiti on Pole,Pole - Offensive,Intersection of POST ST and PRESIDIO AVE,Laurel Heights / Jordan Park,5.0,POINT (-122.44602966 37.7835083),Web,
3637038,05/12/2014 10:08:49 PM,06/27/2014 11:55:48 AM,06/27/2014 11:55:48 AM,Closed,DPT SignShop Surveyed - Area 1 Queue,Graffiti,Graffiti on Pole,Pole - Offensive,Intersection of POST ST and PRESIDIO AVE,Laurel Heights / Jordan Park,5.0,POINT (-122.44602966 37.7835083),Web,
3637025,05/12/2014 09:57:46 PM,04/17/2015 10:06:13 PM,04/17/2015 10:06:13 PM,Closed,311 Service Request Queue - Hold,311 External Request,Graffiti,Graffiti - CalTrans,Not associated with a specific address,,,POINT (0 0),Phone,
3637024,05/12/2014 09:57:11 PM,05/13/2014 08:59:24 AM,05/13/2014 08:59:24 AM,Closed,PUC Streetlights Queue,Streetlights,Streetlight - Pullbox_Wires_Exposed,Pullbox,Intersection of 26TH AVE and BALBOA ST,Outer Richmond,1.0,POINT (-122.48553467 37.77625275),Mobile/Open311,
3637023,05/12/2014 09:57:02 PM,05/14/2014 04:08:35 PM,05/14/2014 04:08:35 PM,Closed,PUC Streetlights Queue,Streetlights,Streetlight - Pullbox_Wires_Exposed,2014/05/13  -  Pullbox  -  will ask CCSF crew to verify which side of I/S & ownership !,Intersection of 26TH AVE and BALBOA ST,Outer Richmond,1.0,POINT (-122.48553467 37.77625275),Mobile/Open311,
3637009,05/12/2014 09:50:57 PM,05/14/2014 02:19:00 PM,05/14/2014 02:19:00 PM,Closed,SSP - MTA Feedback Queue,MUNI Feedback,MUNI  -,,Not associated with a specific address,,,POINT (0 0),Web,
3636993,05/12/2014 09:35:16 PM,05/13/2014 06:06:29 AM,05/13/2014 06:06:29 AM,Closed,PUC Sewer Ops,Sewer Issues,Sewage_back_up,Outofsewervent4inch,"631 COLE ST, SAN FRANCISCO, CA, 94117",Haight Ashbury,5.0,POINT (-122.45071921 37.76922116),Phone,
3636990,05/12/2014 09:34:22 PM,10/20/2014 12:00:00 PM,10/20/2014 12:00:00 PM,Closed,DPW BSM Queue,Sidewalk or Curb,Damaged_Side_Sewer_Vent_Cover,Damaged_Side_Sewer_Vent_Cover,"631 COLE ST, SAN FRANCISCO, CA, 94117",Haight Ashbury,5.0,POINT (-122.45075226 37.7690506),Web,
3636987,05/12/2014 09:32:55 PM,03/07/2022 05:30:29 PM,03/07/2022 05:30:29 PM,Closed,DPW BSSR Queue,Street Defects,Pavement_Defect,Pavement_Defect,Intersection of CROSSOVER DR and MARTIN LUTHER KING JR DR,Golden Gate Park,4.0,POINT (-122.47736359 37.76606369),Phone,
3636982,05/12/2014 09:30:36 PM,05/16/2014 09:34:59 AM,05/16/2014 09:34:59 AM,Closed,PG and E - Streetlights Queue,Streetlights,Streetlight - Light_Burnt_Out,Light_Burnt_Out on Metal Pole,Intersection of HOLLOWAY AVE and HEAD ST,Ingleside,11.0,POINT (-122.46448517 37.72167969),Phone,
3636964,05/12/2014 09:22:22 PM,05/17/2014 02:59:23 PM,05/17/2014 02:59:23 PM,Closed,SFMTA - Temporary Sign Request Printing Queue,Temporary Sign Request,Temporary Sign Request for Moving_residential_property,40 ft zone requested from 05/21/2014 to 05/21/2014,Intersection of STEVENSON ST and ECKER ST,Financial District,6.0,POINT (-122.39935303 37.7899704),Phone,
3636956,05/12/2014 09:20:18 PM,05/13/2014 02:58:27 AM,05/13/2014 02:58:27 AM,Closed,DPW Ops Queue,Tree Maintenance,Trees - Damaged_Tree,Other_enter_additional_details_below,"3236 24TH ST, SAN FRANCISCO, CA, 94110",Mission,9.0,POINT (-122.41707481 37.75237688),Phone,
3636937,05/12/2014 09:12:44 PM,05/15/2014 08:30:07 AM,05/15/2014 08:30:07 AM,Closed,PG and E - Streetlights Queue,Streetlights,Streetlight - Light_Burnt_Out,Light_Burnt_Out on Metal Pole,Intersection of VALLEJO ST and POLK ST,Polk Gulch,3.0,POINT (-122.42195892 37.7969017),Phone,
3636930,05/12/2014 09:09:20 PM,05/14/2014 02:15:24 PM,05/14/2014 02:15:24 PM,Closed,MUNI Work Queue,MUNI Feedback,MUNI - Services_Service_Delivery_Facilities,608_Station_Stop_Appearance_Maintenance,"85 CORTLAND AVE, SAN FRANCISCO, CA, 94110",Bernal Heights,9.0,POINT (-122.42114258 37.740448),Phone,
3636929,05/12/2014 09:09:02 PM,05/20/2014 08:27:34 AM,05/20/2014 08:27:34 AM,Closed,DPT Abandoned Vehicles Work Queue,Abandoned Vehicle,Abandoned Vehicle - Car4door,black - Mercedes -  - 5AZL345,Intersection of POWHATTAN AVE and NEVADA ST,Bernal Heights,9.0,POINT (-122.41119385 37.74139404),Web,
3636928,05/12/2014 09:08:05 PM,05/15/2014 03:47:10 PM,05/15/2014 03:47:10 PM,Closed,PUC Streetlights Queue,Streetlights,Streetlight - Light_Flickering_On_Off,Light_Flickering_On_Off on Concrete Pole,"930 IRVING ST, SAN FRANCISCO, CA, 94122",Inner Sunset,7.0,POINT (-122.46800995 37.76411819),Mobile/Open311,
3636927,05/12/2014 09:07:51 PM,05/21/2014 11:07:38 AM,05/21/2014 11:07:38 AM,Closed,DPT Meter_Bike Queue,Graffiti,Graffiti on Bike_rack,Bike_rack - Offensive,"1342 MINNA ST, SAN FRANCISCO, CA, 94103",Mission,9.0,POINT (-122.41922569 37.76754241),Mobile/Open311,
3636914,05/12/2014 09:02:51 PM,05/14/2014 12:00:00 PM,05/14/2014 12:00:00 PM,Closed,Environment - G,General Request - ENVIRONMENT,request_for_service,environment - request_for_service,Intersection of STOCKTON ST and CHESTNUT ST,North Beach,3.0,POINT (-122.40993706 37.80416762),Phone,
3636909,05/12/2014 09:01:25 PM,05/15/2014 08:02:21 AM,05/15/2014 08:02:21 AM,Closed,PG and E - Streetlights Queue,Streetlights,Streetlight - Light_Flickering_On_Off,Light_Flickering_On_Off on Wooden Pole,"1081 KANSAS ST, SAN FRANCISCO, CA, 94107",Potrero Hill,10.0,POINT (-122.40251923 37.75599289),Phone,
3636904,05/12/2014 08:58:46 PM,05/13/2014 08:57:17 AM,05/13/2014 08:57:17 AM,Closed,PG and E - Streetlights Queue,Streetlights,Streetlight - Light_Burnt_Out,Light_Burnt_Out on Wooden Pole,"1201 JAMESTOWN AVE, SAN FRANCISCO, CA, 94124",Bret Harte,10.0,POINT (-122.39752197 37.72054672),Phone,
3636903,05/12/2014 08:58:41 PM,06/12/2014 02:12:11 PM,06/12/2014 02:12:11 PM,Closed,DPT SignShop Surveyed - Area 2 Queue,General Request - MTA,request_for_service,sign_shop - request_for_service,Not associated with a specific address,,,POINT (-122.41848828 37.77482644),Phone,
3636901,05/12/2014 08:56:44 PM,05/15/2014 06:20:40 AM,05/15/2014 06:20:40 AM,Closed,DPT Abandoned Vehicles Work Queue,Abandoned Vehicle,Abandoned Vehicle - Other,dark grey - BMW - station wagon - 7EGX715,"530 CLIPPER ST, SAN FRANCISCO, CA, 94114",Noe Valley,8.0,POINT (-122.43678031 37.74877209),Phone,
3636898,05/12/2014 08:54:50 PM,05/14/2014 11:59:30 AM,05/14/2014 11:59:30 AM,Closed,DPH - Environmental Health - G,General Request - DPH,complaint,environmental_health - complaint,Intersection of STOCKTON ST and PFEIFFER ST,North Beach,3.0,POINT (-122.41003212 37.80463305),Phone,
3636896,05/12/2014 08:53:23 PM,05/14/2014 07:17:24 AM,05/14/2014 07:17:24 AM,Closed,DPW BSSR Queue,Street Defects,Pavement_Defect,Pavement_Defect,Intersection of 19TH AVE and TARAVAL ST,Parkside,7.0,POINT (-122.47564425 37.74305055),Phone,
3636893,05/12/2014 08:52:09 PM,05/12/2014 09:40:31 PM,05/12/2014 09:40:31 PM,Closed,PUC - Water - G,General Request - PUC,request_for_service,water - request_for_service,Intersection of POWELL ST and MARKET ST,South of Market,6.0,POINT (-122.40733877 37.78455836),Phone,
3636891,05/12/2014 08:50:57 PM,05/12/2014 08:57:18 PM,05/12/2014 08:57:18 PM,Closed,PUC - Water - G,General Request - PUC,request_for_service,water - request_for_service,"1650 3RD ST, SAN FRANCISCO, CA, 94107",,,POINT (-122.3894025 37.7683383),Phone,
3636887,05/12/2014 08:48:46 PM,05/13/2014 11:13:10 AM,05/13/2014 11:13:10 AM,Closed,Recology_Abandoned,Street and Sidewalk Cleaning,Bulky Items,Furniture,Intersection of 18TH AVE and BALBOA ST,Inner Richmond,1.0,POINT (-122.47707465 37.77655694),Mobile/Open311,http://mobile311.sfgov.org/reports/3636887/photos
3636886,05/12/2014 08:48:34 PM,05/13/2014 02:00:00 AM,05/13/2014 02:00:00 AM,Closed,DPW Ops Queue,Street Defects,Pavement_Defect,Pavement_Defect,Intersection of 20TH AVE and JUDAH ST,Outer Sunset,4.0,POINT (-122.47806275 37.76165087),Phone,
3636885,05/12/2014 08:48:18 PM,05/13/2014 08:52:28 AM,05/13/2014 08:52:28 AM,Closed,Recology_Abandoned,Street and Sidewalk Cleaning,Bulky Items,Furniture,"1505 GOUGH ST, SAN FRANCISCO, CA, 94109",Cathedral Hill,2.0,POINT (-122.42516332 37.78735344),Phone,
3636882,05/12/2014 08:45:06 PM,05/12/2014 09:37:51 PM,05/12/2014 09:37:51 PM,Closed,PUC - Water - G,General Request - PUC,request_for_service,water - request_for_service,Intersection of ASHBURY ST and WALLER ST,Haight Ashbury,5.0,POINT (-122.4467462 37.76907258),Phone,
3636877,05/12/2014 08:41:30 PM,11/09/2016 01:13:08 AM,11/09/2016 01:13:08 AM,Closed,DPW - Bureau of Street Use and Mapping - G,General Request - PUBLIC WORKS,complaint,bsm - complaint,"29 OTTAWA AVE, SAN FRANCISCO, CA, 94112",Outer Mission,11.0,POINT (-122.44445976 37.71411645),Phone,
3636875,05/12/2014 08:40:30 PM,06/24/2014 11:20:31 AM,06/24/2014 11:20:31 AM,Closed,DPT SignShop Survey Tech - Houston Forrester Queue,Sign Repair,Sign - Missing,Other - Missing; support - OK,Intersection of CESAR CHAVEZ ST and SHOTWELL ST,Bernal Heights,9.0,POINT (-122.41497795 37.74824909),Mobile/Open311,
3636873,05/12/2014 08:38:05 PM,05/14/2014 02:16:17 PM,05/14/2014 02:16:17 PM,Closed,MUNI Work Queue,MUNI Feedback,MUNI - Services_Service_Delivery_Facilities,608_Station_Stop_Appearance_Maintenance,Not associated with a specific address,,,POINT (0 0),Phone,
3636871,05/12/2014 08:37:20 PM,05/14/2014 07:20:17 AM,05/14/2014 07:20:17 AM,Closed,DPT Abandoned Vehicles Work Queue,Abandoned Vehicle,Abandoned Vehicle - Car4door,grey - Toyota  - Corolla - 6ZOH875,"118 MANCHESTER ST, SAN FRANCISCO, CA, 94110",Bernal Heights,9.0,POINT (-122.41422531 37.74490487),Phone,
3636869,05/12/2014 08:36:51 PM,05/14/2014 08:32:18 AM,05/14/2014 08:32:18 AM,Closed,SFMTA - Parking Enforcement - G,General Request - MTA,complaint,parking_enforcement - complaint,Not associated with a specific address,,,POINT (0 0),Web,
3636865,05/12/2014 08:35:20 PM,05/15/2014 07:26:56 AM,05/15/2014 07:26:56 AM,Closed,DPT Abandoned Vehicles Work Queue,Abandoned Vehicle,Abandoned Vehicle - Car2door,green - Toyota - Rav4 - 5VLT556,"111 MANCHESTER ST, SAN FRANCISCO, CA, 94110",Bernal Heights,9.0,POINT (-122.41409243 37.74498394),Phone,
3636864,05/12/2014 08:34:53 PM,05/14/2014 07:29:32 AM,05/14/2014 07:29:32 AM,Closed,DPT Abandoned Vehicles Work Queue,Abandoned Vehicle,Abandoned Vehicle - SUV,Silver - Toyota - Highlander Sport - 6BIK041,"230 EDNA ST, SAN FRANCISCO, CA, 94112",Sunnyside,7.0,POINT (-122.44649356 37.72853185),Phone,
3636857,05/12/2014 08:33:05 PM,03/07/2022 05:30:29 PM,03/07/2022 05:30:29 PM,Closed,DPW BSSR Queue,Street Defects,Pavement_Defect,Pavement_Defect,"5070 DIAMOND HEIGHTS BLVD, SAN FRANCISCO, CA, 94131",Diamond Heights,8.0,POINT (-122.44330773 37.74666438),Mobile/Open311,
3636855,05/12/2014 08:32:11 PM,05/19/2014 07:35:06 AM,05/19/2014 07:35:06 AM,Closed,DPT Abandoned Vehicles Work Queue,Abandoned Vehicle,Abandoned Vehicle - PickupTruck,cream/tan - Toyota - Tacoma - 8N80850,"2627 ALEMANY BLVD, SAN FRANCISCO, CA, 94112",Outer Mission,11.0,POINT (-122.44765726 37.71434106),Phone,
3636842,05/12/2014 08:20:46 PM,05/13/2014 02:50:21 AM,05/13/2014 02:50:21 AM,Closed,DPW Ops Queue,Street and Sidewalk Cleaning,General Cleaning,Other Loose Garbage,Intersection of HARVARD ST and PIOCHE ST,University Mound,11.0,POINT (-122.42135795 37.72830168),Phone,
3636839,05/12/2014 08:19:15 PM,05/15/2014 02:15:05 PM,05/15/2014 02:15:05 PM,Closed,DPH - Other - G,General Request - DPH,customer_callback,dph_other - customer_callback,Not associated with a specific address,,,POINT (0 0),Phone,
3636826,05/12/2014 08:12:26 PM,05/14/2014 02:10:53 PM,05/14/2014 02:10:53 PM,Closed,SSP - MTA Feedback Queue,MUNI Feedback,MUNI  - Conduct_Inattentiveness_Negligence,201_Pass_Up_Did_Not_Wait_for_Transferee,Not associated with a specific address,,,POINT (0 0),Web,
3636819,05/12/2014 08:06:15 PM,05/13/2014 08:40:38 AM,05/13/2014 08:40:38 AM,Closed,DPW Ops Queue,Street and Sidewalk Cleaning,Medical Waste,Needles,"786 MINNA ST, SAN FRANCISCO, CA, 94103",South of Market,6.0,POINT (-122.413869 37.776166),Mobile/Open311,http://mobile311.sfgov.org/reports/3636819/photos
3636818,05/12/2014 08:05:54 PM,05/13/2014 09:15:06 AM,05/13/2014 09:15:06 AM,Closed,Recology_Abandoned,Street and Sidewalk Cleaning,Bulky Items,Furniture,"691 POST ST, SAN FRANCISCO, CA, 94109",Lower Nob Hill,3.0,POINT (-122.41314615 37.78763419),Phone,
3636815,05/12/2014 08:04:42 PM,05/19/2014 07:41:39 AM,05/19/2014 07:41:39 AM,Closed,DPT Abandoned Vehicles Work Queue,Abandoned Vehicle,Abandoned Vehicle - Other,WHITE -  -  - 00234E1,"1319 31ST AVE, SAN FRANCISCO, CA, 94122",Outer Sunset,4.0,POINT (-122.49002592 37.7626142),Phone,
3636814,05/12/2014 08:04:36 PM,03/02/2015 07:56:36 PM,03/02/2015 07:56:36 PM,Closed,RPD Park Service Area 1 Queue,Rec and Park Requests,Park - Neighborhood_Services_Area,Irrigation,"Park Presidio Blvd, , SAN FRANCISCO, CA, 94118",Inner Richmond,1.0,POINT (-122.47228692 37.78012201),Phone,
3636800,05/12/2014 07:59:52 PM,05/13/2014 10:45:00 AM,05/13/2014 10:45:00 AM,Closed,DPW Ops Queue,Street and Sidewalk Cleaning,General Cleaning,Other Loose Garbage,"801 PLYMOUTH AVE, SAN FRANCISCO, CA, 94112",Oceanview,11.0,POINT (-122.45616376 37.7174992),Phone,
3636796,05/12/2014 07:58:43 PM,05/12/2014 09:22:35 PM,05/12/2014 09:22:35 PM,Closed,311 Supervisor Queue,Graffiti,Graffiti on Other_enter_additional_details_below,Other_enter_additional_details_below - Offensive,"899 CAPP ST, SAN FRANCISCO, CA, 94110",Mission,9.0,POINT (-122.41708474 37.75238846),Mobile/Open311,
3636795,05/12/2014 07:57:57 PM,05/12/2014 09:01:00 PM,05/12/2014 09:01:00 PM,Closed,311 Supervisor Queue,Graffiti,Graffiti on Mail_box,Mail_box - Offensive,Intersection of 22ND ST and CAPP ST,Mission,9.0,POINT (-122.41760832 37.75555555),Mobile/Open311,
3636794,05/12/2014 07:57:27 PM,05/13/2014 08:13:39 AM,05/13/2014 08:13:39 AM,Closed,Recology_Abandoned,Street and Sidewalk Cleaning,Bulky Items,Mattress,"685 CAPP ST, SAN FRANCISCO, CA, 94110",Mission,9.0,POINT (-122.41757359 37.75570952),Mobile/Open311,
3636793,05/12/2014 07:56:25 PM,05/22/2014 12:47:27 PM,05/22/2014 12:47:27 PM,Closed,DPW Ops Queue,Graffiti,Graffiti on Building_residential,Building_residential - Offensive,Intersection of 23RD ST and CAPP ST,Mission,9.0,POINT (-122.4174398 37.75398634),Mobile/Open311,
3636789,05/12/2014 07:53:36 PM,09/24/2016 05:12:20 AM,09/24/2016 05:12:20 AM,Closed,DPW BSM Queue,Blocked Street or SideWalk,Blocked_Sidewalk,Cafe_table_and_chairs blocking sidewalk,"199 GOUGH ST, SAN FRANCISCO, CA, 94102",Lower Haight,5.0,POINT (-122.42298081 37.77496114),Mobile/Open311,http://mobile311.sfgov.org/reports/3636789/photos
3636785,05/12/2014 07:47:48 PM,05/14/2014 02:13:12 PM,05/14/2014 02:13:12 PM,Closed,SSP - MTA Feedback Queue,MUNI Feedback,MUNI  - Conduct_Unsafe_Operation,108_General_Careless_Operation,Not associated with a specific address,,,POINT (0 0),Web,
3636783,05/12/2014 07:45:01 PM,05/13/2014 06:34:01 AM,05/13/2014 06:34:01 AM,Closed,DBI Housing Inspection Queue,Residential Building Request,Building - Paint_Lead_Violating_Safe_Practices,Paint_Lead_Violating_Safe_Practices,"1034 DIVISADERO ST, SAN FRANCISCO, CA, 94115",Western Addition,5.0,POINT (-122.43847656 37.77927017),Web,
3636782,05/12/2014 07:44:40 PM,05/12/2014 10:38:38 PM,05/12/2014 10:38:38 PM,Closed,PUC - Water - G,General Request - PUC,request_for_service,water - request_for_service,"675 FULTON ST, SAN FRANCISCO, CA, 94102",Hayes Valley,5.0,POINT (-122.42785525 37.77811827),Phone,
3636780,05/12/2014 07:43:53 PM,05/16/2014 12:00:00 PM,05/16/2014 12:00:00 PM,Closed,DPW BSM Queue,Sidewalk or Curb,Missing_Side_Sewer_Vent_Cover,Missing_Side_Sewer_Vent_Cover,"1018 MISSION ST, SAN FRANCISCO, CA, 94103",South of Market,6.0,POINT (-122.40933588 37.78054937),Mobile/Open311,http://mobile311.sfgov.org/reports/3636780/photos
3636778,05/12/2014 07:43:00 PM,05/30/2014 01:34:30 AM,05/30/2014 01:34:30 AM,Closed,DPW Ops Queue,Tree Maintenance,Trees - Damaged_Tree,damaged_vandalism,"140 GAMBIER ST, SAN FRANCISCO, CA, 94134",University Mound,9.0,POINT (-122.4222844 37.72745124),Mobile/Open311,http://mobile311.sfgov.org/reports/3636778/photos
3636774,05/12/2014 07:40:25 PM,05/12/2014 08:53:21 PM,05/12/2014 08:53:21 PM,Closed,311 Supervisor Queue,Graffiti,Graffiti on Fire_hydrant,Fire_hydrant - Offensive,"900 MARKET ST, SAN FRANCISCO, CA, 94102",Downtown / Union Square,3.0,POINT (-122.407844 37.784223),Mobile/Open311,http://mobile311.sfgov.org/reports/3636774/photos
3636773,05/12/2014 07:40:18 PM,05/12/2014 08:54:17 PM,05/12/2014 08:54:17 PM,Closed,311 Supervisor Queue,Graffiti,Graffiti on Fire_hydrant,Fire_hydrant - Offensive,"900 MARKET ST, SAN FRANCISCO, CA, 94102",Downtown / Union Square,3.0,POINT (-122.407844 37.784223),Mobile/Open311,http://mobile311.sfgov.org/reports/3636773/photos
3636768,05/12/2014 07:39:12 PM,05/12/2014 07:55:11 PM,05/12/2014 07:55:11 PM,Closed,311 Supervisor Queue,Graffiti,Graffiti on Mail_box,Mail_box - Offensive,"900 MARKET ST, SAN FRANCISCO, CA, 94102",Downtown / Union Square,3.0,POINT (-122.407993 37.784403),Mobile/Open311,http://mobile311.sfgov.org/reports/3636768/photos
3636767,05/12/2014 07:39:05 PM,05/12/2014 07:54:43 PM,05/12/2014 07:54:43 PM,Closed,311 Supervisor Queue,Graffiti,Graffiti on Mail_box,Mail_box - Offensive,"900 MARKET ST, SAN FRANCISCO, CA, 94102",Downtown / Union Square,3.0,POINT (-122.407905 37.784427),Mobile/Open311,http://mobile311.sfgov.org/reports/3636767/photos
3636766,05/12/2014 07:38:33 PM,05/13/2014 09:33:53 AM,05/13/2014 09:33:53 AM,Closed,Recology_Abandoned,Encampments,Encampment items,Cart Pickup,"957 JONES ST, SAN FRANCISCO, CA, 94109",Lower Nob Hill,3.0,POINT (-122.41390413 37.79005016),Phone,
3636757,05/12/2014 07:34:11 PM,05/13/2014 11:13:48 AM,05/13/2014 11:13:48 AM,Closed,Recology_Abandoned,Street and Sidewalk Cleaning,Bulky Items,Mattress,"1215 ELLIS ST, SAN FRANCISCO, CA, 94109",Cathedral Hill,2.0,POINT (-122.42616431 37.78310959),Phone,
3636756,05/12/2014 07:34:01 PM,05/14/2014 02:14:19 PM,05/14/2014 02:14:19 PM,Closed,SSP - MTA Feedback Queue,MUNI Feedback,MUNI  - Conduct_Discourteous_Insensitive_Inappropriate_Conduct,306_General_Unprofessional_Conduct_Appearance,Not associated with a specific address,,,POINT (0 0),Web,
3636754,05/12/2014 07:33:06 PM,05/17/2014 11:21:46 AM,05/17/2014 11:21:46 AM,Closed,SFMTA - Temporary Sign Request Printing Queue,Temporary Sign Request,Temporary Sign Request for Moving_residential_property,40 ft zone requested from 05/20/2014 to 05/20/2014,"1523 PACIFIC AVE, SAN FRANCISCO, CA, 94109",Polk Gulch,3.0,POINT (-122.42029572 37.79508209),Phone,
3636749,05/12/2014 07:32:15 PM,05/15/2014 12:16:21 PM,05/15/2014 12:16:21 PM,Closed,311 Escalated KB Questions Queue,General Request - 311CUSTOMERSERVICECENTER,other,311CustomerServiceCenter - other,Not associated with a specific address,,,POINT (0 0),Web,
3636743,05/12/2014 07:29:39 PM,05/13/2014 02:12:54 PM,05/13/2014 02:12:54 PM,Closed,DPT Abandoned Vehicles Work Queue,Abandoned Vehicle,Abandoned Vehicle - Other,White - Large - Truck - NA,Intersection of 47TH AVE and CABRILLO ST,Outer Richmond,1.0,POINT (-122.50789046 37.7733568),Phone,
3636738,05/12/2014 07:26:44 PM,05/12/2014 07:31:48 PM,05/12/2014 07:31:48 PM,Closed,PUC - Water - G,General Request - PUC,request_for_service,water - request_for_service,Intersection of 3RD ST and SOUTH ST,Mission Bay,6.0,POINT (-122.38923645 37.76882553),Phone,
3636733,05/12/2014 07:25:09 PM,05/20/2014 06:34:19 AM,05/20/2014 06:34:19 AM,Closed,DPT Abandoned Vehicles Work Queue,Abandoned Vehicle,Abandoned Vehicle - Other,white - dodge - van - 6w22570,"416 DIAMOND ST, SAN FRANCISCO, CA, 94114",Eureka Valley,8.0,POINT (-122.43678706 37.75566679),Phone,
3636732,05/12/2014 07:25:00 PM,05/13/2014 12:29:18 PM,05/13/2014 12:29:18 PM,Closed,DPW BSSR Queue,Street Defects,Pavement_Defect,Pavement_Defect,"11 MANZANITA AVE, SAN FRANCISCO, CA, 94118",Laurel Heights / Jordan Park,2.0,POINT (-122.45126772 37.78575412),Phone,
3636729,05/12/2014 07:23:58 PM,03/05/2024 03:03:40 PM,03/05/2024 03:03:40 PM,Closed,DPW BUF Queue,Tree Maintenance,Trees - Damaged_Tree,Damage_vandalism,"457 ALVARADO ST, SAN FRANCISCO, CA, 94114",Dolores Heights,8.0,POINT (-122.43113781 37.75382566),Phone,
3636719,05/12/2014 07:20:40 PM,05/13/2014 10:52:02 AM,05/13/2014 10:52:02 AM,Closed,Recology_Abandoned,Street and Sidewalk Cleaning,Bulky Items,Refrigerator,Intersection of 3RD ST and NEWCOMB AVE,Bayview,10.0,POINT (-122.39041901 37.73559189),Integrated Agency,
3636717,05/12/2014 07:20:37 PM,05/13/2014 08:27:06 AM,05/13/2014 08:27:06 AM,Closed,Recology_Abandoned,Street and Sidewalk Cleaning,Bulky Items,Refrigerator,Intersection of 25TH ST and BARTLETT ST,Mission,9.0,POINT (-122.41940308 37.7505722),Integrated Agency,
3636714,05/12/2014 07:19:17 PM,05/13/2014 10:32:15 AM,05/13/2014 10:32:15 AM,Closed,Recology_Abandoned,Street and Sidewalk Cleaning,Bulky Items,Furniture,"1550 MCALLISTER ST, SAN FRANCISCO, CA, 94115",Western Addition,5.0,POINT (-122.43755853 37.77795095),Phone,
3636710,05/12/2014 07:18:41 PM,05/12/2014 08:37:12 PM,05/12/2014 08:37:12 PM,Closed,PUC - Water - G,General Request - PUC,request_for_service,water - request_for_service,Intersection of 3RD ST and MISSION ROCK ST,Mission Bay,6.0,POINT (-122.38971653 37.77292883),Twitter,
3636706,05/12/2014 07:15:48 PM,05/12/2014 07:19:05 PM,05/12/2014 07:19:05 PM,Closed,PUC - Water - G,General Request - PUC,request_for_service,water - request_for_service,Not associated with a specific address,,,POINT (0 0),Web,
3636701,05/12/2014 07:14:30 PM,05/13/2014 11:45:04 AM,05/13/2014 11:45:04 AM,Closed,Recology_Abandoned,Street and Sidewalk Cleaning,General Cleaning,Other Loose Garbage,"178 BLUXOME ST, SAN FRANCISCO, CA, 94107",South of Market,6.0,POINT (-122.39976431 37.77462149),Phone,
3636698,05/12/2014 07:12:14 PM,05/13/2014 09:57:34 AM,05/13/2014 09:57:34 AM,Closed,SFMTA - UPI/TDM Queue,General Request - MTA,other,parking_traffic_other - other,Intersection of DIVISADERO ST and FULTON ST,Panhandle,5.0,POINT (-122.43817902 37.77685547),Phone,
3636697,05/12/2014 07:12:11 PM,05/13/2014 10:54:43 AM,05/13/2014 10:54:43 AM,Closed,Recology_Abandoned,Street and Sidewalk Cleaning,Bulky Items,Furniture,"378 2ND AVE, SAN FRANCISCO, CA, 94118",Inner Richmond,1.0,POINT (-122.45996108 37.78164335),Phone,
3636694,05/12/2014 07:11:29 PM,05/13/2014 02:58:00 AM,05/13/2014 02:58:00 AM,Closed,DPW Ops Queue,Street and Sidewalk Cleaning,General Cleaning,Other Loose Garbage,Intersection of LEAVENWORTH ST and JACKSON ST,Nob Hill,3.0,POINT (-122.41647332 37.79477705),Phone,
3636690,05/12/2014 07:10:17 PM,05/13/2014 10:30:12 AM,05/13/2014 10:30:12 AM,Closed,Recology_Abandoned,Street and Sidewalk Cleaning,General Cleaning,Other Loose Garbage,"1346 MCALLISTER ST, SAN FRANCISCO, CA, 94115",Western Addition,5.0,POINT (-122.43419532 37.77837701),Phone,
3636683,05/12/2014 07:08:26 PM,05/13/2014 03:04:28 PM,05/13/2014 03:04:28 PM,Closed,311 Supervisor Queue,Blocked Street or SideWalk,Blocked_Sidewalk,Cafe_table_and_chairs blocking sidewalk,"347 SAN BRUNO AVE, SAN FRANCISCO, CA, 94103",Potrero Hill,10.0,POINT (-122.405216 37.76527),Mobile/Open311,http://mobile311.sfgov.org/reports/3636683/photos
3636678,05/12/2014 07:06:53 PM,05/13/2014 08:42:09 AM,05/13/2014 08:42:09 AM,Closed,DPW Ops Queue,Street and Sidewalk Cleaning,Human or Animal Waste,Human or Animal Waste,"77 GRACE ST, SAN FRANCISCO, CA, 94103",South of Market,6.0,POINT (-122.41426675 37.77471102),Phone,
3636677,05/12/2014 07:06:29 PM,05/13/2014 01:05:04 AM,05/13/2014 01:05:04 AM,Closed,DPW Ops Queue,Street and Sidewalk Cleaning,General Cleaning,Other Loose Garbage,Intersection of GOUGH ST and ASH ST,Western Addition,5.0,POINT (-122.42345026 37.77921207),Phone,
3636665,05/12/2014 07:02:44 PM,12/15/2015 01:31:11 PM,12/15/2015 01:31:11 PM,Closed,Housing Authority SR Queue,SFHA Requests,Carpentery,Carpentery - Emergency,"666 ELLIS ST, Apt 1007, SAN FRANCISCO, CA, 94109",Tenderloin,6.0,POINT (-122.41699982 37.7845993),Phone,
3636664,05/12/2014 07:02:42 PM,05/13/2014 12:10:55 PM,05/13/2014 12:10:55 PM,Closed,Recology_Abandoned,Street and Sidewalk Cleaning,Bulky Items,Refrigerator,"1345 OCEAN AVE, SAN FRANCISCO, CA, 94112",Ingleside,11.0,POINT (-122.45685577 37.72389603),Integrated Agency,
3636633,05/12/2014 06:54:00 PM,10/31/2017 04:35:00 AM,10/31/2017 04:35:00 AM,Closed,DPW BSM Queue,Sidewalk or Curb,Sidewalk_Defect,Collapsed_sidewalk,Intersection of 3RD ST and CHINA BASIN ST,Mission Bay,6.0,POINT (-122.38959864 37.77204023),Mobile/Open311,http://mobile311.sfgov.org/reports/3636633/photos
3636630,05/12/2014 06:52:58 PM,05/13/2014 11:45:10 AM,05/13/2014 11:45:10 AM,Closed,Recology_Abandoned,Encampments,Encampment items,Clothing,Intersection of 5TH ST and MINT PLZ,South of Market,6.0,POINT (-122.4071851 37.78329177),Phone,
3636626,05/12/2014 06:51:56 PM,05/24/2014 10:47:02 AM,05/24/2014 10:47:02 AM,Closed,DPW Ops Queue,Graffiti,Graffiti on Building_commercial,Building_commercial - Not_Offensive,"3518 16TH ST, SAN FRANCISCO, CA, 94114",Castro,8.0,POINT (-122.431894 37.764452),Mobile/Open311,http://mobile311.sfgov.org/reports/3636626/photos
3636623,05/12/2014 06:50:57 PM,05/14/2014 07:28:27 AM,05/14/2014 07:28:27 AM,Closed,DPT Abandoned Vehicles Work Queue,Abandoned Vehicle,Abandoned Vehicle - SUV,white - Mitsubishi - montero - 8x99123,"1651 TREAT AVE, SAN FRANCISCO, CA, 94110",Bernal Heights,9.0,POINT (-122.412323 37.74430466),Web,
3636621,05/12/2014 06:50:37 PM,05/12/2014 08:46:09 PM,05/12/2014 08:46:09 PM,Closed,311 Supervisor Queue,Graffiti,Graffiti on Fire_hydrant,Fire_hydrant - Offensive,Intersection of ASHBURY ST and WALLER ST,Haight Ashbury,5.0,POINT (-122.44674683 37.76907349),Web,
3636619,05/12/2014 06:50:17 PM,05/13/2014 05:05:00 AM,05/13/2014 05:05:00 AM,Closed,DPW Ops Queue,Encampments,Encampment Reports,Encampment Cleanup,Intersection of BRANNAN ST and 8TH ST,Showplace Square,6.0,POINT (-122.40542709 37.77129424),Phone,
3636616,05/12/2014 06:49:37 PM,05/14/2014 02:08:33 PM,05/14/2014 02:08:33 PM,Closed,SSP - MTA Feedback Queue,MUNI Feedback,MUNI  - Conduct_Discourteous_Insensitive_Inappropriate_Conduct,301_Discourtesy_to_Customer,Not associated with a specific address,,,POINT (0 0),Web,
3636610,05/12/2014 06:47:15 PM,05/12/2014 08:47:15 PM,05/12/2014 08:47:15 PM,Closed,Recology_Overflowing,Street and Sidewalk Cleaning,Overflowing_City_Receptacle_or_Dumpster,Overflowing_City_Receptacle_or_Dumpster,Not associated with a specific address,,,POINT (0 0),Integrated Agency,
3636608,05/12/2014 06:47:04 PM,05/16/2014 03:00:00 AM,05/16/2014 03:00:00 AM,Closed,DPW - Bureau of Street Environmental Services - G,General Request - PUBLIC WORKS,customer_callback,bses - customer_callback,"16 VALENCIA ST, SAN FRANCISCO, CA, 94103",South of Market,6.0,POINT (-122.42262515 37.77233901),Phone,
3636606,05/12/2014 06:46:04 PM,05/13/2014 02:35:59 AM,05/13/2014 02:35:59 AM,Closed,DPW Ops Queue,Street and Sidewalk Cleaning,Hazardous Materials,Glass,"301 14TH AVE, SAN FRANCISCO, CA, 94118",Inner Richmond,1.0,POINT (-122.47310146 37.78232505),Mobile/Open311,http://mobile311.sfgov.org/reports/3636606/photos
3636601,05/12/2014 06:44:28 PM,03/05/2024 03:03:40 PM,03/05/2024 03:03:40 PM,Closed,PUC - Sewer - G,Sewer Issues,Flooding,On_street,"1309 UTAH ST, SAN FRANCISCO, CA, 94110",Potrero Hill,10.0,POINT (-122.40532732 37.75294009),Mobile/Open311,
3636600,05/12/2014 06:44:08 PM,05/14/2014 04:16:14 PM,05/14/2014 04:16:14 PM,Closed,PUC Streetlights Queue,Streetlights,Streetlight - Light_Burnt_Out,Light_Burnt_Out on Concrete Pole,"1062 OAK ST, SAN FRANCISCO, CA, 94117",Lower Haight,5.0,POINT (-122.43680573 37.77326584),Mobile/Open311,
3636592,05/12/2014 06:42:10 PM,05/19/2014 07:37:35 AM,05/19/2014 07:37:35 AM,Closed,DPT Abandoned Vehicles Work Queue,Abandoned Vehicle,Abandoned Vehicle - Car2door,brown - Merecedes - sports - 2RZD414,"400 40TH AVE, SAN FRANCISCO, CA, 94121",Outer Richmond,1.0,POINT (-122.50087303 37.78122256),Phone,
3636589,05/12/2014 06:41:40 PM,05/28/2014 04:05:59 PM,05/28/2014 04:05:59 PM,Closed,PUC Sewer Ops,Sewer Issues,Sewage_back_up,Out_of_catch_basin,"151 BRONTE ST, SAN FRANCISCO, CA, 94110",Bernal Heights,9.0,POINT (-122.41025375 37.73749218),Phone,
3636588,05/12/2014 06:41:35 PM,05/12/2014 07:35:00 AM,05/12/2014 07:35:00 AM,Closed,DPW Ops Queue,Street and Sidewalk Cleaning,Hazardous Materials,Glass,"507 12TH AVE, SAN FRANCISCO, CA, 94118",Inner Richmond,1.0,POINT (-122.4706955 37.77859879),Phone,
3636576,05/12/2014 06:38:10 PM,05/19/2014 10:53:32 AM,05/19/2014 10:53:32 AM,Closed,DPT - Traffic Signal - G,General Request - MTA,request_for_service,parking_traffic_other - request_for_service,Intersection of LYON ST and RICHARDSON AVE,Marina,2.0,POINT (-122.4476966 37.8008306),Phone,
3636573,05/12/2014 06:36:58 PM,05/13/2014 01:36:20 PM,05/13/2014 01:36:20 PM,Closed,PUC Sewer Ops,Sewer Issues,Sewage_back_up,Outofsewervent4inch,"631 COLE ST, SAN FRANCISCO, CA, 94117",Haight Ashbury,5.0,POINT (-122.45071921 37.76922116),Phone,
3636565,05/12/2014 06:32:05 PM,05/13/2014 09:36:03 AM,05/13/2014 09:36:03 AM,Closed,DPT Abandoned Vehicles Work Queue,Abandoned Vehicle,Abandoned Vehicle - SUV,WHITE - Mitsubishi - MONTERO - 8x99123,"1624 TREAT AVE, SAN FRANCISCO, CA, 94110",Bernal Heights,9.0,POINT (-122.41244507 37.74466324),Web,
3636556,05/12/2014 06:30:08 PM,05/12/2014 06:33:56 PM,05/12/2014 06:33:56 PM,Closed,311 Service Request Queue,Damaged Property,Damaged Traffic_Signal,Traffic_Signal,Intersection of LYON ST and RICHARDSON AVE,Marina,2.0,POINT (-122.44769287 37.80083084),Phone,
3636552,05/12/2014 06:29:24 PM,04/20/2015 10:06:10 PM,04/20/2015 10:06:10 PM,Closed,311 Service Request Queue - Hold,311 External Request,Other,Other,"1398 FOLSOM ST, SAN FRANCISCO, CA, 94103",South of Market,6.0,POINT (-122.41271973 37.77307129),Phone,
3636549,05/12/2014 06:28:33 PM,05/14/2014 02:09:37 PM,05/14/2014 02:09:37 PM,Closed,MUNI Work Queue,MUNI Feedback,MUNI - Services_Service_Delivery_Facilities,608_Station_Stop_Appearance_Maintenance,Not associated with a specific address,,,POINT (0 0),Phone,
3636543,05/12/2014 06:26:09 PM,05/13/2014 01:04:45 PM,05/13/2014 01:04:45 PM,Closed,Recology_Abandoned,Street and Sidewalk Cleaning,Bulky Items,Mattress,Intersection of 16TH AVE and MORAGA ST,Golden Gate Heights,7.0,POINT (-122.47368371 37.75623586),Phone,
3636533,05/12/2014 06:23:13 PM,05/14/2014 01:44:07 PM,05/14/2014 01:44:07 PM,Closed,SSP - MTA Feedback Queue,MUNI Feedback,MUNI  -,,Not associated with a specific address,,,POINT (0 0),Web,
3636529,05/12/2014 06:20:38 PM,05/21/2014 01:12:32 PM,05/21/2014 01:12:32 PM,Closed,DPT Meter_Bike Queue,Damaged Property,Damaged Parking_Meter,Parking_Meter,Intersection of SOUTH PARK and 3RD ST,South Beach,6.0,POINT (-122.3950641 37.78069912),Phone,
3636526,05/12/2014 06:17:38 PM,05/13/2014 11:52:31 AM,05/13/2014 11:52:31 AM,Closed,Recology_Abandoned,Street and Sidewalk Cleaning,Bulky Items,Mattress,"660 CLEMENTINA ST, SAN FRANCISCO, CA, 94103",South of Market,6.0,POINT (-122.41062527 37.77566249),Mobile/Open311,http://mobile311.sfgov.org/reports/3636526/photos
3636519,05/12/2014 06:12:52 PM,12/15/2015 12:31:20 PM,12/15/2015 12:31:20 PM,Closed,Housing Authority SR Queue,SFHA Requests,Plumbing,Plumbing - Emergency,"25 SANCHEZ ST, Apt 104, SAN FRANCISCO, CA, 94114",Duboce Triangle,8.0,POINT (-122.43099976 37.76890182),Phone,
3636517,05/12/2014 06:11:22 PM,05/13/2014 08:19:27 AM,05/13/2014 08:19:27 AM,Closed,Recology_Abandoned,Street and Sidewalk Cleaning,Bulky Items,Furniture,"406 OAK ST, SAN FRANCISCO, CA, 94102",Hayes Valley,5.0,POINT (-122.425987 37.774689),Mobile/Open311,
3636509,05/12/2014 06:08:43 PM,03/07/2022 05:30:29 PM,03/07/2022 05:30:29 PM,Closed,DPW BSSR Queue,Street Defects,Pavement_Defect,Pavement_Defect,Intersection of OAK PARK DR and DEVONSHIRE WAY,Forest Knolls,7.0,POINT (-122.46054077 37.75502777),Web,
3636498,05/12/2014 06:03:10 PM,05/13/2014 07:17:45 AM,05/13/2014 07:17:45 AM,Closed,DPW BSSR Queue,Sewer Issues,Water_leak,Other,"110 BRUSSELS ST, SAN FRANCISCO, CA, 94134",Portola,9.0,POINT (-122.40707663 37.73054723),Phone,
3636495,05/12/2014 06:03:00 PM,05/14/2014 07:17:16 AM,05/14/2014 07:17:16 AM,Closed,DPT Abandoned Vehicles Work Queue,Abandoned Vehicle,Abandoned Vehicle - Other,black - Mazda - mpv - 2xjy753,"3855 IRVING ST, SAN FRANCISCO, CA, 94122",Outer Sunset,4.0,POINT (-122.49906158 37.76245499),Web,
3636486,05/12/2014 06:00:17 PM,05/15/2014 01:30:02 AM,05/15/2014 01:30:02 AM,Closed,DPT Signal Queue,Damaged Property,Damaged Traffic_Signal,Traffic_Signal,Intersection of CALIFORNIA ST and ARGUELLO BLVD,Presidio Terrace,2.0,POINT (-122.4591781 37.78568062),Phone,
3636485,05/12/2014 05:59:45 PM,05/15/2014 01:30:03 AM,05/15/2014 01:30:03 AM,Closed,DPT Signal Queue,Damaged Property,Damaged Traffic_Signal,Traffic_Signal,Intersection of MARKET ST and 1ST ST,Financial District,6.0,POINT (-122.3991488 37.79101667),Phone,
3636483,05/12/2014 05:59:20 PM,05/13/2014 09:26:34 AM,05/13/2014 09:26:34 AM,Closed,DPT Abandoned Vehicles Work Queue,Abandoned Vehicle,Abandoned Vehicle - Car4door,WHITE - NA - NA - NONE,"138 PARIS ST, SAN FRANCISCO, CA, 94112",Excelsior,11.0,POINT (-122.43145546 37.72638677),Phone,
3636478,05/12/2014 05:58:18 PM,05/16/2014 12:00:00 PM,05/16/2014 12:00:00 PM,Closed,DPW BSM Queue,Sidewalk or Curb,Missing_Side_Sewer_Vent_Cover,Missing_Side_Sewer_Vent_Cover,"3290 MISSION ST, SAN FRANCISCO, CA, 94110",Bernal Heights,9.0,POINT (-122.42086289 37.74420627),Phone,
3636477,05/12/2014 05:58:13 PM,12/15/2015 01:59:46 PM,12/15/2015 01:59:46 PM,Closed,Housing Authority SR Queue,SFHA Requests,Carpentery,Carpentery - Emergency,"939 EDDY ST, Apt 212, SAN FRANCISCO, CA, 94109",Cathedral Hill,5.0,POINT (-122.42299652 37.78229904),Phone,
3636474,05/12/2014 05:57:43 PM,05/19/2014 07:31:34 AM,05/19/2014 07:31:34 AM,Closed,DPT Abandoned Vehicles Work Queue,Abandoned Vehicle,Abandoned Vehicle - Car2door,WHITE - FORD - MUSTANG - 2ZBU866,"138 PARIS ST, SAN FRANCISCO, CA, 94112",Excelsior,11.0,POINT (-122.43145546 37.72638677),Phone,
3636470,05/12/2014 05:57:04 PM,03/05/2024 03:03:40 PM,03/05/2024 03:03:40 PM,Closed,DPW BUF Queue,Tree Maintenance,Trees - Damaged_Tree,Other_enter_additional_details_below,"85 CORTLAND AVE, SAN FRANCISCO, CA, 94110",Bernal Heights,9.0,POINT (-122.4211939 37.74041834),Phone,
3636463,05/12/2014 05:55:48 PM,05/12/2014 05:18:58 AM,05/12/2014 05:18:58 AM,Closed,DPW Ops Queue,Illegal Postings,Illegal Postings - Affixed_Improperly,Affixed Improperly,Intersection of ASHBURY ST and HAIGHT ST,Haight Ashbury,5.0,POINT (-122.44700214 37.76989568),Mobile/Open311,http://mobile311.sfgov.org/reports/3636463/photos
3636461,05/12/2014 05:55:42 PM,05/14/2014 10:58:35 AM,05/14/2014 10:58:35 AM,Closed,RPD Park Service Area 5 Queue,Rec and Park Requests,Park - Structural_Maintenance,Pavement,"Buena Vista Park, , SAN FRANCISCO, CA, 94117",Buena Vista,8.0,POINT (-122.440506 37.767525),Mobile/Open311,
3636460,05/12/2014 05:55:33 PM,05/19/2014 09:31:34 AM,05/19/2014 09:31:34 AM,Closed,PUC Sewer Ops,Sewer Issues,Sewage_back_up,Outofsewervent4inch,"259 32ND AVE, SAN FRANCISCO, CA, 94121",Seacliff,1.0,POINT (-122.49263002 37.78423274),Phone,
3636452,05/12/2014 05:54:50 PM,05/12/2014 08:26:45 PM,05/12/2014 08:26:45 PM,Closed,311 Supervisor Queue,Graffiti,Graffiti on Other_enter_additional_details_below,Other_enter_additional_details_below - Offensive,Intersection of ASHBURY ST and HAIGHT ST,Haight Ashbury,5.0,POINT (-122.4468542 37.77012547),Mobile/Open311,http://mobile311.sfgov.org/reports/3636452/photos
3636451,05/12/2014 05:54:38 PM,05/13/2014 10:52:09 AM,05/13/2014 10:52:09 AM,Closed,Recology_Abandoned,Street and Sidewalk Cleaning,Bulky Items,Furniture,"1828 EGBERT AVE, SAN FRANCISCO, CA, 94124",Bayview,10.0,POINT (-122.40049744 37.72726822),Phone,
3636442,05/12/2014 05:53:04 PM,05/13/2014 10:10:20 AM,05/13/2014 10:10:20 AM,Closed,Recology_Abandoned,Street and Sidewalk Cleaning,Bulky Items,Mattress,Intersection of WALLER ST and DIVISADERO ST,Buena Vista,8.0,POINT (-122.43685137 37.7703426),Phone,
3636437,05/12/2014 05:51:38 PM,05/13/2014 01:55:00 AM,05/13/2014 01:55:00 AM,Closed,DPW BSM Queue,Graffiti,Graffiti on News_rack,News_rack - Not_Offensive,Intersection of SACRAMENTO ST and FILLMORE ST,Pacific Heights,2.0,POINT (-122.43402653 37.78983719),Phone,
3636434,05/12/2014 05:49:21 PM,05/13/2014 11:45:51 AM,05/13/2014 11:45:51 AM,Closed,Recology_Abandoned,Street and Sidewalk Cleaning,General Cleaning,Other Loose Garbage,Intersection of 6TH ST and STEVENSON ST,South of Market,6.0,POINT (-122.409678 37.781631),Mobile/Open311,http://mobile311.sfgov.org/reports/3636434/photos
3636433,05/12/2014 05:49:17 PM,05/12/2014 06:17:32 PM,05/12/2014 06:17:32 PM,Closed,311 Service Request Queue,311 External Request,Graffiti,Graffiti - USPS,Intersection of SACRAMENTO ST and FILLMORE ST,Pacific Heights,2.0,POINT (-122.43402653 37.78983719),Phone,
3636431,05/12/2014 05:48:00 PM,05/12/2014 07:50:00 AM,05/12/2014 07:50:00 AM,Closed,DPW Ops Queue,Street and Sidewalk Cleaning,General Cleaning,Other Loose Garbage,Intersection of GOUGH ST and EDDY ST,Cathedral Hill,2.0,POINT (-122.42410932 37.78247564),Phone,
3636428,05/12/2014 05:47:29 PM,05/12/2014 06:06:00 AM,05/12/2014 06:06:00 AM,Closed,DPW Ops Queue,Graffiti,Graffiti on Mail_box,Mail_box - Offensive,"2451 SACRAMENTO ST, Apt 1001, SAN FRANCISCO, CA, 94115",Pacific Heights,2.0,POINT (-122.43328803 37.78965701),Phone,
3636424,05/12/2014 05:46:31 PM,05/12/2014 07:08:24 PM,05/12/2014 07:08:24 PM,Closed,PUC - Water - G,General Request - PUC,request_for_service,water - request_for_service,Intersection of POST ST and PRESIDIO AVE,Laurel Heights / Jordan Park,5.0,POINT (-122.44603438 37.78350847),Phone,http://mobile311.sfgov.org/reports/3636424/photos
3636421,05/12/2014 05:46:20 PM,05/12/2014 07:06:02 PM,05/12/2014 07:06:02 PM,Closed,PUC - Water - G,General Request - PUC,request_for_service,water - request_for_service,Intersection of 3RD ST and MISSION BAY BLVD NORTH,Mission Bay,6.0,POINT (-122.38945921 37.77111176),Phone,
3636420,05/12/2014 05:45:55 PM,05/13/2014 02:56:05 AM,05/13/2014 02:56:05 AM,Closed,DPW Ops Queue,Street and Sidewalk Cleaning,Human or Animal Waste,Human or Animal Waste,Intersection of MARKET ST and SANCHEZ ST,Castro,8.0,POINT (-122.431174 37.765876),Mobile/Open311,
3636417,05/12/2014 05:43:26 PM,05/12/2014 06:39:47 PM,05/12/2014 06:39:47 PM,Closed,311 Supervisor Queue,Graffiti,Graffiti on Building_other,Building_other - Offensive,"2630 GEARY BLVD, SAN FRANCISCO, CA, 94115",Laurel Heights / Jordan Park,2.0,POINT (-122.44603721 37.78267812),Mobile/Open311,http://mobile311.sfgov.org/reports/3636417/photos
3636416,05/12/2014 05:42:34 PM,08/15/2014 03:24:15 PM,08/15/2014 03:24:15 PM,Closed,SFMTA - Livable Streets Queue,General Request - MTA,mailing_request,parking_traffic_other - mailing_request,Not associated with a specific address,,,POINT (0 0),Phone,
3636414,05/12/2014 05:42:26 PM,05/13/2014 01:00:00 AM,05/13/2014 01:00:00 AM,Closed,DPW Ops Queue,Graffiti,Graffiti on Street,Street - Offensive,"2630 GEARY BLVD, SAN FRANCISCO, CA, 94115",Laurel Heights / Jordan Park,2.0,POINT (-122.44603327 37.78271508),Mobile/Open311,http://mobile311.sfgov.org/reports/3636414/photos
3636412,05/12/2014 05:41:10 PM,05/14/2014 01:45:41 PM,05/14/2014 01:45:41 PM,Closed,MUNI Work Queue,MUNI Feedback,MUNI - Services_Service_Delivery_Facilities,601_Delay_No_Show,Not associated with a specific address,,,POINT (0 0),Phone,
3636413,05/12/2014 05:41:10 PM,05/13/2014 11:13:32 AM,05/13/2014 11:13:32 AM,Closed,Clear Channel - Transit Queue,Graffiti,Graffiti on Transit_Shelter_Platform,Transit_Shelter_Platform - Offensive,"2580 GEARY BLVD, SAN FRANCISCO, CA, 94115",Lower Pacific Heights,2.0,POINT (-122.44598969 37.78276366),Mobile/Open311,http://mobile311.sfgov.org/reports/3636413/photos
3636411,05/12/2014 05:40:50 PM,07/31/2014 02:01:41 PM,07/31/2014 02:01:41 PM,Closed,DPT SignShop Surveyed - Area 1 Queue,Sign Repair,Sign - Defaced,Stop - Defaced; support - OK,"880 PRESIDIO AVE, SAN FRANCISCO, CA, 94115",Lower Pacific Heights,5.0,POINT (-122.44600842 37.78370668),Phone,http://mobile311.sfgov.org/reports/3636411/photos
3636410,05/12/2014 05:40:35 PM,05/12/2014 06:07:47 PM,05/12/2014 06:07:47 PM,Closed,311 Supervisor Queue,Graffiti,Graffiti on Other_enter_additional_details_below,Other_enter_additional_details_below - Offensive,Intersection of GEARY BLVD and PRESIDIO AVE,Anza Vista,2.0,POINT (-122.44594485 37.78270779),Mobile/Open311,http://mobile311.sfgov.org/reports/3636410/photos
3636408,05/12/2014 05:40:28 PM,03/07/2022 05:30:29 PM,03/07/2022 05:30:29 PM,Closed,DPW BSSR Queue,Street Defects,Pavement_Defect,Pavement_Defect,"45 RHODE ISLAND ST, SAN FRANCISCO, CA, 94103",Showplace Square,6.0,POINT (-122.40289763 37.76891075),Mobile/Open311,
3636404,05/12/2014 05:37:49 PM,05/27/2014 08:27:11 AM,05/27/2014 08:27:11 AM,Closed,SSP - MTA Feedback Queue,MUNI Feedback,MUNI  - Services_Service_Delivery_Facilities,601_Delay_No_Show,Not associated with a specific address,,,POINT (0 0),Web,
3636403,05/12/2014 05:37:20 PM,05/28/2014 02:35:24 AM,05/28/2014 02:35:24 AM,Closed,DPW - Bureau of Urban Forestry - G,General Request - PUBLIC WORKS,request_for_service,buf - request_for_service,"250 DOUGLASS ST, SAN FRANCISCO, CA, 94114",Eureka Valley,8.0,POINT (-122.43932317 37.75977846),Phone,http://mobile311.sfgov.org/reports/3636403/photos
3636402,05/12/2014 05:37:14 PM,05/12/2014 05:50:34 PM,05/12/2014 05:50:34 PM,Closed,DPT - Other - G,General Request - MTA,request_for_service,parking_traffic_other - request_for_service,Intersection of SLOAT BLVD and 34TH AVE,Lakeshore,4.0,POINT (-122.49134207 37.73400697),Phone,
3636400,05/12/2014 05:36:47 PM,05/14/2014 04:04:28 AM,05/14/2014 04:04:28 AM,Closed,DPW Ops Queue,Graffiti,Graffiti on City_receptacle,City_receptacle - Not_Offensive,"2580 GEARY BLVD, SAN FRANCISCO, CA, 94115",Lower Pacific Heights,2.0,POINT (-122.44619555 37.7829473),Mobile/Open311,http://mobile311.sfgov.org/reports/3636400/photos
3636394,05/12/2014 05:35:17 PM,05/21/2014 01:11:59 PM,05/21/2014 01:11:59 PM,Closed,DPT Meter_Bike Queue,Damaged Property,Damaged Parking_Meter,Parking_Meter,Not associated with a specific address,,,POINT (-122.41848828 37.77482644),Phone,
3636392,05/12/2014 05:34:51 PM,05/12/2014 05:44:02 PM,05/12/2014 05:44:02 PM,Closed,311 Supervisor Queue,Graffiti,Graffiti on Other_enter_additional_details_below,Other_enter_additional_details_below - Offensive,Intersection of POST ST and PRESIDIO AVE,Laurel Heights / Jordan Park,5.0,POINT (-122.44603327 37.78357314),Mobile/Open311,http://mobile311.sfgov.org/reports/3636392/photos
3636390,05/12/2014 05:34:22 PM,05/13/2014 12:00:00 PM,05/13/2014 12:00:00 PM,Closed,DPW BSM Queue,Blocked Street or SideWalk,Blocked_Parking_Space_or_Strip,Dumpster blocking parking space,Intersection of SUTTER ST and HYDE ST,Lower Nob Hill,3.0,POINT (-122.41682908 37.78817595),Phone,
3636387,05/12/2014 05:33:22 PM,05/13/2014 02:30:00 AM,05/13/2014 02:30:00 AM,Closed,DPW Ops Queue,Graffiti,Graffiti on Sidewalk_in_front_of_property,Sidewalk_in_front_of_property - Offensive,"2642 POST ST, SAN FRANCISCO, CA, 94115",Lower Pacific Heights,5.0,POINT (-122.44597578 37.78368722),Mobile/Open311,http://mobile311.sfgov.org/reports/3636387/photos
3636383,05/12/2014 05:32:52 PM,06/09/2014 10:56:00 AM,06/09/2014 10:56:00 AM,Closed,DPW BSM Queue,Graffiti,Graffiti on News_rack,News_rack - Not_Offensive,Intersection of GENEVA AVE and SAN JOSE AVE,Cayuga,11.0,POINT (-122.44639948 37.72084285),Mobile/Open311,http://mobile311.sfgov.org/reports/3636383/photos
3636380,05/12/2014 05:30:26 PM,05/13/2014 04:28:48 PM,05/13/2014 04:28:48 PM,Closed,DPH - Environmental Health - G,General Request - DPH,complaint,environmental_health - complaint,"400 MANSELL ST, SAN FRANCISCO, CA, 94134",Portola,9.0,POINT (-122.40499858 37.72058477),Phone,
3636379,05/12/2014 05:29:25 PM,05/13/2014 11:39:56 AM,05/13/2014 11:39:56 AM,Closed,Recology_Abandoned,Street and Sidewalk Cleaning,General Cleaning,Other Loose Garbage,"2540 CLEMENT ST, SAN FRANCISCO, CA, 94121",Outer Richmond,1.0,POINT (-122.48639581 37.78200852),Phone,
3636378,05/12/2014 05:29:09 PM,05/15/2014 03:03:42 AM,05/15/2014 03:03:42 AM,Closed,DPW Ops Queue,Graffiti,Graffiti on Sidewalk_in_front_of_property,Sidewalk_in_front_of_property - Not_Offensive,"400 DUBOCE AVE, SAN FRANCISCO, CA, 94117",Duboce Triangle,8.0,POINT (-122.42937156 37.76950529),Mobile/Open311,http://mobile311.sfgov.org/reports/3636378/photos
3636376,05/12/2014 05:29:02 PM,05/14/2014 11:45:42 AM,05/14/2014 11:45:42 AM,Closed,SSP - MTA Feedback Queue,MUNI Feedback,MUNI  - Services_Service_Delivery_Facilities,601_Delay_No_Show,Not associated with a specific address,,,POINT (0 0),Web,
3636373,05/12/2014 05:28:18 PM,05/14/2014 09:41:58 AM,05/14/2014 09:41:58 AM,Closed,DPW Ops Queue,Graffiti,Graffiti on Sidewalk_in_front_of_property,Sidewalk_in_front_of_property - Not_Offensive,Intersection of CHURCH ST and DUBOCE AVE,Duboce Triangle,8.0,POINT (-122.42940417 37.76946946),Mobile/Open311,http://mobile311.sfgov.org/reports/3636373/photos
3636370,05/12/2014 05:27:22 PM,05/13/2014 11:35:55 AM,05/13/2014 11:35:55 AM,Closed,Recology_Abandoned,Street and Sidewalk Cleaning,Bulky Items,Furniture,"317 28TH AVE, SAN FRANCISCO, CA, 94121",Outer Richmond,1.0,POINT (-122.48826374 37.78339172),Phone,
3636361,05/12/2014 05:23:35 PM,05/16/2014 12:47:52 PM,05/16/2014 12:47:52 PM,Closed,SFMTA - Citations/Resident Parking Permits - G,General Request - MTA,request_for_service,citations - request_for_service,Not associated with a specific address,,,POINT (0 0),Phone,
3636359,05/12/2014 05:22:17 PM,06/12/2014 02:11:52 PM,06/12/2014 02:11:52 PM,Closed,DPT SignShop Surveyed - Area 2 Queue,Sign Repair,Sign - Defaced,Other - Defaced; support - OK,Intersection of OCEAN AVE and SAN JOSE AVE,Mission Terrace,11.0,POINT (-122.44474659 37.72296516),Twitter,
3636357,05/12/2014 05:22:04 PM,05/13/2014 10:11:02 AM,05/13/2014 10:11:02 AM,Closed,Recology_Abandoned,Street and Sidewalk Cleaning,Bulky Items,Mattress,Intersection of CLAYTON ST and FELL ST,Panhandle,5.0,POINT (-122.44914286 37.77257927),Phone,
3636353,05/12/2014 05:20:52 PM,05/13/2014 02:35:30 AM,05/13/2014 02:35:30 AM,Closed,DPW Ops Queue,Street and Sidewalk Cleaning,General Cleaning,Other Loose Garbage,"2427 CLEMENT ST, SAN FRANCISCO, CA, 94121",Outer Richmond,1.0,POINT (-122.48516916 37.78195502),Phone,
3636348,05/12/2014 05:19:28 PM,06/24/2014 10:45:34 AM,06/24/2014 10:45:34 AM,Closed,SFMTA - Parking Enforcement - G,General Request - MTA,complaint,parking_enforcement - complaint,Not associated with a specific address,,,POINT (0 0),Web,
3636345,05/12/2014 05:19:02 PM,06/08/2014 12:00:00 PM,06/08/2014 12:00:00 PM,Closed,DPW Ops Queue,Tree Maintenance,Trees - Damaged_Tree,damaged_vandalism,"134 CHURCH ST, SAN FRANCISCO, CA, 94114",Duboce Triangle,8.0,POINT (-122.42903796 37.7688989),Mobile/Open311,http://mobile311.sfgov.org/reports/3636345/photos
3636331,05/12/2014 05:14:38 PM,05/14/2014 07:27:48 AM,05/14/2014 07:27:48 AM,Closed,DPT Abandoned Vehicles Work Queue,Abandoned Vehicle,Abandoned Vehicle - PickupTruck,tan -  - Ranger - 8646538,"239 FLOOD AVE, SAN FRANCISCO, CA, 94112",Sunnyside,7.0,POINT (-122.44519806 37.72976685),Phone,
3636326,05/12/2014 05:14:05 PM,05/16/2014 02:10:10 PM,05/16/2014 02:10:10 PM,Closed,PUC Sewer Ops,Sewer Issues,Sewage_back_up,Outofsewervent4inch,"319 VICTORIA ST, SAN FRANCISCO, CA, 94132",Merced Heights,11.0,POINT (-122.46539398 37.71648026),Phone,
3636315,05/12/2014 05:09:55 PM,05/12/2014 10:13:57 AM,05/12/2014 10:13:57 AM,Closed,DPW Ops Queue,Street and Sidewalk Cleaning,Human or Animal Waste,Human or Animal Waste,Intersection of 23RD ST and PENNSYLVANIA AVE,Potrero Hill,10.0,POINT (-122.39288523 37.75509453),Phone,
3636310,05/12/2014 05:08:33 PM,07/31/2014 02:01:42 PM,07/31/2014 02:01:42 PM,Closed,DPT SignShop Surveyed - Area 1 Queue,Sign Repair,Sign - Defaced,Other - Defaced; support - OK,"517 WALLER ST, SAN FRANCISCO, CA, 94117",Duboce Triangle,8.0,POINT (-122.43219333 37.77085779),Mobile/Open311,http://mobile311.sfgov.org/reports/3636310/photos
3636307,05/12/2014 05:08:07 PM,06/24/2014 10:41:15 AM,06/24/2014 10:41:15 AM,Closed,SFMTA - Parking Enforcement - G,General Request - MTA,customer_callback,parking_traffic_other - customer_callback,Intersection of 23RD ST and VICKSBURG ST,Noe Valley,8.0,POINT (-122.42869691 37.75322285),Phone,
3636305,05/12/2014 05:07:30 PM,05/12/2014 05:40:26 PM,05/12/2014 05:40:26 PM,Closed,311 Service Request Queue,Damaged Property,Damaged Traffic_Signal,Traffic_Signal,Intersection of SLOAT BLVD and 34TH AVE,Lakeshore,4.0,POINT (-122.49134207 37.73400697),Phone,
3636301,05/12/2014 05:06:21 PM,03/07/2022 05:30:29 PM,03/07/2022 05:30:29 PM,Closed,DPW BSSR Queue,Street Defects,Pavement_Defect,Pavement_Defect,"3007 CALIFORNIA ST, SAN FRANCISCO, CA, 94115",Lower Pacific Heights,2.0,POINT (-122.44407654 37.78745651),Web,
3636300,05/12/2014 05:06:20 PM,07/30/2014 12:00:00 PM,07/30/2014 12:00:00 PM,Closed,DPW - Bureau of Urban Forestry - G,General Request - PUBLIC WORKS,complaint,buf - complaint,"3732 20TH ST, SAN FRANCISCO, CA, 94110",Mission Dolores,8.0,POINT (-122.42427733 37.75837141),Phone,
3636295,05/12/2014 05:05:41 PM,06/12/2014 02:10:57 AM,06/12/2014 02:10:57 AM,Closed,DPW Ops Queue,Graffiti,Graffiti on Building_commercial,Building_commercial - Offensive,"1970 OCEAN AVE, SAN FRANCISCO, CA, 94127",Mt. Davidson Manor,7.0,POINT (-122.4639761 37.7260304),Phone,
3636294,05/12/2014 05:05:30 PM,05/21/2014 01:11:40 PM,05/21/2014 01:11:40 PM,Closed,DPT Meter_Bike Queue,Damaged Property,Damaged Parking_Meter,Parking_Meter,Intersection of POLK ST and CALIFORNIA ST,Polk Gulch,3.0,POINT (-122.42068822 37.79057713),Phone,
3636288,05/12/2014 05:04:35 PM,05/20/2014 07:21:00 AM,05/20/2014 07:21:00 AM,Closed,DPW BSM Queue,Sidewalk or Curb,Sidewalk_Defect,Lifted_sidewalk_other,"870 BROADWAY, SAN FRANCISCO, CA, 94133",Russian Hill,3.0,POINT (-122.41150023 37.79737943),Phone,
3636284,05/12/2014 05:04:01 PM,05/13/2014 11:46:35 AM,05/13/2014 11:46:35 AM,Closed,Recology_Abandoned,Street and Sidewalk Cleaning,Bulky Items,Refrigerator,"75 RAE AVE, SAN FRANCISCO, CA, 94112",Outer Mission,11.0,POINT (-122.44829559 37.71183395),Integrated Agency,
3636277,05/12/2014 05:02:52 PM,05/14/2014 10:24:47 AM,05/14/2014 10:24:47 AM,Closed,DPH - Other - G,General Request - DPH,complaint,dph_other - complaint,Not associated with a specific address,,,POINT (0 0),Web,
3636276,05/12/2014 05:02:49 PM,05/12/2014 09:50:03 PM,05/12/2014 09:50:03 PM,Closed,311 Service Request Queue,311 External Request,Graffiti,Graffiti,"1970 OCEAN AVE, SAN FRANCISCO, CA, 94127",Mt. Davidson Manor,7.0,POINT (-122.4639761 37.7260304),Phone,
3636274,05/12/2014 05:02:41 PM,05/13/2014 12:00:00 PM,05/13/2014 12:00:00 PM,Closed,DPW BSM Queue,Tree Maintenance,Trees - Damaging_Property,Lifted_sidewalk_tree_roots,"679 12TH AVE, SAN FRANCISCO, CA, 94118",Inner Richmond,1.0,POINT (-122.47039884 37.77548652),Twitter,
3636266,05/12/2014 05:00:15 PM,05/13/2014 10:40:38 AM,05/13/2014 10:40:38 AM,Closed,Recology_Abandoned,Street and Sidewalk Cleaning,General Cleaning,Other Loose Garbage,Intersection of POWELL ST and VANDEWATER ST,North Beach,3.0,POINT (-122.41185808 37.80536161),Phone,
3636261,05/12/2014 04:59:30 PM,05/13/2014 01:04:25 PM,05/13/2014 01:04:25 PM,Closed,Recology_Abandoned,Encampments,Encampment items,Clothing,Intersection of 20TH ST and NOE ST,Eureka Valley,8.0,POINT (-122.43248373 37.75781961),Phone,
3636260,05/12/2014 04:59:12 PM,05/13/2014 08:14:01 AM,05/13/2014 08:14:01 AM,Closed,Recology_Abandoned,Street and Sidewalk Cleaning,Bulky Items,Mattress,"2376 FOLSOM ST, SAN FRANCISCO, CA, 94110",Mission,9.0,POINT (-122.41467222 37.75925049),Mobile/Open311,http://mobile311.sfgov.org/reports/3636260/photos
3636254,05/12/2014 04:57:43 PM,05/13/2014 09:48:16 AM,05/13/2014 09:48:16 AM,Closed,Recology_Abandoned,Street and Sidewalk Cleaning,General Cleaning,Other Loose Garbage,Intersection of POND ST and JOSE SARRIA CT,Castro,8.0,POINT (-122.43228149 37.76428986),Phone,
3636253,05/12/2014 04:57:27 PM,05/14/2014 11:22:58 AM,05/14/2014 11:22:58 AM,Closed,RPD Park Service Area 2 Queue,Rec and Park Requests,Park - Neighborhood_Services_Area,Trash_Dumping,"Jefferson Square, , SAN FRANCISCO, CA, 94102",Cathedral Hill,6.0,POINT (-122.42565963 37.78179931),Phone,
3636251,05/12/2014 04:57:17 PM,05/13/2014 08:14:08 AM,05/13/2014 08:14:08 AM,Closed,Recology_Abandoned,Street and Sidewalk Cleaning,Bulky Items,Mattress,"2305 FOLSOM ST, SAN FRANCISCO, CA, 94110",Mission,9.0,POINT (-122.41473164 37.76032463),Mobile/Open311,http://mobile311.sfgov.org/reports/3636251/photos
3636248,05/12/2014 04:56:35 PM,06/09/2014 10:43:00 AM,06/09/2014 10:43:00 AM,Closed,DPW BSM Queue,Graffiti,Graffiti on News_rack,News_rack - Not_Offensive,"200 DOUGLASS ST, SAN FRANCISCO, CA, 94114",Eureka Valley,8.0,POINT (-122.43948734 37.76063221),Mobile/Open311,http://mobile311.sfgov.org/reports/3636248/photos
3636240,05/12/2014 04:55:57 PM,06/09/2014 10:55:00 AM,06/09/2014 10:55:00 AM,Closed,DPW BSM Queue,Graffiti,Graffiti on News_rack,News_rack - Not_Offensive,"4503 18TH ST, SAN FRANCISCO, CA, 94114",Eureka Valley,8.0,POINT (-122.43943848 37.76054168),Mobile/Open311,http://mobile311.sfgov.org/reports/3636240/photos
3636238,05/12/2014 04:55:53 PM,05/16/2014 02:23:36 PM,05/16/2014 02:23:36 PM,Closed,SFMTA - Temporary Sign Request Printing Queue,Temporary Sign Request,Temporary Sign Request for Corporate_Events,90 ft zone requested from 05/20/2014 to 05/20/2014,"2 MARKET ST, SAN FRANCISCO, CA, 94111",Financial District,3.0,POINT (-122.3948288 37.79452133),Phone,
3636232,05/12/2014 04:54:51 PM,05/21/2014 01:11:23 PM,05/21/2014 01:11:23 PM,Closed,DPT Meter_Bike Queue,Damaged Property,Damaged Parking_Meter,Parking_Meter,"861 SUTTER ST, SAN FRANCISCO, CA, 94109",Lower Nob Hill,3.0,POINT (-122.41446686 37.78835678),Phone,
3636220,05/12/2014 04:52:19 PM,05/12/2014 07:02:01 PM,05/12/2014 07:02:01 PM,Closed,PUC - Water - G,General Request - PUC,request_for_service,water - request_for_service,Intersection of 3RD ST and MISSION BAY BLVD SOUTH,Mission Bay,6.0,POINT (-122.38941655 37.77065921),Phone,
3636212,05/12/2014 04:50:39 PM,12/15/2015 03:01:31 PM,12/15/2015 03:01:31 PM,Closed,Housing Authority SR Queue,SFHA Requests,Plumbing,Plumbing - Urgent,"753 JERROLD AVE, SAN FRANCISCO, CA, 94124",Hunters Point,10.0,POINT (-122.37352753 37.7296524),Phone,
3636206,05/12/2014 04:49:27 PM,05/13/2014 10:46:10 AM,05/13/2014 10:46:10 AM,Closed,DPT Construction Zone Permits Queue,Construction Zone Permits,Construction Zone Tow-away Permits for Precision Engineering Inc,Precision Engineering Inc,Not associated with a specific address,,,POINT (0 0),Phone,
3636205,05/12/2014 04:49:16 PM,05/13/2014 10:57:21 AM,05/13/2014 10:57:21 AM,Closed,Recology_Abandoned,Street and Sidewalk Cleaning,Bulky Items,Furniture,"145 BALBOA ST, SAN FRANCISCO, CA, 94118",Inner Richmond,1.0,POINT (-122.46054077 37.7772522),Phone,
3636197,05/12/2014 04:47:52 PM,05/13/2014 09:41:03 AM,05/13/2014 09:41:03 AM,Closed,DPH - Environmental Health - G,General Request - DPH,complaint,environmental_health - complaint,"348 ANDOVER ST, SAN FRANCISCO, CA, 94110",Holly Park,9.0,POINT (-122.41662598 37.73841476),Web,
3636196,05/12/2014 04:46:40 PM,05/13/2014 09:41:46 AM,05/13/2014 09:41:46 AM,Closed,DPH - Environmental Health - G,General Request - DPH,complaint,environmental_health - complaint,"348 ANDOVER ST, SAN FRANCISCO, CA, 94110",Holly Park,9.0,POINT (-122.41662598 37.73841476),Web,
3636193,05/12/2014 04:45:49 PM,05/13/2014 09:08:03 AM,05/13/2014 09:08:03 AM,Closed,Recology_Abandoned,Street and Sidewalk Cleaning,Bulky Items,Furniture,"434 SHOTWELL ST, SAN FRANCISCO, CA, 94110",Mission,9.0,POINT (-122.41603226 37.76134911),Mobile/Open311,http://mobile311.sfgov.org/reports/3636193/photos
3636188,05/12/2014 04:45:13 PM,05/13/2014 09:04:38 AM,05/13/2014 09:04:38 AM,Closed,Recology_Abandoned,Street and Sidewalk Cleaning,General Cleaning,Other Loose Garbage,"438 SHOTWELL ST, SAN FRANCISCO, CA, 94110",Mission,9.0,POINT (-122.4160564 37.76129337),Mobile/Open311,http://mobile311.sfgov.org/reports/3636188/photos
3636187,05/12/2014 04:45:06 PM,05/13/2014 04:12:35 PM,05/13/2014 04:12:35 PM,Closed,DPH - Environmental Health - G,General Request - DPH,complaint,environmental_health - complaint,"348 ANDOVER ST, SAN FRANCISCO, CA, 94110",Holly Park,9.0,POINT (-122.41662598 37.73841476),Web,
3636184,05/12/2014 04:44:07 PM,05/13/2014 11:44:57 AM,05/13/2014 11:44:57 AM,Closed,Recology_Abandoned,Street and Sidewalk Cleaning,General Cleaning,Other Loose Garbage,"185 6TH ST, SAN FRANCISCO, CA, 94103",South of Market,6.0,POINT (-122.406911 37.779992),Mobile/Open311,http://mobile311.sfgov.org/reports/3636184/photos
3636183,05/12/2014 04:43:26 PM,05/20/2014 03:12:40 AM,05/20/2014 03:12:40 AM,Closed,DPW Ops Queue,Tree Maintenance,Trees - Overgrown_Tree,Overgrown_Tree,Intersection of VICENTE ST and WEST PORTAL AVE,West Portal,7.0,POINT (-122.46703028 37.73981445),Mobile/Open311,
3636182,05/12/2014 04:43:15 PM,05/14/2014 12:00:00 PM,05/14/2014 12:00:00 PM,Closed,DPW - Bureau of Street Use and Mapping - G,General Request - PUBLIC WORKS,complaint,bsm - complaint,Intersection of COLIN P KELLY JR ST and TOWNSEND ST,South Beach,6.0,POINT (-122.38975441 37.78121836),Phone,
3636176,05/12/2014 04:42:42 PM,05/21/2014 01:10:58 PM,05/21/2014 01:10:58 PM,Closed,DPT Meter_Bike Queue,Damaged Property,Damaged Parking_Meter,Parking_Meter,Intersection of BURROWS ST and SAN BRUNO AVE,Portola,9.0,POINT (-122.40409986 37.72883459),Phone,
3636167,05/12/2014 04:40:42 PM,05/13/2014 10:05:34 AM,05/13/2014 10:05:34 AM,Closed,Recology_Abandoned,Street and Sidewalk Cleaning,Bulky Items,Mattress,Intersection of MCCOPPIN ST and VALENCIA ST,South of Market,6.0,POINT (-122.42267774 37.77164919),Mobile/Open311,http://mobile311.sfgov.org/reports/3636167/photos
3636166,05/12/2014 04:40:41 PM,05/13/2014 09:33:01 AM,05/13/2014 09:33:01 AM,Closed,DPT Abandoned Vehicles Work Queue,Abandoned Vehicle,Abandoned Vehicle - PickupTruck,Green - Chevrolet - Truck - 5E40949,"626 27TH ST, SAN FRANCISCO, CA, 94131",Noe Valley,8.0,POINT (-122.43425751 37.74655533),Web,
3636165,05/12/2014 04:40:38 PM,05/13/2014 01:48:43 AM,05/13/2014 01:48:43 AM,Closed,DPW Ops Queue,Graffiti,Graffiti on Signal_box,Signal_box - Offensive,"3587 17TH ST, SAN FRANCISCO, CA, 94110",Mission Dolores,8.0,POINT (-122.42597603 37.76294897),Mobile/Open311,
3636163,05/12/2014 04:40:34 PM,05/14/2014 03:54:31 AM,05/14/2014 03:54:31 AM,Closed,DPW Ops Queue,Graffiti,Graffiti on Sidewalk_structure,Sidewalk_structure - Offensive,Intersection of MCCOPPIN ST and,South of Market,6.0,POINT (-122.42305281 37.7716467),Mobile/Open311,http://mobile311.sfgov.org/reports/3636163/photos
3636162,05/12/2014 04:40:33 PM,08/15/2014 03:41:42 PM,08/15/2014 03:41:42 PM,Closed,SFMTA - Livable Streets Queue,General Request - MTA,complaint,parking_traffic_other - complaint,Intersection of SCOTT ST and FELL ST,Alamo Square,5.0,POINT (-122.4359436 37.77427673),Web,
3636159,05/12/2014 04:39:54 PM,05/12/2014 06:55:23 AM,05/12/2014 06:55:23 AM,Closed,DPW - Bureau of Street Environmental Services - G,General Request - PUBLIC WORKS,request_for_service,bses - request_for_service,"225 SHIPLEY ST, SAN FRANCISCO, CA, 94107",South of Market,6.0,POINT (-122.40331567 37.77937679),Phone,
3636157,05/12/2014 04:39:42 PM,05/12/2014 05:50:20 PM,05/12/2014 05:50:20 PM,Closed,311 Supervisor Queue,Graffiti,Graffiti on Fire_hydrant,Fire_hydrant - Offensive,"1118 MASONIC AVE, SAN FRANCISCO, CA, 94117",Haight Ashbury,5.0,POINT (-122.445131 37.770882),Mobile/Open311,http://mobile311.sfgov.org/reports/3636157/photos
3636155,05/12/2014 04:39:37 PM,05/21/2014 01:09:52 PM,05/21/2014 01:09:52 PM,Closed,DPT Meter_Bike Queue,Damaged Property,Damaged Parking_Meter,Parking_Meter,"409 ILLINOIS ST, SAN FRANCISCO, CA, 94107",,,POINT (-122.38807925 37.76678553),Phone,
3636154,05/12/2014 04:39:32 PM,05/13/2014 09:01:12 AM,05/13/2014 09:01:12 AM,Closed,Recology_Abandoned,Street and Sidewalk Cleaning,Bulky Items,Furniture,"607 SHOTWELL ST, SAN FRANCISCO, CA, 94110",Mission,9.0,POINT (-122.41568014 37.75867931),Mobile/Open311,http://mobile311.sfgov.org/reports/3636154/photos
3636145,05/12/2014 04:38:42 PM,05/13/2014 09:32:29 AM,05/13/2014 09:32:29 AM,Closed,DPT Abandoned Vehicles Work Queue,Abandoned Vehicle,Abandoned Vehicle - Car4door,Grey - Toyota - Camry - 4JEB831,"626 27TH ST, SAN FRANCISCO, CA, 94131",Noe Valley,8.0,POINT (-122.43425751 37.74655533),Web,
3636143,05/12/2014 04:38:11 PM,05/13/2014 06:19:30 AM,05/13/2014 06:19:30 AM,Closed,PUC Sewer Ops,Sewer Issues,Sewage_back_up,Outofsewervent4inch,"447 EUREKA ST, SAN FRANCISCO, CA, 94114",Eureka Valley,8.0,POINT (-122.43765843 37.75511682),Phone,
3636142,05/12/2014 04:38:08 PM,12/15/2015 01:00:45 PM,12/15/2015 01:00:45 PM,Closed,Housing Authority SR Queue,SFHA Requests,Carpentery,Carpentery - Urgent,"430 TURK ST, Apt 612, SAN FRANCISCO, CA, 94102",Tenderloin,6.0,POINT (-122.41600037 37.7826004),Phone,
3636138,05/12/2014 04:37:37 PM,05/19/2014 07:28:01 AM,05/19/2014 07:28:01 AM,Closed,DPT Abandoned Vehicles Work Queue,Abandoned Vehicle,Abandoned Vehicle - Car4door,Grey/Brown - Toyota - Camry - 4JEB831,"630 27TH ST, SAN FRANCISCO, CA, 94131",Noe Valley,8.0,POINT (-122.43438721 37.7465477),Web,
3636132,05/12/2014 04:36:32 PM,05/13/2014 08:09:56 AM,05/13/2014 08:09:56 AM,Closed,311 Supervisor Queue,General Request - PUBLIC WORKS,compliment,bssr - compliment,Intersection of 20TH ST and POTRERO AVE,Mission,10.0,POINT (-122.40694796 37.75936453),Twitter,
3636129,05/12/2014 04:36:02 PM,05/19/2014 07:26:32 AM,05/19/2014 07:26:32 AM,Closed,DPT Abandoned Vehicles Work Queue,Abandoned Vehicle,Abandoned Vehicle - PickupTruck,Green - Chevrolet - Pickup - 5E40949,"630 27TH ST, SAN FRANCISCO, CA, 94131",Noe Valley,8.0,POINT (-122.43438721 37.7465477),Web,
3636128,05/12/2014 04:35:56 PM,05/13/2014 09:15:20 AM,05/13/2014 09:15:20 AM,Closed,DPW Ops Queue,Street and Sidewalk Cleaning,Medical Waste,Needles,"225 SHIPLEY ST, SAN FRANCISCO, CA, 94107",South of Market,6.0,POINT (-122.40331567 37.77937679),Phone,
3636118,05/12/2014 04:34:08 PM,05/13/2014 11:37:32 AM,05/13/2014 11:37:32 AM,Closed,Recology_Abandoned,Street and Sidewalk Cleaning,Automotive,Tires,"2253 SHAFTER AVE, SAN FRANCISCO, CA, 94124",Apparel City,10.0,POINT (-122.40285032 37.73784547),Phone,
3636116,05/12/2014 04:33:34 PM,05/14/2014 01:39:54 PM,05/14/2014 01:39:54 PM,Closed,SSP - MTA Feedback Queue,MUNI Feedback,MUNI  -,,Not associated with a specific address,,,POINT (0 0),Web,
3636102,05/12/2014 04:31:03 PM,05/12/2014 06:10:00 AM,05/12/2014 06:10:00 AM,Closed,DPW Ops Queue,Street and Sidewalk Cleaning,General Cleaning,Other Loose Garbage,"148 16TH AVE, SAN FRANCISCO, CA, 94118",Lake Street,1.0,POINT (-122.47528076 37.78530121),Phone,
3636099,05/12/2014 04:30:43 PM,05/12/2014 05:45:00 AM,05/12/2014 05:45:00 AM,Closed,DPW Ops Queue,Street and Sidewalk Cleaning,General Cleaning,Other Loose Garbage,Not associated with a specific address,,,POINT (0 0),Phone,
3636088,05/12/2014 04:28:30 PM,05/12/2014 06:37:27 PM,05/12/2014 06:37:27 PM,Closed,Recology_Overflowing,Street and Sidewalk Cleaning,Overflowing_City_Receptacle_or_Dumpster,Overflowing_City_Receptacle_or_Dumpster,"326 WILLARD NORTH ST, SAN FRANCISCO, CA, 94118",Lone Mountain,1.0,POINT (-122.45610563 37.77513303),Mobile/Open311,
3636086,05/12/2014 04:28:00 PM,05/21/2014 01:09:37 PM,05/21/2014 01:09:37 PM,Closed,DPT Meter_Bike Queue,Damaged Property,Damaged Parking_Meter,Parking_Meter,Intersection of POST ST and VAN NESS AVE,Lower Nob Hill,3.0,POINT (-122.42157227 37.78661816),Phone,
3636080,05/12/2014 04:26:59 PM,05/12/2014 04:47:04 PM,05/12/2014 04:47:04 PM,Closed,311 Supervisor Queue,Graffiti,Graffiti on Street,Street - Not_Offensive,Intersection of SAN JOSE AVE and SANTA YNEZ AVE,Mission Terrace,11.0,POINT (-122.44272053 37.72613951),Mobile/Open311,
3636066,05/12/2014 04:25:01 PM,05/19/2014 06:06:10 AM,05/19/2014 06:06:10 AM,Closed,DPT Abandoned Vehicles Work Queue,Abandoned Vehicle,Abandoned Vehicle - SUV,Silver - ACURA -  - 5YZU009,"1013 POWELL ST, SAN FRANCISCO, CA, 94108",Nob Hill,3.0,POINT (-122.4096367 37.7939705),Phone,
3636064,05/12/2014 04:24:37 PM,05/13/2014 09:55:50 AM,05/13/2014 09:55:50 AM,Closed,311 Supervisor Queue,Blocked Street or SideWalk,Blocked_Parking_Space_or_Strip,Residential_totter blocking parking space,"51 HANOVER ST, SAN FRANCISCO, CA, 94112",Crocker Amazon,11.0,POINT (-122.44034668 37.7099178),Mobile/Open311,
3636055,05/12/2014 04:23:35 PM,05/12/2014 08:17:53 AM,05/12/2014 08:17:53 AM,Closed,DPW Ops Queue,Street and Sidewalk Cleaning,General Cleaning,Other Loose Garbage,Intersection of ALBION ST and 17TH ST,Mission Dolores,9.0,POINT (-122.42270113 37.76324271),Phone,
3636052,05/12/2014 04:22:48 PM,05/28/2014 01:17:20 AM,05/28/2014 01:17:20 AM,Closed,DPW Ops Queue,Tree Maintenance,Trees - Overgrown_Tree,Pruning_request,"320 FELL ST, SAN FRANCISCO, CA, 94102",Hayes Valley,5.0,POINT (-122.42314107 37.77595927),Phone,
3636049,05/12/2014 04:22:07 PM,05/12/2014 05:31:46 PM,05/12/2014 05:31:46 PM,Closed,Recology_Overflowing,Street and Sidewalk Cleaning,Overflowing_City_Receptacle_or_Dumpster,Overflowing_City_Receptacle_or_Dumpster,Intersection of FELL ST and GOUGH ST,Hayes Valley,5.0,POINT (-122.42279053 37.77595139),Phone,
3636040,05/12/2014 04:21:27 PM,05/12/2014 05:29:54 PM,05/12/2014 05:29:54 PM,Closed,Recology_Abandoned,Street and Sidewalk Cleaning,Bulky Items,Furniture,"144 ALBION ST, SAN FRANCISCO, CA, 94110",Mission Dolores,9.0,POINT (-122.42285192 37.76412202),Phone,
3636037,05/12/2014 04:20:46 PM,05/21/2014 09:46:49 AM,05/21/2014 09:46:49 AM,Closed,DPT - Other - G,General Request - MTA,other,parking_traffic_other - other,Intersection of STONEMAN ST and MANCHESTER ST,Bernal Heights,9.0,POINT (-122.41417694 37.7450943),Web,
3636032,05/12/2014 04:19:46 PM,05/13/2014 01:45:00 AM,05/13/2014 01:45:00 AM,Closed,DPW Ops Queue,Street and Sidewalk Cleaning,Human or Animal Waste,Human or Animal Waste,"157 6TH ST, SAN FRANCISCO, CA, 94103",South of Market,6.0,POINT (-122.407723 37.780337),Mobile/Open311,http://mobile311.sfgov.org/reports/3636032/photos
3636030,05/12/2014 04:19:20 PM,05/12/2014 08:17:25 AM,05/12/2014 08:17:25 AM,Closed,DPW Ops Queue,Street and Sidewalk Cleaning,Hazardous Materials,Glass,"168 ALBION ST, SAN FRANCISCO, CA, 94110",Mission Dolores,9.0,POINT (-122.42281408 37.76372982),Phone,
3636025,05/12/2014 04:18:28 PM,05/19/2014 02:47:19 AM,05/19/2014 02:47:19 AM,Closed,DPW Ops Queue,Tree Maintenance,Trees - Overgrown_Tree,Pruning_request,"770 23RD AVE, SAN FRANCISCO, CA, 94121",Outer Richmond,1.0,POINT (-122.48202199 37.77322596),Phone,
3636024,05/12/2014 04:18:21 PM,05/14/2014 05:10:00 AM,05/14/2014 05:10:00 AM,Closed,DPW Ops Queue,Street and Sidewalk Cleaning,Human or Animal Waste,Human or Animal Waste,Intersection of MOSS ST and HOWARD ST,South of Market,6.0,POINT (-122.40883179 37.77841409),Phone,
3636023,05/12/2014 04:18:08 PM,05/21/2014 10:52:13 AM,05/21/2014 10:52:13 AM,Closed,DPT Meter_Bike Queue,Graffiti,Graffiti on Parking_meter,Parking_meter - Not_Offensive,"993 MISSION ST, SAN FRANCISCO, CA, 94103",South of Market,6.0,POINT (-122.408479 37.780868),Mobile/Open311,http://mobile311.sfgov.org/reports/3636023/photos
3636013,05/12/2014 04:16:10 PM,05/13/2014 02:11:07 PM,05/13/2014 02:11:07 PM,Closed,DPT Abandoned Vehicles Work Queue,Abandoned Vehicle,Abandoned Vehicle - Car4door,Dark Gray - Volkswagon - Passat - 5LSB509,"16 CLAIRVIEW CT, SAN FRANCISCO, CA, 94131",Clarendon Heights,7.0,POINT (-122.4508809 37.75416525),Phone,
3636010,05/12/2014 04:15:16 PM,05/12/2014 05:26:40 PM,05/12/2014 05:26:40 PM,Closed,Recology_Abandoned,Street and Sidewalk Cleaning,General Cleaning,Other Loose Garbage,"742 14TH ST, SAN FRANCISCO, CA, 94114",Duboce Triangle,8.0,POINT (-122.429811 37.767722),Mobile/Open311,
3636008,05/12/2014 04:14:30 PM,05/13/2014 02:14:57 PM,05/13/2014 02:14:57 PM,Closed,DPT Abandoned Vehicles Work Queue,Abandoned Vehicle,Abandoned Vehicle - Other,Red - Volkswagen  - Piisaut Wagon - 6UIM282,"3236 PACIFIC AVE, SAN FRANCISCO, CA, 94118",Presidio Heights,2.0,POINT (-122.4483253 37.79167571),Phone,
3636006,05/12/2014 04:13:40 PM,05/13/2014 11:13:19 AM,05/13/2014 11:13:19 AM,Closed,Clear Channel - Transit Queue,Graffiti,Graffiti on Transit_Shelter_Platform,Transit_Shelter_Platform - Offensive,Intersection of HOWTH ST and OCEAN AVE,Oceanview,11.0,POINT (-122.44936089 37.7228434),Mobile/Open311,http://mobile311.sfgov.org/reports/3636006/photos
3636001,05/12/2014 04:12:26 PM,05/20/2014 03:20:47 AM,05/20/2014 03:20:47 AM,Closed,DPW Ops Queue,Tree Maintenance,Trees - Overgrown_Tree,Pruning_request,"1400 POST ST, SAN FRANCISCO, CA, 94109",Cathedral Hill,5.0,POINT (-122.42496828 37.78623863),Phone,
3635998,05/12/2014 04:11:29 PM,07/08/2014 03:55:04 PM,07/08/2014 03:55:04 PM,Closed,DPT SignShop Surveyed - Area 1 Queue,Sign Repair,Sign Repair - On_Ground,No_Parking - On_Ground; support - On_Ground,"454 GEARY ST, SAN FRANCISCO, CA, 94102",Lower Nob Hill,3.0,POINT (-122.41078535 37.78708739),Phone,
3635997,05/12/2014 04:11:28 PM,05/20/2014 08:58:21 AM,05/20/2014 08:58:21 AM,Closed,DPW Ops Queue,Tree Maintenance,Trees - Tree_Other,,"55 9TH ST, SAN FRANCISCO, CA, 94103",South of Market,6.0,POINT (-122.41531688 37.77695689),Mobile/Open311,http://mobile311.sfgov.org/reports/3635997/photos
3635980,05/12/2014 04:07:37 PM,05/12/2014 05:26:37 PM,05/12/2014 05:26:37 PM,Closed,Recology_Abandoned,Street and Sidewalk Cleaning,General Cleaning,Other Loose Garbage,"3465 17TH ST, SAN FRANCISCO, CA, 94110",Mission Dolores,9.0,POINT (-122.42321014 37.76310349),Phone,
3635976,05/12/2014 04:06:45 PM,05/14/2014 07:16:44 AM,05/14/2014 07:16:44 AM,Closed,DPT Abandoned Vehicles Work Queue,Abandoned Vehicle,Abandoned Vehicle - Car4door,gold - Toyota - Camry - 4hqj648,"2441 30TH AVE, SAN FRANCISCO, CA, 94116",Parkside,4.0,POINT (-122.48756409 37.74176788),Web,
3635972,05/12/2014 04:05:10 PM,05/22/2014 12:24:00 PM,05/22/2014 12:24:00 PM,Closed,DPW Ops Queue,Graffiti,Graffiti on Building_residential,Building_residential - Offensive,"2700 FOLSOM ST, SAN FRANCISCO, CA, 94110",Mission,9.0,POINT (-122.41429821 37.75404545),Phone,
3635970,05/12/2014 04:04:50 PM,05/14/2014 11:23:43 AM,05/14/2014 11:23:43 AM,Closed,SSP - MTA Feedback Queue,MUNI Feedback,MUNI  - Conduct_Inattentiveness_Negligence,201_Pass_Up_Did_Not_Wait_for_Transferee,Not associated with a specific address,,,POINT (0 0),Web,
3635966,05/12/2014 04:03:36 PM,05/15/2014 12:00:00 PM,05/15/2014 12:00:00 PM,Closed,DPW BSM Queue,Blocked Street or SideWalk,Blocked_Sidewalk,Construction_materials blocking sidewalk,"355 HAYES ST, SAN FRANCISCO, CA, 94102",Civic Center,5.0,POINT (-122.42222467 37.77692191),Phone,
3635965,05/12/2014 04:03:35 PM,09/25/2014 09:08:20 PM,09/25/2014 09:08:20 PM,Closed,DPT Color Curb Queue,Color Curb,Red Color Curb Request for,Red Color Curb Request for,"384 ALLISON ST, SAN FRANCISCO, CA, 94112",Crocker Amazon,11.0,POINT (-122.44081879 37.71016693),Web,
3635964,05/12/2014 04:03:22 PM,03/07/2022 05:30:29 PM,03/07/2022 05:30:29 PM,Closed,DPW BSSR Queue,Street Defects,Pavement_Defect,Pavement_Defect,Intersection of MYRTLE ST and LARKIN ST,Tenderloin,5.0,POINT (-122.41799927 37.78564072),Integrated Agency,
3635963,05/12/2014 04:03:20 PM,05/22/2014 08:36:26 AM,05/22/2014 08:36:26 AM,Closed,DPW Ops Queue,Graffiti,Graffiti on Building_other,Building_other - Not_Offensive,"1095 MARKET ST, SAN FRANCISCO, CA, 94103",South of Market,6.0,POINT (-122.41217804 37.78047562),Integrated Agency,
3635959,05/12/2014 04:02:53 PM,05/21/2014 01:09:15 PM,05/21/2014 01:09:15 PM,Closed,DPT Meter_Bike Queue,Damaged Property,Damaged Parking_Meter,Parking_Meter,Intersection of HARRINGTON ST and MISSION ST,Excelsior,11.0,POINT (-122.43442579 37.72517332),Phone,
3635955,05/12/2014 04:01:48 PM,05/19/2014 06:06:44 AM,05/19/2014 06:06:44 AM,Closed,DPT Abandoned Vehicles Work Queue,Abandoned Vehicle,Abandoned Vehicle - Car4door,GREY/SILVE - SUBARU - OUTBACK - 6EQU111,Intersection of FILBERT ST and BAKER ST,Cow Hollow,2.0,POINT (-122.4455993 37.79675858),Phone,
3635945,05/12/2014 03:58:47 PM,05/12/2014 05:17:14 PM,05/12/2014 05:17:14 PM,Closed,Recology_Abandoned,Street and Sidewalk Cleaning,Bulky Items,Mattress,Not associated with a specific address,,,POINT (-122.41848828 37.77482644),Phone,
3635941,05/12/2014 03:58:12 PM,05/13/2014 09:49:00 AM,05/13/2014 09:49:00 AM,Closed,DPT - Construction Permits - G,General Request - MTA,request_for_service,construction_permit - request_for_service,Not associated with a specific address,,,POINT (0 0),Phone,
3635939,05/12/2014 03:57:28 PM,05/12/2014 06:10:00 AM,05/12/2014 06:10:00 AM,Closed,DPW Ops Queue,Street and Sidewalk Cleaning,General Cleaning,Other Loose Garbage,"1600 MASON ST, SAN FRANCISCO, CA, 94133",Russian Hill,3.0,POINT (-122.41197968 37.79834747),Phone,
3635936,05/12/2014 03:57:14 PM,05/12/2014 06:58:54 PM,05/12/2014 06:58:54 PM,Closed,PUC - Water - G,Sewer Issues,Water_leak,Other,"1021 STOCKTON ST, SAN FRANCISCO, CA, 94108",Chinatown,3.0,POINT (-122.40818837 37.79512842),Phone,
3635933,05/12/2014 03:56:43 PM,05/29/2014 01:09:01 PM,05/29/2014 01:09:01 PM,Closed,PG and E - Streetlights Queue,Streetlights,Streetlight - Light_Burnt_Out,Light_Burnt_Out on Metal Pole,Intersection of EXECUTIVE PARK BLVD and HARNEY WAY,Candlestick Point SRA,10.0,POINT (-122.3908844 37.7103653),Web,
3635922,05/12/2014 03:53:41 PM,05/13/2014 09:43:28 AM,05/13/2014 09:43:28 AM,Closed,DPH - Environmental Health - G,Residential Building Request,Building - Infestation_Bed_Bugs,Infestation_Bed_Bugs,"445 OFARRELL ST, SAN FRANCISCO, CA, 94102",Tenderloin,5.0,POINT (-122.4119873 37.7857666),Phone,
3635919,05/12/2014 03:53:21 PM,05/13/2014 09:13:32 AM,05/13/2014 09:13:32 AM,Closed,DPT - Construction Permits - G,General Request - MTA,request_for_service,construction_permit - request_for_service,Not associated with a specific address,,,POINT (0 0),Phone,
3635915,05/12/2014 03:51:38 PM,05/14/2014 11:25:07 AM,05/14/2014 11:25:07 AM,Closed,MUNI Work Queue,MUNI Feedback,MUNI - Conduct_Inattentiveness_Negligence,201_Pass_Up_Did_Not_Wait_for_Transferee,Intersection of CHESTNUT ST and VAN NESS AVE,Union Street,3.0,POINT (-122.42472839 37.80228043),Phone,
3635914,05/12/2014 03:51:14 PM,05/19/2014 07:35:48 AM,05/19/2014 07:35:48 AM,Closed,DPT Abandoned Vehicles Work Queue,Abandoned Vehicle,Abandoned Vehicle - Car4door,Silver - BMW - ? - 6RBU917,"685 12TH AVE, SAN FRANCISCO, CA, 94118",Inner Richmond,1.0,POINT (-122.47038908 37.77537955),Phone,
3635911,05/12/2014 03:50:46 PM,08/24/2015 02:29:36 PM,08/24/2015 02:29:36 PM,Closed,DPH - Office of Vital Records - G,General Request - DPH,customer_callback,ovr - customer_callback,Not associated with a specific address,,,POINT (0 0),Phone,
3635898,05/12/2014 03:47:02 PM,05/12/2014 03:54:42 PM,05/12/2014 03:54:42 PM,Closed,PUC Streetlights Queue,Streetlights,Streetlight - Light_Burnt_Out,Light_Burnt_Out on Metal Pole,Intersection of EXECUTIVE PARK BLVD and HARNEY WAY,Candlestick Point SRA,10.0,POINT (-122.3908844 37.7103653),Web,
3635897,05/12/2014 03:46:50 PM,05/20/2014 08:17:23 AM,05/20/2014 08:17:23 AM,Closed,DPT Abandoned Vehicles Work Queue,Abandoned Vehicle,Abandoned Vehicle - Car4door,GRAY - TOYOTA - COROLLA - 6ZOH875,"118 MANCHESTER ST, SAN FRANCISCO, CA, 94110",Bernal Heights,9.0,POINT (-122.41425323 37.74462891),Phone,
3635891,05/12/2014 03:44:27 PM,05/12/2014 04:31:37 PM,05/12/2014 04:31:37 PM,Closed,Recology_Abandoned,Street and Sidewalk Cleaning,Bulky Items,Mattress,Intersection of 27TH AVE and GEARY BLVD,Outer Richmond,1.0,POINT (-122.48687833 37.77999237),Phone,
3635871,05/12/2014 03:40:11 PM,05/13/2014 09:54:12 AM,05/13/2014 09:54:12 AM,Closed,311 Supervisor Queue,Sidewalk or Curb,Sidewalk_Defect,Sidewalk_Defect,Intersection of 3RD ST and CAMPUS WAY,Mission Bay,6.0,POINT (-122.38920464 37.76827239),Mobile/Open311,http://mobile311.sfgov.org/reports/3635871/photos
3635870,05/12/2014 03:39:59 PM,05/14/2014 11:26:06 AM,05/14/2014 11:26:06 AM,Closed,SSP - MTA Feedback Queue,MUNI Feedback,MUNI  - Services_Miscellaneous,801_NextMuni_Technology,Not associated with a specific address,,,POINT (0 0),Web,
3635864,05/12/2014 03:38:12 PM,05/12/2014 04:35:41 PM,05/12/2014 04:35:41 PM,Closed,Recology_Abandoned,Street and Sidewalk Cleaning,Bulky Items,Furniture,"1559 GROVE ST, SAN FRANCISCO, CA, 94117",Panhandle,5.0,POINT (-122.44225548 37.77532726),Phone,
3635861,05/12/2014 03:37:38 PM,05/14/2014 09:03:53 AM,05/14/2014 09:03:53 AM,Closed,PUC Sewer Ops,Sewer Issues,Odor,Odor From_manhole_cover,"15 BESSIE ST, SAN FRANCISCO, CA, 94110",Bernal Heights,9.0,POINT (-122.41486359 37.74680328),Web,
3635856,05/12/2014 03:36:44 PM,05/12/2014 04:35:38 PM,05/12/2014 04:35:38 PM,Closed,Recology_Abandoned,Street and Sidewalk Cleaning,Bulky Items,Furniture,"561 BAKER ST, SAN FRANCISCO, CA, 94117",Panhandle,5.0,POINT (-122.44148212 37.77605969),Phone,
3635852,05/12/2014 03:36:12 PM,05/20/2014 06:53:14 AM,05/20/2014 06:53:14 AM,Closed,DPT Abandoned Vehicles Work Queue,Abandoned Vehicle,Abandoned Vehicle - Car2door,drk blue - saturn -  - 4HSB269,"210 LAIDLEY ST, SAN FRANCISCO, CA, 94131",Fairmount,8.0,POINT (-122.42814628 37.7385385),Phone,
3635851,05/12/2014 03:36:02 PM,05/14/2014 11:44:18 AM,05/14/2014 11:44:18 AM,Closed,MUNI Work Queue,MUNI Feedback,MUNI - Conduct_Inattentiveness_Negligence,201_Pass_Up_Did_Not_Wait_for_Transferee,Not associated with a specific address,,,POINT (0 0),Phone,
3635846,05/12/2014 03:35:11 PM,05/12/2014 04:35:49 PM,05/12/2014 04:35:49 PM,Closed,Recology_Abandoned,Street and Sidewalk Cleaning,Bulky Items,Mattress,"1598 FULTON ST, SAN FRANCISCO, CA, 94117",Western Addition,2.0,POINT (-122.44309383 37.77628586),Phone,
3635842,05/12/2014 03:34:34 PM,05/13/2014 09:00:00 AM,05/13/2014 09:00:00 AM,Closed,DPW Ops Queue,Graffiti,Graffiti on Other_enter_additional_details_below,Other_enter_additional_details_below - Offensive,"1125 HAYES ST, SAN FRANCISCO, CA, 94117",Alamo Square,5.0,POINT (-122.43490098 37.77530811),Phone,
3635840,05/12/2014 03:34:17 PM,06/09/2014 10:54:00 AM,06/09/2014 10:54:00 AM,Closed,DPW BSM Queue,Graffiti,Graffiti on News_rack,News_rack - Offensive,Intersection of FREDERICK ST and STANYAN ST,Parnassus Heights,5.0,POINT (-122.45302866 37.76632001),Mobile/Open311,http://mobile311.sfgov.org/reports/3635840/photos
3635838,05/12/2014 03:33:35 PM,05/12/2014 04:35:52 PM,05/12/2014 04:35:52 PM,Closed,Recology_Abandoned,Encampments,Encampment items,Cart Pickup,Intersection of GROVE ST and BAKER ST,Panhandle,5.0,POINT (-122.44130151 37.77550504),Phone,
3635836,05/12/2014 03:32:47 PM,10/21/2014 03:22:09 PM,10/21/2014 03:22:09 PM,Closed,RPD Park Service Area 4 Queue,Rec and Park Requests,Park - Urban_Forestry,Other,"Pine Lake Park, , SAN FRANCISCO, CA, 94132",Parkside,4.0,POINT (-122.4859314 37.73630905),Web,
3635829,05/12/2014 03:31:46 PM,05/17/2014 02:38:12 PM,05/17/2014 02:38:12 PM,Closed,RPD GGP Queue,Sign Repair,Sign - Defaced,Other - Defaced; support - OK,"GGP County Fair Building and Horticultural Library, , SAN FRANCISCO, CA, 94122",Golden Gate Park,1.0,POINT (-122.46647513 37.76683207),Mobile/Open311,http://mobile311.sfgov.org/reports/3635829/photos
3635818,05/12/2014 03:29:31 PM,05/14/2014 09:09:00 AM,05/14/2014 09:09:00 AM,Closed,DPW Ops Queue,Graffiti,Graffiti on Building_commercial,Building_commercial - Offensive,"533 FREDERICK ST, SAN FRANCISCO, CA, 94117",Parnassus Heights,8.0,POINT (-122.45351294 37.76631929),Mobile/Open311,http://mobile311.sfgov.org/reports/3635818/photos
3635814,05/12/2014 03:28:29 PM,05/13/2014 11:13:05 AM,05/13/2014 11:13:05 AM,Closed,Clear Channel - Transit Queue,Graffiti,Graffiti on Transit_Shelter_Platform,Transit_Shelter_Platform - Not_Offensive,Intersection of CORDOVA ST and PRAGUE ST,Crocker Amazon,11.0,POINT (-122.43498107 37.71023727),Phone,
3635810,05/12/2014 03:28:02 PM,07/31/2014 02:06:55 PM,07/31/2014 02:06:55 PM,Closed,DPT SignShop Surveyed - Area 1 Queue,Sign Repair,Sign - Defaced,Other - Defaced; support - OK,"535 FREDERICK ST, SAN FRANCISCO, CA, 94117",Parnassus Heights,8.0,POINT (-122.4536362 37.76631858),Mobile/Open311,http://mobile311.sfgov.org/reports/3635810/photos
3635807,05/12/2014 03:27:33 PM,05/19/2014 02:57:17 PM,05/19/2014 02:57:17 PM,Closed,PUC Sewer Ops,Sewer Issues,Sewage_back_up,Outofsewervent4inch,"711 23RD AVE, SAN FRANCISCO, CA, 94121",Outer Richmond,1.0,POINT (-122.48223744 37.7742964),Phone,
3635799,05/12/2014 03:26:42 PM,05/21/2014 02:20:31 AM,05/21/2014 02:20:31 AM,Closed,DPW Ops Queue,Graffiti,Graffiti on Sidewalk_in_front_of_property,Sidewalk_in_front_of_property - Offensive,"535 FREDERICK ST, SAN FRANCISCO, CA, 94117",Parnassus Heights,8.0,POINT (-122.4535849 37.76629317),Mobile/Open311,http://mobile311.sfgov.org/reports/3635799/photos
3635796,05/12/2014 03:25:48 PM,06/06/2014 11:03:38 AM,06/06/2014 11:03:38 AM,Closed,DPW Ops Queue,Graffiti,Graffiti on Building_residential,Building_residential - Not_Offensive,Intersection of BALTIMORE WAY and CORDOVA ST,Crocker Amazon,11.0,POINT (-122.43409736 37.70816684),Phone,
3635791,05/12/2014 03:25:36 PM,05/16/2014 10:48:34 AM,05/16/2014 10:48:34 AM,Closed,RPD GGP Queue,Sign Repair,Sign - Defaced,Other - Defaced; support - OK,Intersection of 2ND AVE and LINCOLN WAY,Golden Gate Park,7.0,POINT (-122.45867603 37.76719365),Mobile/Open311,http://mobile311.sfgov.org/reports/3635791/photos
3635778,05/12/2014 03:23:00 PM,05/12/2014 04:37:54 PM,05/12/2014 04:37:54 PM,Closed,Recology_Abandoned,Street and Sidewalk Cleaning,General Cleaning,Other Loose Garbage,Intersection of 5TH AVE and LINCOLN WAY,Inner Sunset,7.0,POINT (-122.46226821 37.76691455),Mobile/Open311,http://mobile311.sfgov.org/reports/3635778/photos
3635769,05/12/2014 03:21:57 PM,05/12/2014 04:46:16 PM,05/12/2014 04:46:16 PM,Closed,Recology_Abandoned,Street and Sidewalk Cleaning,Bulky Items,Furniture,"201 POWELL ST, SAN FRANCISCO, CA, 94108",Downtown / Union Square,3.0,POINT (-122.4082489 37.78678894),Phone,
3635757,05/12/2014 03:20:22 PM,05/14/2014 10:58:35 AM,05/14/2014 10:58:35 AM,Closed,MUNI Work Queue,MUNI Feedback,MUNI - Services_Service_Delivery_Facilities,601_Delay_No_Show,Intersection of 22ND AVE and JUDAH ST,Outer Sunset,4.0,POINT (-122.48020935 37.76155853),Phone,
3635754,05/12/2014 03:19:44 PM,05/28/2014 04:05:54 PM,05/28/2014 04:05:54 PM,Closed,RPD GGP Queue,Sign Repair,Sign - Defaced,Other - Defaced; support - OK,"GGP County Fair Building and Horticultural Library, , SAN FRANCISCO, CA, 94122",Golden Gate Park,1.0,POINT (-122.46643776 37.76686846),Mobile/Open311,http://mobile311.sfgov.org/reports/3635754/photos
3635745,05/12/2014 03:16:48 PM,05/12/2014 03:20:45 AM,05/12/2014 03:20:45 AM,Closed,DPW Ops Queue,Graffiti,Graffiti on Pole,Pole - Not_Offensive,Intersection of HAIGHT ST and ASHBURY ST,Haight Ashbury,5.0,POINT (-122.44693331 37.7700062),Phone,
3635742,05/12/2014 03:15:58 PM,05/12/2014 03:33:00 AM,05/12/2014 03:33:00 AM,Closed,DPW Ops Queue,Graffiti,Graffiti on Pole,Pole - Offensive,Intersection of 12TH AVE and FULTON ST,Golden Gate Park,1.0,POINT (-122.47011672 37.77328461),Mobile/Open311,http://mobile311.sfgov.org/reports/3635742/photos
3635740,05/12/2014 03:15:53 PM,05/21/2014 01:08:56 PM,05/21/2014 01:08:56 PM,Closed,DPT Meter_Bike Queue,Damaged Property,Damaged Parking_Meter,Parking_Meter,Intersection of HARRISON ST and SHERMAN ST,South of Market,6.0,POINT (-122.40547581 37.77616097),Phone,
3635732,05/12/2014 03:14:14 PM,05/14/2014 07:26:41 AM,05/14/2014 07:26:41 AM,Closed,DPT Abandoned Vehicles Work Queue,Abandoned Vehicle,Abandoned Vehicle - Car4door,White - Toyota - Prius - 5HVL430,"841 TERESITA BLVD, SAN FRANCISCO, CA, 94127",Sunnyside,7.0,POINT (-122.44563227 37.73394384),Phone,
3635726,05/12/2014 03:13:34 PM,06/16/2014 11:37:21 AM,06/16/2014 11:37:21 AM,Closed,DPW Ops Queue,Graffiti,Graffiti on Building_commercial,Building_commercial - Offensive,"619 SANSOME ST, SAN FRANCISCO, CA, 94111",North Beach,3.0,POINT (-122.40177977 37.79589395),Phone,
3635725,05/12/2014 03:13:24 PM,05/12/2014 04:01:10 PM,05/12/2014 04:01:10 PM,Closed,Recology_Abandoned,Street and Sidewalk Cleaning,Bulky Items,Furniture,"750 7TH AVE, SAN FRANCISCO, CA, 94118",Inner Richmond,1.0,POINT (-122.46480844 37.7743904),Phone,
3635724,05/12/2014 03:13:02 PM,05/14/2014 12:28:57 PM,05/14/2014 12:28:57 PM,Closed,DPW Ops Queue,Graffiti,Graffiti on Building_commercial,Building_commercial - Offensive,Intersection of FUNSTON AVE and LINCOLN BLVD,Presidio National Park,2.0,POINT (-122.45471123 37.80011256),Mobile/Open311,http://mobile311.sfgov.org/reports/3635724/photos
3635718,05/12/2014 03:11:51 PM,05/21/2014 11:08:16 AM,05/21/2014 11:08:16 AM,Closed,DPT Meter_Bike Queue,Graffiti,Graffiti on Parking_meter,Parking_meter - Offensive,"405 12TH AVE, SAN FRANCISCO, CA, 94118",Inner Richmond,1.0,POINT (-122.47067712 37.78056849),Mobile/Open311,http://mobile311.sfgov.org/reports/3635718/photos
3635716,05/12/2014 03:11:33 PM,05/12/2014 04:17:56 PM,05/12/2014 04:17:56 PM,Closed,RPD Recreation Registration Queue,General Request - RPD,customer_callback,rpd_other - customer_callback,Not associated with a specific address,,,POINT (0 0),Phone,
3635715,05/12/2014 03:10:52 PM,05/15/2014 07:52:25 AM,05/15/2014 07:52:25 AM,Closed,DPT Color Curb Queue,Color Curb,Red Color Curb Request for,Red Color Curb Request for,"1036 TREAT AVE, SAN FRANCISCO, CA, 94110",Mission,9.0,POINT (-122.41322327 37.75356674),Web,
3635707,05/12/2014 03:09:14 PM,05/12/2014 05:20:43 PM,05/12/2014 05:20:43 PM,Closed,Recology_Abandoned,Street and Sidewalk Cleaning,Bulky Items,Furniture,"372 DOLORES ST, SAN FRANCISCO, CA, 94110",Mission Dolores,8.0,POINT (-122.42642611 37.76344834),Phone,
3635705,05/12/2014 03:09:02 PM,05/12/2014 04:37:08 PM,05/12/2014 04:37:08 PM,Closed,Recology_Abandoned,Street and Sidewalk Cleaning,Bulky Items,Mattress,"110 NATOMA ST, SAN FRANCISCO, CA, 94105",South of Market,6.0,POINT (-122.3990647 37.7870515),Phone,
3635704,05/12/2014 03:08:40 PM,06/16/2014 12:34:40 PM,06/16/2014 12:34:40 PM,Closed,DPW Ops Queue,Graffiti,Graffiti on Building_residential,Building_residential - Offensive,"1120 CLEMENT ST, SAN FRANCISCO, CA, 94118",Inner Richmond,1.0,POINT (-122.47109458 37.78269209),Mobile/Open311,http://mobile311.sfgov.org/reports/3635704/photos
3635690,05/12/2014 03:06:11 PM,05/12/2014 04:37:15 PM,05/12/2014 04:37:15 PM,Closed,Recology_Abandoned,Street and Sidewalk Cleaning,Bulky Items,Mattress,Intersection of 3RD ST and PERRY ST,South of Market,6.0,POINT (-122.39684119 37.78211816),Phone,
3635678,05/12/2014 03:04:31 PM,05/12/2014 03:48:42 PM,05/12/2014 03:48:42 PM,Closed,Recology_Abandoned,Street and Sidewalk Cleaning,General Cleaning,Other Loose Garbage,"638 KEARNY ST, SAN FRANCISCO, CA, 94108",Chinatown,3.0,POINT (-122.40465511 37.79408953),Phone,http://mobile311.sfgov.org/reports/3635678/photos
3635667,05/12/2014 03:03:48 PM,05/12/2014 03:53:34 PM,05/12/2014 03:53:34 PM,Closed,Recology_Abandoned,Street and Sidewalk Cleaning,Bulky Items,Furniture,Intersection of 12TH AVE and CALIFORNIA ST,Inner Richmond,1.0,POINT (-122.47107118 37.78462791),Mobile/Open311,http://mobile311.sfgov.org/reports/3635667/photos
3635666,05/12/2014 03:03:46 PM,05/12/2014 05:02:41 AM,05/12/2014 05:02:41 AM,Closed,DPW BSSR Queue,Street Defects,Pavement_Defect,Pavement_Defect,Intersection of 2ND ST and MISSION ST,Financial District,6.0,POINT (-122.39979553 37.78800583),Integrated Agency,
3635663,05/12/2014 03:02:42 PM,04/17/2015 10:06:20 PM,04/17/2015 10:06:20 PM,Closed,311 Service Request Queue - Hold,Graffiti,Graffiti on Mail_box,Mail_box - Offensive,Intersection of 12TH AVE and CALIFORNIA ST,Inner Richmond,1.0,POINT (-122.47106137 37.78461684),Mobile/Open311,http://mobile311.sfgov.org/reports/3635663/photos
3635651,05/12/2014 02:58:47 PM,05/12/2014 03:34:51 PM,05/12/2014 03:34:51 PM,Closed,PUC - Water - G,General Request - PUC,request_for_service,water - request_for_service,"1550 17TH ST, SAN FRANCISCO, CA, 94107",Potrero Hill,10.0,POINT (-122.39919743 37.76503843),Phone,
3635650,05/12/2014 02:58:46 PM,05/13/2014 09:00:00 AM,05/13/2014 09:00:00 AM,Closed,DPW Ops Queue,Graffiti,Graffiti on Pole,Pole - Offensive,Intersection of 11TH AVE and CALIFORNIA ST,Inner Richmond,1.0,POINT (-122.46990733 37.78464513),Mobile/Open311,http://mobile311.sfgov.org/reports/3635650/photos
3635646,05/12/2014 02:57:30 PM,05/12/2014 05:41:56 PM,05/12/2014 05:41:56 PM,Closed,Recology_Abandoned,Street and Sidewalk Cleaning,General Cleaning,Other Loose Garbage,"421 NEVADA ST, SAN FRANCISCO, CA, 94110",Bernal Heights,9.0,POINT (-122.41157541 37.73669886),Phone,
3635644,05/12/2014 02:56:07 PM,05/19/2014 07:36:56 AM,05/19/2014 07:36:56 AM,Closed,DPT Abandoned Vehicles Work Queue,Abandoned Vehicle,Abandoned Vehicle -,black - Volkswagen - Jetta - 4NRA153,Intersection of 23RD AVE and FULTON ST,Golden Gate Park,1.0,POINT (-122.48204855 37.77266513),Phone,
3635638,05/12/2014 02:54:57 PM,05/13/2014 09:00:00 AM,05/13/2014 09:00:00 AM,Closed,DPW Ops Queue,Graffiti,Graffiti on Pole,Pole - Offensive,Intersection of CHARLES J BRENHAM PL and MCALLISTER ST,Civic Center,5.0,POINT (-122.413192 37.780899),Mobile/Open311,http://mobile311.sfgov.org/reports/3635638/photos
3635625,05/12/2014 02:53:06 PM,05/12/2014 03:37:44 PM,05/12/2014 03:37:44 PM,Closed,Recology_Abandoned,Street and Sidewalk Cleaning,Bulky Items,Mattress,"775 POST ST, SAN FRANCISCO, CA, 94109",Lower Nob Hill,3.0,POINT (-122.41455711 37.78745197),Phone,
3635610,05/12/2014 02:49:47 PM,05/12/2014 04:27:48 AM,05/12/2014 04:27:48 AM,Closed,DPW Ops Queue,Street and Sidewalk Cleaning,Human or Animal Waste,Human or Animal Waste,"490 EDDY ST, SAN FRANCISCO, CA, 94109",Tenderloin,5.0,POINT (-122.41572085 37.78359014),Phone,
3635608,05/12/2014 02:49:38 PM,05/27/2014 07:34:20 AM,05/27/2014 07:34:20 AM,Closed,DPW BSSR Queue,Street Defects,Pavement_Defect,Pavement_Defect,"174 FLOOD AVE, SAN FRANCISCO, CA, 94131",Sunnyside,7.0,POINT (-122.44369507 37.73001099),Integrated Agency,
3635607,05/12/2014 02:49:35 PM,05/12/2014 03:31:33 PM,05/12/2014 03:31:33 PM,Closed,Recology_Abandoned,Street and Sidewalk Cleaning,Bulky Items,Refrigerator,Intersection of MYRTLE ST and LARKIN ST,Tenderloin,5.0,POINT (-122.41799927 37.78564072),Integrated Agency,
3635604,05/12/2014 02:48:51 PM,05/13/2014 02:20:00 AM,05/13/2014 02:20:00 AM,Closed,DPW Ops Queue,Street and Sidewalk Cleaning,Human or Animal Waste,Human or Animal Waste,"575 OFARRELL ST, SAN FRANCISCO, CA, 94102",Tenderloin,5.0,POINT (-122.41418009 37.78558195),Phone,
3635601,05/12/2014 02:47:51 PM,05/13/2014 08:56:52 AM,05/13/2014 08:56:52 AM,Closed,DPW Ops Queue,Street and Sidewalk Cleaning,Human or Animal Waste,Human or Animal Waste,"471 TURK ST, SAN FRANCISCO, CA, 94102",Tenderloin,5.0,POINT (-122.41681115 37.78238576),Phone,
3635595,05/12/2014 02:46:34 PM,05/13/2014 08:57:30 AM,05/13/2014 08:57:30 AM,Closed,DPW Ops Queue,Street and Sidewalk Cleaning,Human or Animal Waste,Human or Animal Waste,"201 EDDY ST, SAN FRANCISCO, CA, 94102",Tenderloin,5.0,POINT (-122.41099175 37.78407893),Phone,
3635590,05/12/2014 02:45:36 PM,05/13/2014 08:48:30 AM,05/13/2014 08:48:30 AM,Closed,DPW Ops Queue,Street and Sidewalk Cleaning,Human or Animal Waste,Human or Animal Waste,"125 HYDE ST, SAN FRANCISCO, CA, 94102",Tenderloin,5.0,POINT (-122.41562497 37.78188587),Phone,
3635587,05/12/2014 02:45:10 PM,05/13/2014 08:52:12 AM,05/13/2014 08:52:12 AM,Closed,DPT Abandoned Vehicles Work Queue,Abandoned Vehicle,Abandoned Vehicle - SUV,WHITE - Mitsubishi - MONTERO - 8x99123,"1608 TREAT AVE, SAN FRANCISCO, CA, 94110",Bernal Heights,9.0,POINT (-122.41243744 37.74459457),Web,
3635585,05/12/2014 02:44:58 PM,05/12/2014 06:41:53 PM,05/12/2014 06:41:53 PM,Closed,311 Supervisor Queue,Street and Sidewalk Cleaning,General Cleaning,Other Loose Garbage,Intersection of BEACH ST and TAYLOR ST,Fisherman's Wharf,3.0,POINT (-122.41555081 37.80713429),Mobile/Open311,http://mobile311.sfgov.org/reports/3635585/photos
3635582,05/12/2014 02:44:31 PM,05/12/2014 04:22:29 PM,05/12/2014 04:22:29 PM,Closed,Recology_Abandoned,Street and Sidewalk Cleaning,Bulky Items,Furniture,Intersection of 17TH ST and WISCONSIN ST,Potrero Hill,10.0,POINT (-122.39953701 37.76509188),Mobile/Open311,http://mobile311.sfgov.org/reports/3635582/photos
3635581,05/12/2014 02:44:12 PM,05/12/2014 04:56:48 AM,05/12/2014 04:56:48 AM,Closed,DPW Ops Queue,Street and Sidewalk Cleaning,Human or Animal Waste,Human or Animal Waste,Intersection of ELLIS ST and HYDE ST,Tenderloin,5.0,POINT (-122.41607175 37.78444697),Phone,
3635578,05/12/2014 02:43:45 PM,05/15/2014 07:26:03 AM,05/15/2014 07:26:03 AM,Closed,DPT Abandoned Vehicles Work Queue,Abandoned Vehicle,Abandoned Vehicle - SUV,WHITE - Mitsubishi - MONTERO - 8x99123,"1604 TREAT AVE, SAN FRANCISCO, CA, 94110",Bernal Heights,9.0,POINT (-122.4124527 37.7447319),Web,
3635575,05/12/2014 02:43:35 PM,05/20/2014 03:08:06 AM,05/20/2014 03:08:06 AM,Closed,DPW Ops Queue,Street and Sidewalk Cleaning,General Cleaning,Other Loose Garbage,"768 FUNSTON AVE, SAN FRANCISCO, CA, 94118",Inner Richmond,1.0,POINT (-122.47113037 37.7738266),Phone,
3635573,05/12/2014 02:43:04 PM,05/12/2014 07:44:00 AM,05/12/2014 07:44:00 AM,Closed,DPW Ops Queue,Street and Sidewalk Cleaning,Hazardous Materials,Glass,Intersection of MARKET ST and CYRIL MAGNIN ST,Downtown / Union Square,6.0,POINT (-122.40806835 37.78399168),Phone,
3635572,05/12/2014 02:42:57 PM,05/13/2014 04:50:00 AM,05/13/2014 04:50:00 AM,Closed,DPW Ops Queue,Street and Sidewalk Cleaning,Human or Animal Waste,Human or Animal Waste,"240 JONES ST, SAN FRANCISCO, CA, 94102",Tenderloin,5.0,POINT (-122.41242092 37.7833965),Phone,
3635566,05/12/2014 02:42:04 PM,05/13/2014 07:05:00 AM,05/13/2014 07:05:00 AM,Closed,DPW Ops Queue,Street and Sidewalk Cleaning,Human or Animal Waste,Human or Animal Waste,"400 HYDE ST, SAN FRANCISCO, CA, 94109",Tenderloin,5.0,POINT (-122.41487931 37.78263141),Phone,
3635556,05/12/2014 02:40:50 PM,05/13/2014 08:00:00 AM,05/13/2014 08:00:00 AM,Closed,DPW Ops Queue,Street and Sidewalk Cleaning,Human or Animal Waste,Human or Animal Waste,"351 TURK ST, SAN FRANCISCO, CA, 94102",Tenderloin,5.0,POINT (-122.41487931 37.78263141),Phone,
3635552,05/12/2014 02:40:18 PM,05/12/2014 04:51:44 PM,05/12/2014 04:51:44 PM,Closed,Recology_Abandoned,Street and Sidewalk Cleaning,Automotive,Tires,"1515 19TH AVE, SAN FRANCISCO, CA, 94122",Outer Sunset,4.0,POINT (-122.47693713 37.75952987),Phone,
3635550,05/12/2014 02:40:07 PM,08/18/2015 02:25:58 PM,08/18/2015 02:25:58 PM,Closed,SFMTA - Temporary Sign Request Queue,Temporary Sign Request,Temporary Sign Request for Corporate_Events,100 ft zone requested from 06/05/2014 to 06/05/2014,"5 DORE ST, SAN FRANCISCO, CA, 94103",South of Market,6.0,POINT (-122.41361237 37.77447128),Phone,
3635547,05/12/2014 02:39:36 PM,05/13/2014 02:10:00 AM,05/13/2014 02:10:00 AM,Closed,DPW Ops Queue,Street and Sidewalk Cleaning,Human or Animal Waste,Human or Animal Waste,Intersection of LEAVENWORTH ST and ELLIS ST,Tenderloin,5.0,POINT (-122.41442962 37.78465494),Phone,
3635540,05/12/2014 02:38:02 PM,05/13/2014 07:55:00 AM,05/13/2014 07:55:00 AM,Closed,DPW Ops Queue,Street and Sidewalk Cleaning,Human or Animal Waste,Human or Animal Waste,"90 TURK ST, SAN FRANCISCO, CA, 94102",Tenderloin,5.0,POINT (-122.41057694 37.78329179),Phone,
3635539,05/12/2014 02:38:01 PM,05/12/2014 04:45:49 PM,05/12/2014 04:45:49 PM,Closed,Recology_Abandoned,Street and Sidewalk Cleaning,Bulky Items,Furniture,"663 UNIVERSITY ST, SAN FRANCISCO, CA, 94134",Portola,9.0,POINT (-122.41209459 37.72192567),Phone,
3635538,05/12/2014 02:37:58 PM,05/13/2014 04:11:52 PM,05/13/2014 04:11:52 PM,Closed,DPH - Environmental Health - G,Residential Building Request,Building - Infestation_Rodent_Insect,Infestation_Rodent_Insect,"88 PERRY ST, SAN FRANCISCO, CA, 94107",South of Market,6.0,POINT (-122.39677429 37.78232956),Phone,
3635532,05/12/2014 02:37:23 PM,05/12/2014 05:07:20 AM,05/12/2014 05:07:20 AM,Closed,DPW BSSR Queue,Street Defects,Pavement_Defect,Pavement_Defect,Intersection of MISSION ST and 2ND ST,Financial District,6.0,POINT (-122.39979869 37.78800659),Phone,
3635516,05/12/2014 02:34:12 PM,05/20/2014 11:37:07 AM,05/20/2014 11:37:07 AM,Closed,PUC Sewer Ops,Street Defects,Pavement_Defect,Pavement_Defect,"239 LISBON ST, SAN FRANCISCO, CA, 94112",Excelsior,11.0,POINT (-122.43158722 37.72441864),Integrated Agency,
3635515,05/12/2014 02:34:09 PM,05/12/2014 05:32:34 PM,05/12/2014 05:32:34 PM,Closed,Recology_Overflowing,Street and Sidewalk Cleaning,Overflowing_City_Receptacle_or_Dumpster,Overflowing_City_Receptacle_or_Dumpster,Intersection of 7TH AVE and CLEMENT ST,Inner Richmond,1.0,POINT (-122.46549225 37.78289032),Integrated Agency,
3635511,05/12/2014 02:33:24 PM,05/21/2014 01:08:33 PM,05/21/2014 01:08:33 PM,Closed,DPT Meter_Bike Queue,Damaged Property,Damaged Parking_Meter,Parking_Meter,Intersection of COLUMBUS AVE and JACKSON ST,Chinatown,3.0,POINT (-122.40441132 37.7963028),Phone,
3635498,05/12/2014 02:31:33 PM,05/20/2014 01:27:51 PM,05/20/2014 01:27:51 PM,Closed,Clear Channel - Transit Queue,Damaged Property,Damaged Transit_Shelter_Platform_Hazardous,Transit_Shelter_Platform_Hazardous,Intersection of 5TH ST and MARKET ST,Downtown / Union Square,6.0,POINT (-122.40806835 37.78399168),Phone,
3635488,05/12/2014 02:30:18 PM,05/14/2014 09:00:00 AM,05/14/2014 09:00:00 AM,Closed,DPW Ops Queue,Graffiti,Graffiti on Sidewalk_structure,Sidewalk_structure - Not_Offensive,Intersection of VICTORIA ST and SARGENT ST,Merced Heights,11.0,POINT (-122.4653244 37.71611786),Web,
3635483,05/12/2014 02:28:17 PM,05/13/2014 12:19:50 AM,05/13/2014 12:19:50 AM,Closed,DPT - Other - G,General Request - MTA,request_for_service,traffic_engineering - request_for_service,Intersection of MASONIC AVE and TURK BLVD,Lone Mountain,2.0,POINT (-122.44704149 37.77862154),Phone,
3635472,05/12/2014 02:26:01 PM,05/14/2014 11:22:33 AM,05/14/2014 11:22:33 AM,Closed,MUNI Work Queue,MUNI Feedback,MUNI - Services_Service_Planning,701_Insufficient_Frequency,Not associated with a specific address,,,POINT (0 0),Phone,
3635469,05/12/2014 02:25:44 PM,05/20/2014 01:10:00 AM,05/20/2014 01:10:00 AM,Closed,DPW Ops Queue,Street and Sidewalk Cleaning,Human or Animal Waste,Human or Animal Waste,Intersection of MARKET ST and MASON ST,Tenderloin,6.0,POINT (-122.409063 37.783164),Mobile/Open311,http://mobile311.sfgov.org/reports/3635469/photos
3635467,05/12/2014 02:24:51 PM,05/13/2014 09:34:54 AM,05/13/2014 09:34:54 AM,Closed,DPT Abandoned Vehicles Work Queue,Abandoned Vehicle,Abandoned Vehicles,DPT Abandoned Vehicles Low,"262 MANGELS AVE, SAN FRANCISCO, CA, 94131",Sunnyside,7.0,POINT (-122.4435 37.73314),Mobile/Open311,http://mobile311.sfgov.org/reports/3635467/photos
3635465,05/12/2014 02:24:40 PM,05/12/2014 06:02:46 PM,05/12/2014 06:02:46 PM,Closed,311 Supervisor Queue,Sign Repair,Sign - Other,Other - Other; support - OK,"45 FREMONT ST, SAN FRANCISCO, CA, 94105",Financial District,6.0,POINT (-122.396944 37.791159),Mobile/Open311,
3635449,05/12/2014 02:20:24 PM,05/14/2014 09:00:00 AM,05/14/2014 09:00:00 AM,Closed,DPW Ops Queue,Tree Maintenance,Trees - Damaged_Tree,Damage_vandalism,"250 GENEVA AVE, SAN FRANCISCO, CA, 94112",Oceanview,11.0,POINT (-122.44890266 37.72148454),Phone,
3635444,05/12/2014 02:19:39 PM,05/12/2014 04:17:51 PM,05/12/2014 04:17:51 PM,Closed,Recology_Abandoned,Street and Sidewalk Cleaning,Bulky Items,Furniture,"135 CLEMENT ST, SAN FRANCISCO, CA, 94118",Inner Richmond,1.0,POINT (-122.46051423 37.78306256),Phone,
3635441,05/12/2014 02:18:59 PM,05/14/2014 11:50:23 AM,05/14/2014 11:50:23 AM,Closed,PUC Sewer Ops,Street Defects,Pavement_Defect,Pavement_Defect,Intersection of HARRINGTON ST and ALEMANY BLVD,Mission Terrace,11.0,POINT (-122.43627167 37.72605896),Integrated Agency,
3635436,05/12/2014 02:15:32 PM,03/02/2015 07:56:04 PM,03/02/2015 07:56:04 PM,Closed,RPD Park Service Area 1 Queue,Rec and Park Requests,Park - Structural_Maintenance,Electrical,"Helen Wills Playground, , SAN FRANCISCO, CA, 94109",Polk Gulch,3.0,POINT (-122.42066193 37.79577255),Web,
3635435,05/12/2014 02:15:15 PM,05/12/2014 08:18:33 AM,05/12/2014 08:18:33 AM,Closed,DPW Ops Queue,Litter Receptacles,Tipped_over,,Intersection of CHURCH ST and DUBOCE AVE,Duboce Triangle,8.0,POINT (-122.42912878 37.76945562),Phone,
3635422,05/12/2014 02:12:35 PM,05/12/2014 02:36:42 PM,05/12/2014 02:36:42 PM,Closed,Recology_Abandoned,Street and Sidewalk Cleaning,Bulky Items,Mattress,"277 HERMANN ST, SAN FRANCISCO, CA, 94117",Duboce Triangle,8.0,POINT (-122.42959595 37.77014542),Phone,
3635415,05/12/2014 02:12:09 PM,05/14/2014 10:38:33 AM,05/14/2014 10:38:33 AM,Closed,MUNI Work Queue,MUNI Feedback,MUNI - Conduct_Unsafe_Operation,107_Fall_Boarding_On_Board_Alighting_Injury,Intersection of 18TH ST and CASTRO ST,Castro,8.0,POINT (-122.43499756 37.76088715),Phone,
3635407,05/12/2014 02:08:44 PM,05/21/2014 01:08:13 PM,05/21/2014 01:08:13 PM,Closed,DPT Meter_Bike Queue,Damaged Property,Damaged Parking_Meter,Parking_Meter,Intersection of SACRAMENTO ST and DAVIS ST,Financial District,3.0,POINT (-122.39779663 37.79443359),Phone,
3635389,05/12/2014 02:06:22 PM,05/21/2014 01:07:38 PM,05/21/2014 01:07:38 PM,Closed,DPT Meter_Bike Queue,Damaged Property,Damaged Parking_Meter,Parking_Meter,"1737 JACKSON ST, SAN FRANCISCO, CA, 94109",Pacific Heights,2.0,POINT (-122.42365507 37.79380033),Phone,
3635387,05/12/2014 02:04:59 PM,05/15/2014 05:47:07 AM,05/15/2014 05:47:07 AM,Closed,DPW Ops Queue,Graffiti,Graffiti on Pole,Pole - Not_Offensive,"111 JONES ST, SAN FRANCISCO, CA, 94102",Tenderloin,5.0,POINT (-122.41231348 37.78218136),Phone,
3635385,05/12/2014 02:04:49 PM,05/19/2014 02:46:36 PM,05/19/2014 02:46:36 PM,Closed,SFMTA - Temporary Sign Request Printing Queue,Temporary Sign Request,Temporary Sign Request for Moving_residential_property,80 ft zone requested from 05/23/2014 to 05/24/2014,"4837 17TH ST, SAN FRANCISCO, CA, 94117",Ashbury Heights,8.0,POINT (-122.44978333 37.76148987),Phone,
3635378,05/12/2014 02:03:57 PM,05/20/2014 11:09:22 AM,05/20/2014 11:09:22 AM,Closed,PUC Sewer Ops,Street Defects,Pavement_Defect,Pavement_Defect,"970 GEARY ST, SAN FRANCISCO, CA, 94109",Lower Nob Hill,3.0,POINT (-122.41915894 37.78607559),Integrated Agency,
3635377,05/12/2014 02:03:53 PM,07/23/2014 12:00:00 PM,07/23/2014 12:00:00 PM,Closed,DPW - Bureau of Street Use and Mapping - G,General Request - PUBLIC WORKS,request_for_service,bsm - request_for_service,"1508 HAIGHT ST, SAN FRANCISCO, CA, 94117",Haight Ashbury,5.0,POINT (-122.44712067 37.7700386),Integrated Agency,
3635373,05/12/2014 02:03:28 PM,05/13/2014 11:09:19 AM,05/13/2014 11:09:19 AM,Closed,Clear Channel - Transit Queue,Street and Sidewalk Cleaning,Human or Animal Waste,Human or Animal Waste,"1203 46TH AVE, SAN FRANCISCO, CA, 94122",Outer Sunset,4.0,POINT (-122.50635529 37.76397705),Web,
3635365,05/12/2014 02:00:16 PM,05/27/2014 03:06:29 PM,05/27/2014 03:06:29 PM,Closed,Animal Care and Control - G,General Request - ANIMAL CARE CONTROL,request_for_service,animal_care_control - request_for_service,Not associated with a specific address,,,POINT (-122.41848828 37.77482644),Phone,
3635361,05/12/2014 01:59:37 PM,05/19/2014 02:47:13 PM,05/19/2014 02:47:13 PM,Closed,SFMTA - Temporary Sign Request Printing Queue,Temporary Sign Request,Temporary Sign Request for Moving_residential_property,80 ft zone requested from 05/22/2014 to 05/23/2014,"61 PARNASSUS AVE, SAN FRANCISCO, CA, 94117",Ashbury Heights,8.0,POINT (-122.44888306 37.76485443),Phone,
3635354,05/12/2014 01:56:43 PM,05/13/2014 06:41:27 AM,05/13/2014 06:41:27 AM,Closed,Recology_Litter,Litter Receptacles,Other_enter_additional_details_below,,"10 WASHBURN ST, SAN FRANCISCO, CA, 94103",South of Market,6.0,POINT (-122.41501253 37.77571802),Phone,
3635353,05/12/2014 01:56:34 PM,05/12/2014 04:22:15 PM,05/12/2014 04:22:15 PM,Closed,Recology_Abandoned,Street and Sidewalk Cleaning,Bulky Items,Mattress,"137 GIRARD ST, SAN FRANCISCO, CA, 94134",Portola,9.0,POINT (-122.40583487 37.7305426),Phone,
3635349,05/12/2014 01:56:02 PM,04/17/2015 10:06:15 PM,04/17/2015 10:06:15 PM,Closed,311 Service Request Queue - Hold,311 External Request,Graffiti,Graffiti,Intersection of FULTON ST and WILLARD ST NORTH,Golden Gate Park,1.0,POINT (-122.45628563 37.77455412),Phone,
3635336,05/12/2014 01:53:28 PM,05/12/2014 03:39:43 PM,05/12/2014 03:39:43 PM,Closed,Recology_Abandoned,Street and Sidewalk Cleaning,General Cleaning,Other Loose Garbage,"10 WASHBURN ST, SAN FRANCISCO, CA, 94103",South of Market,6.0,POINT (-122.41480255 37.77552032),Phone,
3635325,05/12/2014 01:51:48 PM,05/12/2014 02:30:42 PM,05/12/2014 02:30:42 PM,Closed,Recology_Abandoned,Street and Sidewalk Cleaning,Bulky Items,Furniture,"2239 44TH AVE, SAN FRANCISCO, CA, 94116",Outer Sunset,4.0,POINT (-122.50275813 37.74485909),Phone,
3635317,05/12/2014 01:51:07 PM,05/12/2014 02:16:59 PM,05/12/2014 02:16:59 PM,Closed,PUC - Water - G,Sewer Issues,Water_leak,Water_leak Water_leak,Intersection of HERMANN ST and STEINER ST,Duboce Triangle,8.0,POINT (-122.43171692 37.77003479),Web,
3635312,05/12/2014 01:50:25 PM,05/12/2014 02:16:32 PM,05/12/2014 02:16:32 PM,Closed,Recology_Abandoned,Street and Sidewalk Cleaning,Bulky Items,Mattress,Intersection of DUBOCE AVE and SANCHEZ ST,Duboce Triangle,8.0,POINT (-122.431274 37.769241),Mobile/Open311,
3635311,05/12/2014 01:49:56 PM,05/12/2014 03:39:25 PM,05/12/2014 03:39:25 PM,Closed,Recology_Abandoned,Street and Sidewalk Cleaning,Bulky Items,Furniture,Intersection of TEHAMA ST and 5TH ST,South of Market,6.0,POINT (-122.40440369 37.78107834),Phone,
3635310,05/12/2014 01:49:55 PM,05/20/2014 10:53:59 AM,05/20/2014 10:53:59 AM,Closed,PUC Sewer Ops,Street Defects,Pavement_Defect,Pavement_Defect,Intersection of MISSION ST and 26TH ST,Mission,9.0,POINT (-122.4181366 37.74904251),Integrated Agency,
3635309,05/12/2014 01:49:52 PM,05/12/2014 01:58:46 PM,05/12/2014 01:58:46 PM,Closed,DPW BSSR Queue,Street Defects,Pavement_Defect,Pavement_Defect,Intersection of LILAC ST and 26TH ST,Mission,9.0,POINT (-122.41756439 37.74907684),Integrated Agency,
3635301,05/12/2014 01:48:21 PM,11/03/2014 10:44:59 AM,11/03/2014 10:44:59 AM,Closed,RPD Park Service Area 3 Queue,Rec and Park Requests,Park - Neighborhood_Services_Area,Trash_Dumping,"Hilltop Park, , SAN FRANCISCO, CA, 94124",Bayview,10.0,POINT (-122.38347643 37.73291565),Phone,
3635292,05/12/2014 01:45:53 PM,05/13/2014 11:12:36 AM,05/13/2014 11:12:36 AM,Closed,DPW - Bureau of Street Environmental Services - G,General Request - PUBLIC WORKS,customer_callback,bses - customer_callback,"2239 44TH AVE, SAN FRANCISCO, CA, 94116",Outer Sunset,4.0,POINT (-122.50275813 37.74485909),Phone,
3635290,05/12/2014 01:45:06 PM,11/03/2014 10:44:20 AM,11/03/2014 10:44:20 AM,Closed,RPD Park Service Area 3 Queue,Rec and Park Requests,Park - Neighborhood_Services_Area,Trash_Dumping,"Hilltop Park, , SAN FRANCISCO, CA, 94124",Bayview,10.0,POINT (-122.38347643 37.73291565),Phone,
3635287,05/12/2014 01:44:45 PM,05/21/2014 01:07:20 PM,05/21/2014 01:07:20 PM,Closed,DPT Meter_Bike Queue,Damaged Property,Damaged Parking_Meter,Parking_Meter,Intersection of LARKIN ST and SUTTER ST,Lower Nob Hill,3.0,POINT (-122.41846466 37.78796768),Phone,
3635281,05/12/2014 01:43:44 PM,05/21/2014 01:07:06 PM,05/21/2014 01:07:06 PM,Closed,DPT Meter_Bike Queue,Damaged Property,Damaged Parking_Meter,Parking_Meter,Intersection of MISSION ST and 26TH ST,Mission,9.0,POINT (-122.41813729 37.74904131),Phone,
3635275,05/12/2014 01:41:59 PM,05/19/2014 06:05:42 AM,05/19/2014 06:05:42 AM,Closed,DPT Abandoned Vehicles Work Queue,Abandoned Vehicle,Abandoned Vehicle - SUV,White - GMC - YUKON - 0760MA,"880 UNION ST, SAN FRANCISCO, CA, 94133",Russian Hill,3.0,POINT (-122.41379849 37.79991875),Phone,
3635272,05/12/2014 01:41:30 PM,05/13/2014 04:35:00 AM,05/13/2014 04:35:00 AM,Closed,DPW Ops Queue,Graffiti,Graffiti on City_receptacle,City_receptacle - Not_Offensive,Intersection of GOLDEN GATE AVE and JONES ST,Tenderloin,5.0,POINT (-122.412169 37.782026),Mobile/Open311,http://mobile311.sfgov.org/reports/3635272/photos
3635250,05/12/2014 01:36:53 PM,05/14/2014 10:57:36 AM,05/14/2014 10:57:36 AM,Closed,MUNI Work Queue,MUNI Feedback,MUNI - Conduct_Discourteous_Insensitive_Inappropriate_Conduct,306_General_Unprofessional_Conduct_Appearance,Not associated with a specific address,,,POINT (0 0),Phone,
3635244,05/12/2014 01:35:54 PM,05/20/2014 10:43:52 AM,05/20/2014 10:43:52 AM,Closed,PUC Sewer Ops,Street Defects,Pavement_Defect,Pavement_Defect,Intersection of NOE ST and LIBERTY ST,Dolores Heights,8.0,POINT (-122.43240356 37.75701904),Integrated Agency,
3635241,05/12/2014 01:35:27 PM,05/13/2014 12:00:00 PM,05/13/2014 12:00:00 PM,Closed,DPW BSM Queue,Sidewalk or Curb,Missing_Side_Sewer_Vent_Cover,Missing_Side_Sewer_Vent_Cover,Not associated with a specific address,,,POINT (0 0),Phone,
3635237,05/12/2014 01:34:07 PM,05/16/2014 01:27:22 PM,05/16/2014 01:27:22 PM,Closed,PUC Sewer Ops,Sewer Issues,Sewage_back_up,Outofsewervent4inch,"937 HARRISON ST, SAN FRANCISCO, CA, 94107",South of Market,6.0,POINT (-122.40262452 37.77833588),Phone,
3635234,05/12/2014 01:33:03 PM,05/13/2014 11:00:00 AM,05/13/2014 11:00:00 AM,Closed,DPW Ops Queue,Graffiti,Graffiti on Sidewalk_in_front_of_property,Sidewalk_in_front_of_property - Not_Offensive,"7 JOOST AVE, SAN FRANCISCO, CA, 94131",Sunnyside,7.0,POINT (-122.43522 37.732262),Mobile/Open311,http://mobile311.sfgov.org/reports/3635234/photos
3635232,05/12/2014 01:32:49 PM,05/13/2014 11:00:00 AM,05/13/2014 11:00:00 AM,Closed,DPW Ops Queue,Graffiti,Graffiti on Sidewalk_in_front_of_property,Sidewalk_in_front_of_property - Not_Offensive,"7 JOOST AVE, SAN FRANCISCO, CA, 94131",Sunnyside,7.0,POINT (-122.43522 37.732262),Mobile/Open311,http://mobile311.sfgov.org/reports/3635232/photos
3635228,05/12/2014 01:31:37 PM,05/23/2014 02:37:00 AM,05/23/2014 02:37:00 AM,Closed,DPW BSM Queue,Sidewalk or Curb,Missing_Side_Sewer_Vent_Cover,Missing_Side_Sewer_Vent_Cover,Not associated with a specific address,,,POINT (0 0),Phone,
3635226,05/12/2014 01:31:17 PM,06/18/2017 05:26:04 AM,06/18/2017 05:26:04 AM,Closed,DPW BSM Queue,Sidewalk or Curb,Sidewalk_Defect,Collapsed_sidewalk,"2500 SAN BRUNO AVE, SAN FRANCISCO, CA, 94134",Portola,9.0,POINT (-122.40464459 37.72998224),Phone,
3635216,05/12/2014 01:29:40 PM,05/12/2014 05:14:44 PM,05/12/2014 05:14:44 PM,Closed,Recology_Abandoned,Encampments,Encampment items,Cart Pickup,"4080 MISSION ST, SAN FRANCISCO, CA, 94112",St. Mary's Park,11.0,POINT (-122.42876962 37.73136977),Phone,
3635212,05/12/2014 01:28:57 PM,05/12/2014 02:06:42 PM,05/12/2014 02:06:42 PM,Closed,Recology_Abandoned,Street and Sidewalk Cleaning,General Cleaning,Other Loose Garbage,"456 BROADWAY, SAN FRANCISCO, CA, 94133",North Beach,3.0,POINT (-122.40491929 37.79806377),Mobile/Open311,http://mobile311.sfgov.org/reports/3635212/photos
3635206,05/12/2014 01:27:58 PM,05/21/2014 01:06:37 PM,05/21/2014 01:06:37 PM,Closed,DPT Meter_Bike Queue,Damaged Property,Damaged Parking_Meter,Parking_Meter,"639 CLAY ST, SAN FRANCISCO, CA, 94111",Chinatown,3.0,POINT (-122.40378362 37.79452663),Phone,
3635200,05/12/2014 01:26:52 PM,05/12/2014 02:00:27 PM,05/12/2014 02:00:27 PM,Closed,Recology_Abandoned,Street and Sidewalk Cleaning,Bulky Items,Furniture,Intersection of FRESNO ST and GRANT AVE,North Beach,3.0,POINT (-122.407114 37.79849362),Mobile/Open311,http://mobile311.sfgov.org/reports/3635200/photos
3635196,05/12/2014 01:26:19 PM,05/13/2014 09:00:00 AM,05/13/2014 09:00:00 AM,Closed,DPW Ops Queue,Graffiti,Graffiti on Sidewalk_structure,Sidewalk_structure - Offensive,Intersection of FRANCISCO ST and LEAVENWORTH ST,Russian Hill,3.0,POINT (-122.41834381 37.80406963),Phone,
3635195,05/12/2014 01:26:15 PM,05/19/2014 06:03:37 AM,05/19/2014 06:03:37 AM,Closed,DPT Abandoned Vehicles Work Queue,Abandoned Vehicle,Abandoned Vehicle - Car4door,black - Mercedes - Flordia Plate - BQUH76,"998 CHESTNUT ST, SAN FRANCISCO, CA, 94109",Russian Hill,3.0,POINT (-122.41962433 37.80305862),Web,
3635194,05/12/2014 01:26:14 PM,05/12/2014 02:16:36 PM,05/12/2014 02:16:36 PM,Closed,Recology_Abandoned,Street and Sidewalk Cleaning,General Cleaning,Other Loose Garbage,Intersection of OSAGE ALY and 26TH ST,Mission,9.0,POINT (-122.41871061 37.74900451),Phone,
3635193,05/12/2014 01:26:10 PM,09/25/2014 09:08:23 PM,09/25/2014 09:08:23 PM,Closed,DPT Color Curb Queue,Color Curb,White_Fee Color Curb Request,White_Fee zone for,"1080 SUTTER ST, SAN FRANCISCO, CA, 94109",Lower Nob Hill,3.0,POINT (-122.41814423 37.78805161),Web,
3635189,05/12/2014 01:25:37 PM,05/12/2014 02:16:42 PM,05/12/2014 02:16:42 PM,Closed,Recology_Abandoned,Street and Sidewalk Cleaning,Bulky Items,Mattress,"275 HERMANN ST, SAN FRANCISCO, CA, 94117",Duboce Triangle,8.0,POINT (-122.42964057 37.7702411),Phone,
3635184,05/12/2014 01:25:01 PM,05/13/2014 05:51:16 AM,05/13/2014 05:51:16 AM,Closed,DPW Ops Queue,Street and Sidewalk Cleaning,General Cleaning,Other Loose Garbage,"93 NORTON ST, SAN FRANCISCO, CA, 94112",Mission Terrace,11.0,POINT (-122.43650062 37.72529856),Phone,
3635169,05/12/2014 01:23:52 PM,05/20/2014 11:44:57 AM,05/20/2014 11:44:57 AM,Closed,PUC Sewer Ops,Street Defects,Pavement_Defect,Pavement_Defect,Intersection of PEARL ST and DUBOCE AVE,Mint Hill,8.0,POINT (-122.4238205 37.76977921),Integrated Agency,
3635168,05/12/2014 01:23:46 PM,05/12/2014 01:53:08 PM,05/12/2014 01:53:08 PM,Closed,Recology_Abandoned,Street and Sidewalk Cleaning,Bulky Items,Furniture,"1014 VALENCIA ST, SAN FRANCISCO, CA, 94110",Dolores Heights,9.0,POINT (-122.42116396 37.75665319),Phone,
3635158,05/12/2014 01:21:19 PM,06/05/2014 10:32:07 AM,06/05/2014 10:32:07 AM,Closed,DPT Color Curb Queue,Color Curb,Red Color Curb Request for,Red Color Curb Request for,"3153 GOUGH ST, SAN FRANCISCO, CA, 94123",Marina,2.0,POINT (-122.4283371 37.80254745),Web,
3635156,05/12/2014 01:21:02 PM,05/15/2014 02:42:59 PM,05/15/2014 02:42:59 PM,Closed,DPW - Other - G,General Request - PUBLIC WORKS,customer_callback,dpw_other - customer_callback,Not associated with a specific address,,,POINT (0 0),Phone,
3635154,05/12/2014 01:20:50 PM,05/14/2014 10:35:17 AM,05/14/2014 10:35:17 AM,Closed,MUNI Work Queue,MUNI Feedback,MUNI - Services_Service_Delivery_Facilities,611_Signs_Maps_and_Auto_Announcements,Intersection of MARKET ST and CYRIL MAGNIN ST,Downtown / Union Square,6.0,POINT (-122.4080658 37.78399277),Phone,
3635153,05/12/2014 01:20:47 PM,05/12/2014 02:10:47 PM,05/12/2014 02:10:47 PM,Closed,Recology_Abandoned,Street and Sidewalk Cleaning,General Cleaning,Other Loose Garbage,"156 27TH AVE, SAN FRANCISCO, CA, 94121",Seacliff,1.0,POINT (-122.48727629 37.78645748),Phone,
3635150,05/12/2014 01:20:19 PM,05/15/2014 08:34:02 AM,05/15/2014 08:34:02 AM,Closed,PG and E - Streetlights Queue,Streetlights,Streetlight - Light_Flickering_On_Off,Light_Flickering_On_Off on Wooden Pole,Not associated with a specific address,,,POINT (0 0),Web,
3635140,05/12/2014 01:18:56 PM,05/13/2014 03:11:48 AM,05/13/2014 03:11:48 AM,Closed,DPW - Bureau of Street Environmental Services - G,General Request - DPH,complaint,environmental_health - complaint,"171 BRIGHT ST, SAN FRANCISCO, CA, 94132",Merced Heights,11.0,POINT (-122.46361542 37.71380615),Phone,
3635139,05/12/2014 01:18:11 PM,05/13/2014 12:28:34 PM,05/13/2014 12:28:34 PM,Closed,DPW Ops Queue,Graffiti,Graffiti on Building_commercial,Building_commercial - Offensive,"2555 SAN BRUNO AVE, SAN FRANCISCO, CA, 94134",Portola,9.0,POINT (-122.40429277 37.72947975),Phone,
3635133,05/12/2014 01:17:17 PM,05/16/2014 01:23:22 PM,05/16/2014 01:23:22 PM,Closed,PUC Sewer Ops,Sewer Issues,Sewage_back_up,Outofsewervent4inch,"2350 19TH AVE, SAN FRANCISCO, CA, 94116",Golden Gate Heights,7.0,POINT (-122.4756074 37.74399404),Mobile/Open311,http://mobile311.sfgov.org/reports/3635133/photos
3635130,05/12/2014 01:16:39 PM,05/12/2014 07:44:00 AM,05/12/2014 07:44:00 AM,Closed,DPW Ops Queue,Street and Sidewalk Cleaning,Hazardous Materials,Glass,Intersection of MARKET ST and CYRIL MAGNIN ST,Downtown / Union Square,6.0,POINT (-122.40806835 37.78399168),Phone,
3635127,05/12/2014 01:15:56 PM,05/14/2014 11:58:46 AM,05/14/2014 11:58:46 AM,Closed,DPW - Bureau of Street Environmental Services - G,General Request - PUBLIC WORKS,request_for_service,dpw_other - request_for_service,Intersection of BERNARD ST and JONES ST,Russian Hill,3.0,POINT (-122.41509375 37.79631576),Phone,
3635123,05/12/2014 01:15:27 PM,05/12/2014 08:18:13 AM,05/12/2014 08:18:13 AM,Closed,DPW Ops Queue,Street and Sidewalk Cleaning,General Cleaning,Other Loose Garbage,Intersection of SAN BRUNO AVE and BURROWS ST,Portola,9.0,POINT (-122.40409986 37.72883459),Phone,
3635118,05/12/2014 01:13:20 PM,05/14/2014 10:36:52 AM,05/14/2014 10:36:52 AM,Closed,SSP - MTA Feedback Queue,MUNI Feedback,MUNI  - Services_Service_Planning,701_Insufficient_Frequency,Not associated with a specific address,,,POINT (0 0),Web,
3635115,05/12/2014 01:13:08 PM,05/12/2014 05:42:00 AM,05/12/2014 05:42:00 AM,Closed,DPW Ops Queue,Street and Sidewalk Cleaning,General Cleaning,Other Loose Garbage,Intersection of BERNARD ST and JONES ST,Russian Hill,3.0,POINT (-122.41509375 37.79631576),Phone,
3635114,05/12/2014 01:13:04 PM,05/14/2014 03:53:24 AM,05/14/2014 03:53:24 AM,Closed,DPW Ops Queue,Graffiti,Graffiti on Sidewalk_structure,Sidewalk_structure - Offensive,"2800 ALEMANY BLVD, SAN FRANCISCO, CA, 94112",Outer Mission,11.0,POINT (-122.45072024 37.71312841),Phone,
3635107,05/12/2014 01:11:33 PM,05/12/2014 01:37:27 PM,05/12/2014 01:37:27 PM,Closed,PUC - Water - G,General Request - PUC,customer_callback,water - customer_callback,Not associated with a specific address,,,POINT (0 0),Phone,
3635102,05/12/2014 01:09:39 PM,05/21/2014 01:06:16 PM,05/21/2014 01:06:16 PM,Closed,DPT Meter_Bike Queue,Damaged Property,Damaged Parking_Meter,Parking_Meter,"729 SACRAMENTO ST, SAN FRANCISCO, CA, 94108",Chinatown,3.0,POINT (-122.40505766 37.79345399),Phone,
3635100,05/12/2014 01:09:27 PM,05/21/2014 01:05:58 PM,05/21/2014 01:05:58 PM,Closed,DPT Meter_Bike Queue,Damaged Property,Damaged Parking_Meter,Parking_Meter,Intersection of 4TH AVE and CLEMENT ST,Inner Richmond,1.0,POINT (-122.46227876 37.7830387),Phone,
3635084,05/12/2014 01:06:41 PM,07/23/2015 02:06:15 PM,07/23/2015 02:06:15 PM,Closed,SFMTA - Temporary Sign Request Queue,Temporary Sign Request,Temporary Sign Request for Corporate_Events,100 ft zone requested from 05/21/2014 to 05/21/2014,"701 MISSION ST, SAN FRANCISCO, CA, 94103",South of Market,6.0,POINT (-122.40203094 37.78618622),Phone,
3635080,05/12/2014 01:05:57 PM,05/12/2014 07:55:09 AM,05/12/2014 07:55:09 AM,Closed,DPW Ops Queue,Street and Sidewalk Cleaning,General Cleaning,Paper Spill,Intersection of CESAR CHAVEZ ST and ILLINOIS ST,Central Waterfront,10.0,POINT (-122.38656769 37.75032281),Phone,
3635079,05/12/2014 01:05:50 PM,05/12/2014 01:48:37 PM,05/12/2014 01:48:37 PM,Closed,Recology_Abandoned,Street and Sidewalk Cleaning,Bulky Items,Mattress,"834 SHRADER ST, SAN FRANCISCO, CA, 94117",Cole Valley,8.0,POINT (-122.45147556 37.76723702),Mobile/Open311,http://mobile311.sfgov.org/reports/3635079/photos
3635072,05/12/2014 01:04:51 PM,05/13/2014 01:07:31 PM,05/13/2014 01:07:31 PM,Closed,Mayors Office of Neighborhood Services - G,General Request - MONS,customer_callback,mons - customer_callback,Intersection of ALICE B TOKLAS PL and POLK ST,Tenderloin,5.0,POINT (-122.41964142 37.78543273),Phone,
3635070,05/12/2014 01:03:42 PM,12/13/2017 02:30:59 PM,12/13/2017 02:30:59 PM,Closed,Housing Authority SR Queue,SFHA Requests,Plumbing,Plumbing - Urgent,"28 NORTHRIDGE RD, SAN FRANCISCO, CA, 94124",Hunters Point,10.0,POINT (-122.37531281 37.73106766),Phone,
3635068,05/12/2014 01:03:36 PM,05/12/2014 01:41:39 PM,05/12/2014 01:41:39 PM,Closed,Recology_Abandoned,Street and Sidewalk Cleaning,Bulky Items,Mattress,"718 SHRADER ST, SAN FRANCISCO, CA, 94117",Cole Valley,8.0,POINT (-122.45152351 37.7680289),Mobile/Open311,http://mobile311.sfgov.org/reports/3635068/photos
3635061,05/12/2014 01:02:30 PM,06/23/2014 02:07:02 PM,06/23/2014 02:07:02 PM,Closed,DPT SignShop Surveyed - Area 1 Queue,Sign Repair,Sign - Defaced,Other - Defaced; support - OK,"757 SHRADER ST, SAN FRANCISCO, CA, 94117",Cole Valley,8.0,POINT (-122.45164102 37.7676),Mobile/Open311,http://mobile311.sfgov.org/reports/3635061/photos
3635056,05/12/2014 01:01:27 PM,05/12/2014 01:26:07 PM,05/12/2014 01:26:07 PM,Closed,Recology_Abandoned,Street and Sidewalk Cleaning,Bulky Items,Furniture,Intersection of VISITACION AVE and BRITTON ST,Visitacion Valley,10.0,POINT (-122.41250446 37.71272227),Phone,
3635055,05/12/2014 01:01:23 PM,09/10/2014 12:06:19 PM,09/10/2014 12:06:19 PM,Closed,DPT SignShop Surveyed - Area 1 Queue,Sign Repair,Sign - Defaced,Other - Defaced; support - OK,"757 SHRADER ST, SAN FRANCISCO, CA, 94117",Cole Valley,8.0,POINT (-122.45158402 37.76774115),Mobile/Open311,http://mobile311.sfgov.org/reports/3635055/photos
3635052,05/12/2014 12:59:26 PM,05/12/2014 03:27:32 PM,05/12/2014 03:27:32 PM,Closed,DPH - Environmental Health - G,General Request - DPH,complaint,environmental_health - complaint,Intersection of MANGELS AVE and HAZELWOOD AVE,Westwood Highlands,7.0,POINT (-122.45526123 37.73292542),Web,
3635051,05/12/2014 12:59:15 PM,06/23/2014 02:07:37 PM,06/23/2014 02:07:37 PM,Closed,DPT SignShop Surveyed - Area 1 Queue,Sign Repair,Sign - Defaced,Other - Defaced; support - OK,"800 SHRADER ST, SAN FRANCISCO, CA, 94117",Cole Valley,8.0,POINT (-122.45129485 37.76753374),Mobile/Open311,http://mobile311.sfgov.org/reports/3635051/photos
3635049,05/12/2014 12:59:02 PM,05/12/2014 01:38:41 PM,05/12/2014 01:38:41 PM,Closed,Recology_Abandoned,Street and Sidewalk Cleaning,General Cleaning,Other Loose Garbage,Intersection of ALICE B TOKLAS PL and POLK ST,Tenderloin,5.0,POINT (-122.41964142 37.78543273),Phone,
3635043,05/12/2014 12:58:04 PM,05/27/2014 08:26:18 AM,05/27/2014 08:26:18 AM,Closed,SFMTA - Muni Questions/Suggestions - G,General Request - MTA,request_for_service,muni_questions_suggestions - request_for_service,Not associated with a specific address,,,POINT (0 0),Phone,
3635041,05/12/2014 12:57:28 PM,09/10/2014 12:06:20 PM,09/10/2014 12:06:20 PM,Closed,DPT SignShop Surveyed - Area 1 Queue,Sign Repair,Sign - Defaced,Other - Defaced; support - OK,"746 SHRADER ST, SAN FRANCISCO, CA, 94117",Cole Valley,8.0,POINT (-122.45118991 37.76760109),Mobile/Open311,http://mobile311.sfgov.org/reports/3635041/photos
3635040,05/12/2014 12:57:25 PM,05/12/2014 01:51:31 PM,05/12/2014 01:51:31 PM,Closed,Recology_Abandoned,Street and Sidewalk Cleaning,Bulky Items,Mattress,"2186 UNION ST, SAN FRANCISCO, CA, 94123",Union Street,2.0,POINT (-122.43526306 37.79717314),Phone,
3635038,05/12/2014 12:57:07 PM,05/12/2014 03:26:23 PM,05/12/2014 03:26:23 PM,Closed,DPH - Environmental Health - G,General Request - DPH,complaint,environmental_health - complaint,Intersection of MANGELS AVE and HAZELWOOD AVE,Westwood Highlands,7.0,POINT (-122.45526123 37.73292542),Web,
3635030,05/12/2014 12:55:00 PM,05/29/2014 11:00:03 AM,05/29/2014 11:00:03 AM,Closed,DPW Ops Queue,Graffiti,Graffiti on Fire_Police_Callbox,Fire_Police_Callbox - Offensive,Intersection of COLE ST and FREDERICK ST,Cole Valley,8.0,POINT (-122.45011233 37.76671969),Mobile/Open311,http://mobile311.sfgov.org/reports/3635030/photos
3635018,05/12/2014 12:52:35 PM,05/13/2014 07:34:02 AM,05/13/2014 07:34:02 AM,Closed,DPW Ops Queue,Graffiti,Graffiti on Building_residential,Building_residential - Not_Offensive,"74 OTIS ST, SAN FRANCISCO, CA, 94103",South of Market,6.0,POINT (-122.420129 37.771999),Mobile/Open311,http://mobile311.sfgov.org/reports/3635018/photos
3635013,05/12/2014 12:51:30 PM,05/12/2014 01:47:09 PM,05/12/2014 01:47:09 PM,Closed,311 Service Request Queue - Hold,311 External Request,Graffiti,Graffiti - ClearChannel,Intersection of MONTEREY BLVD and FOERSTER ST,Sunnyside,7.0,POINT (-122.4488678 37.73154449),Phone,
3635011,05/12/2014 12:51:12 PM,05/21/2014 01:05:42 PM,05/21/2014 01:05:42 PM,Closed,DPT Meter_Bike Queue,Damaged Property,Damaged Parking_Meter,Parking_Meter,Intersection of 9TH AVE and CLEMENT ST,Inner Richmond,1.0,POINT (-122.46762848 37.78280258),Phone,
3635010,05/12/2014 12:51:03 PM,05/14/2014 03:50:59 AM,05/14/2014 03:50:59 AM,Closed,DPW Ops Queue,Graffiti,Graffiti on Signal_box,Signal_box - Not_Offensive,"10 GOUGH ST, SAN FRANCISCO, CA, 94103",South of Market,6.0,POINT (-122.420128 37.771979),Mobile/Open311,http://mobile311.sfgov.org/reports/3635010/photos
3635009,05/12/2014 12:50:47 PM,05/14/2014 11:15:20 AM,05/14/2014 11:15:20 AM,Closed,Recology_Litter,Litter Receptacles,Liner_issues,,"303 GOLDEN GATE AVE, SAN FRANCISCO, CA, 94102",Civic Center,5.0,POINT (-122.41586485 37.78152487),Mobile/Open311,
3635005,05/12/2014 12:50:07 PM,05/13/2014 07:33:40 AM,05/13/2014 07:33:40 AM,Closed,DPW Ops Queue,Graffiti,Graffiti on Building_commercial,Building_commercial - Not_Offensive,"74 OTIS ST, SAN FRANCISCO, CA, 94103",South of Market,6.0,POINT (-122.420067 37.772034),Mobile/Open311,http://mobile311.sfgov.org/reports/3635005/photos
3635001,05/12/2014 12:49:19 PM,05/13/2014 07:34:02 AM,05/13/2014 07:34:02 AM,Closed,DPW Ops Queue,Graffiti,Graffiti on Building_commercial,Building_commercial - Not_Offensive,"74 OTIS ST, SAN FRANCISCO, CA, 94103",South of Market,6.0,POINT (-122.419947 37.772091),Mobile/Open311,http://mobile311.sfgov.org/reports/3635001/photos
3634999,05/12/2014 12:48:27 PM,05/12/2014 01:28:42 PM,05/12/2014 01:28:42 PM,Closed,Recology_Abandoned,Street and Sidewalk Cleaning,Bulky Items,Furniture,"2850 FOLSOM ST, SAN FRANCISCO, CA, 94110",Mission,9.0,POINT (-122.41407477 37.75168398),Phone,
3634996,05/12/2014 12:47:09 PM,05/21/2014 01:05:25 PM,05/21/2014 01:05:25 PM,Closed,DPT Meter_Bike Queue,Damaged Property,Damaged Parking_Meter,Parking_Meter,"3378 18TH ST, SAN FRANCISCO, CA, 94110",Mission,9.0,POINT (-122.41890573 37.76191737),Phone,
3634979,05/12/2014 12:41:47 PM,05/14/2014 07:25:41 AM,05/14/2014 07:25:41 AM,Closed,DPT Abandoned Vehicles Work Queue,Abandoned Vehicle,Abandoned Vehicle - Car4door,silver - toyota - prius - 6tot123,"76 MANGELS AVE, SAN FRANCISCO, CA, 94131",Sunnyside,8.0,POINT (-122.43928854 37.73313644),Phone,
3634974,05/12/2014 12:40:11 PM,05/30/2014 11:59:48 AM,05/30/2014 11:59:48 AM,Closed,DPW Ops Queue,Tree Maintenance,Trees - Overgrown_Tree,Blocking_signs,"2 GENEVA AVE, SAN FRANCISCO, CA, 94112",Ingleside,11.0,POINT (-122.4523245 37.72299639),Phone,
3634967,05/12/2014 12:37:50 PM,05/12/2014 07:35:00 AM,05/12/2014 07:35:00 AM,Closed,DPW Ops Queue,Street and Sidewalk Cleaning,Human or Animal Waste,Human or Animal Waste,Intersection of 5TH ST and CYRIL MAGNIN ST,Downtown / Union Square,6.0,POINT (-122.408241 37.783815),Mobile/Open311,http://mobile311.sfgov.org/reports/3634967/photos
3634962,05/12/2014 12:35:36 PM,05/13/2014 11:15:31 AM,05/13/2014 11:15:31 AM,Closed,DPW Ops Queue,Graffiti,Graffiti on Building_commercial,Building_commercial - Not_Offensive,Intersection of 11TH ST and MARKET ST,South of Market,6.0,POINT (-122.418169 37.775627),Mobile/Open311,http://mobile311.sfgov.org/reports/3634962/photos
3634958,05/12/2014 12:34:53 PM,05/12/2014 02:31:27 AM,05/12/2014 02:31:27 AM,Closed,DPW Ops Queue,Street and Sidewalk Cleaning,Missed_Route_Mechanical_Sweeping,Missed_Route_Mechanical_Sweeping,"3610 19TH ST, SAN FRANCISCO, CA, 94110",Mission Dolores,8.0,POINT (-122.42389065 37.76000665),Phone,
3634955,05/12/2014 12:33:57 PM,05/13/2014 11:09:01 AM,05/13/2014 11:09:01 AM,Closed,Clear Channel - Transit Queue,Damaged Property,Damaged Transit_Shelter_Platform,Transit_Shelter_Platform,Intersection of GEARY BLVD and ARGUELLO BLVD,Lone Mountain,2.0,POINT (-122.45886062 37.78125509),Phone,
3634951,05/12/2014 12:32:34 PM,05/12/2014 12:56:09 PM,05/12/2014 12:56:09 PM,Closed,DPW Ops Queue,Graffiti,Graffiti on City_receptacle,City_receptacle - Not_Offensive,Intersection of 5TH ST and CYRIL MAGNIN ST,Downtown / Union Square,6.0,POINT (-122.408206 37.783754),Mobile/Open311,http://mobile311.sfgov.org/reports/3634951/photos
3634948,05/12/2014 12:32:17 PM,05/12/2014 06:47:07 AM,05/12/2014 06:47:07 AM,Closed,DPW Ops Queue,Street and Sidewalk Cleaning,Human or Animal Waste,Human or Animal Waste,Intersection of CESAR CHAVEZ ST and MISSION ST,Bernal Heights,9.0,POINT (-122.41822188 37.74816366),Phone,
3634941,05/12/2014 12:30:56 PM,05/12/2014 12:59:52 PM,05/12/2014 12:59:52 PM,Closed,Recology_Abandoned,Street and Sidewalk Cleaning,Bulky Items,Refrigerator,"4500 MISSION ST, SAN FRANCISCO, CA, 94112",Mission Terrace,11.0,POINT (-122.43423462 37.72573471),Integrated Agency,
3634940,05/12/2014 12:30:52 PM,05/20/2014 10:34:22 AM,05/20/2014 10:34:22 AM,Closed,PUC Sewer Ops,Sewer Issues,Sewage_back_up,Outofsewervent4inch,"681 FULTON ST, SAN FRANCISCO, CA, 94102",Hayes Valley,5.0,POINT (-122.42744446 37.77774429),Integrated Agency,
3634939,05/12/2014 12:30:33 PM,05/12/2014 12:52:22 PM,05/12/2014 12:52:22 PM,Closed,Recology_Abandoned,Street and Sidewalk Cleaning,Bulky Items,Refrigerator,"4434 MISSION ST, SAN FRANCISCO, CA, 94112",Mission Terrace,11.0,POINT (-122.43338013 37.72680664),Integrated Agency,
3634935,05/12/2014 12:29:45 PM,05/16/2014 01:18:35 PM,05/16/2014 01:18:35 PM,Closed,PUC Sewer Ops,Sewer Issues,Sewage_back_up,Outofsewervent4inch,"3352 STEINER ST, SAN FRANCISCO, CA, 94123",Marina,2.0,POINT (-122.43769836 37.8004303),Phone,
3634934,05/12/2014 12:29:42 PM,04/17/2015 10:06:15 PM,04/17/2015 10:06:15 PM,Closed,311 Service Request Queue - Hold,Graffiti,Graffiti on Other_enter_additional_details_below,Other_enter_additional_details_below - Offensive,Intersection of 5TH ST and CYRIL MAGNIN ST,Downtown / Union Square,6.0,POINT (-122.408168 37.783862),Mobile/Open311,http://mobile311.sfgov.org/reports/3634934/photos
3634933,05/12/2014 12:29:37 PM,05/14/2014 11:30:35 AM,05/14/2014 11:30:35 AM,Closed,DPT Abandoned Vehicles Work Queue,Abandoned Vehicle,Abandoned Vehicle - Car2door,red - Mitsubishi - not sure - 4GDN170,"2250 KEITH ST, SAN FRANCISCO, CA, 94124",Bayview,10.0,POINT (-122.39145171 37.72718966),Phone,
3634928,05/12/2014 12:28:17 PM,05/19/2014 11:04:51 AM,05/19/2014 11:04:51 AM,Closed,MUNI Work Queue,Graffiti,Graffiti on City_receptacle,City_receptacle - Not_Offensive,Intersection of 5TH ST and CYRIL MAGNIN ST,Downtown / Union Square,6.0,POINT (-122.408297 37.783809),Mobile/Open311,http://mobile311.sfgov.org/reports/3634928/photos
3634924,05/12/2014 12:27:22 PM,05/12/2014 03:01:53 AM,05/12/2014 03:01:53 AM,Closed,DPW Ops Queue,Street and Sidewalk Cleaning,General Cleaning,Other Loose Garbage,"985 UNION ST, SAN FRANCISCO, CA, 94133",Russian Hill,3.0,POINT (-122.41538367 37.79956422),Mobile/Open311,http://mobile311.sfgov.org/reports/3634924/photos
3634907,05/12/2014 12:21:59 PM,05/21/2014 01:05:10 PM,05/21/2014 01:05:10 PM,Closed,DPT Meter_Bike Queue,Damaged Property,Damaged Parking_Meter,Parking_Meter,"375 EDDY ST, SAN FRANCISCO, CA, 94102",Tenderloin,5.0,POINT (-122.4137896 37.78372589),Phone,
3634898,05/12/2014 12:20:09 PM,05/30/2014 12:47:58 PM,05/30/2014 12:47:58 PM,Closed,DPW Ops Queue,Graffiti,Graffiti on Building_commercial,Building_commercial - Not_Offensive,Intersection of BRYANT ST and JACK LONDON ALY,South Beach,6.0,POINT (-122.39464475 37.78210379),Mobile/Open311,http://mobile311.sfgov.org/reports/3634898/photos
3634895,05/12/2014 12:19:50 PM,05/12/2014 12:55:07 PM,05/12/2014 12:55:07 PM,Closed,Recology_Abandoned,Street and Sidewalk Cleaning,General Cleaning,Other Loose Garbage,Intersection of KEARNY ST and SACRAMENTO ST,Chinatown,3.0,POINT (-122.40461391 37.79356279),Phone,
3634894,05/12/2014 12:19:33 PM,05/12/2014 03:58:00 PM,05/12/2014 03:58:00 PM,Closed,PUC Sewer Ops,Sewer Issues,Sewage_back_up,Outofsewervent4inch,"265 HENRY ST, SAN FRANCISCO, CA, 94114",Corona Heights,8.0,POINT (-122.43667967 37.76641181),Phone,
3634890,05/12/2014 12:18:01 PM,05/13/2014 05:57:25 AM,05/13/2014 05:57:25 AM,Closed,DPW Ops Queue,Litter Receptacles,Cans_Left_Out_24x7,,"1470 HOLLOWAY AVE, SAN FRANCISCO, CA, 94132",Stonestown,7.0,POINT (-122.47457031 37.72125212),Phone,
3634881,05/12/2014 12:16:38 PM,06/24/2014 10:22:06 AM,06/24/2014 10:22:06 AM,Closed,SFMTA - Parking Enforcement - G,General Request - MTA,request_for_service,parking_enforcement - request_for_service,Not associated with a specific address,,,POINT (0 0),Web,
3634880,05/12/2014 12:16:26 PM,05/15/2014 11:03:00 AM,05/15/2014 11:03:00 AM,Closed,DPW BSM Queue,Graffiti,Graffiti on News_rack,News_rack - Not_Offensive,"472 3RD ST, SAN FRANCISCO, CA, 94107",South of Market,6.0,POINT (-122.39623739 37.78155691),Mobile/Open311,http://mobile311.sfgov.org/reports/3634880/photos
3634873,05/12/2014 12:14:56 PM,05/12/2014 03:50:51 AM,05/12/2014 03:50:51 AM,Closed,DPW Ops Queue,Graffiti,Graffiti on Signal_box,Signal_box - Not_Offensive,"471 3RD ST, SAN FRANCISCO, CA, 94107",South of Market,6.0,POINT (-122.39632683 37.78199256),Mobile/Open311,http://mobile311.sfgov.org/reports/3634873/photos
3634872,05/12/2014 12:13:07 PM,05/14/2014 10:16:49 AM,05/14/2014 10:16:49 AM,Closed,MUNI Work Queue,MUNI Feedback,MUNI - Conduct_Inattentiveness_Negligence,206_Not_Adhering_to_Schedule,Not associated with a specific address,,,POINT (0 0),Phone,
3634871,05/12/2014 12:12:43 PM,05/21/2014 01:04:58 PM,05/21/2014 01:04:58 PM,Closed,DPT - Meters - G,General Request - MTA,customer_callback,meters - customer_callback,Not associated with a specific address,,,POINT (0 0),Phone,
3634869,05/12/2014 12:12:03 PM,05/13/2014 11:06:27 AM,05/13/2014 11:06:27 AM,Closed,DPW Ops Queue,Graffiti,Graffiti on Building_commercial,Building_commercial - Not_Offensive,Intersection of SUTTER ST and TAYLOR ST,Lower Nob Hill,3.0,POINT (-122.41848828 37.77482644),Phone,
3634863,05/12/2014 12:10:33 PM,05/21/2014 07:24:56 AM,05/21/2014 07:24:56 AM,Closed,DPW Ops Queue,Tree Maintenance,Trees - Damaged_Tree,About_to_fall,Intersection of TEHAMA ST and 5TH ST,South of Market,6.0,POINT (-122.40440369 37.78107834),Web,
3634861,05/12/2014 12:10:11 PM,05/12/2014 12:46:40 PM,05/12/2014 12:46:40 PM,Closed,Recology_Abandoned,Street and Sidewalk Cleaning,Bulky Items,Mattress,Intersection of OPHIR ALY and POST ST,Lower Nob Hill,3.0,POINT (-122.41273499 37.78774261),Phone,
3634852,05/12/2014 12:08:38 PM,05/14/2014 10:17:30 AM,05/14/2014 10:17:30 AM,Closed,MUNI Work Queue,MUNI Feedback,MUNI - Services_Service_Delivery_Facilities,608_Station_Stop_Appearance_Maintenance,Intersection of GEARY ST and POLK ST,Lower Nob Hill,5.0,POINT (-122.41973877 37.78589249),Phone,
3634851,05/12/2014 12:08:23 PM,05/12/2014 12:52:38 PM,05/12/2014 12:52:38 PM,Closed,311 Supervisor Queue,Graffiti,Graffiti on Mail_box,Mail_box - Offensive,"934 HOWARD ST, SAN FRANCISCO, CA, 94103",South of Market,6.0,POINT (-122.405954 37.780797),Mobile/Open311,http://mobile311.sfgov.org/reports/3634851/photos
3634847,05/12/2014 12:07:23 PM,05/13/2014 09:00:00 AM,05/13/2014 09:00:00 AM,Closed,DPW Ops Queue,Graffiti,Graffiti on Pole,Pole - Offensive,"934 HOWARD ST, SAN FRANCISCO, CA, 94103",South of Market,6.0,POINT (-122.405861 37.780935),Mobile/Open311,http://mobile311.sfgov.org/reports/3634847/photos
3634846,05/12/2014 12:07:21 PM,05/12/2014 03:20:14 PM,05/12/2014 03:20:14 PM,Closed,DPH - Environmental Health - G,General Request - DPH,request_for_service,environmental_health - request_for_service,Not associated with a specific address,,,POINT (0 0),Phone,
3634844,05/12/2014 12:06:41 PM,06/12/2014 11:00:05 AM,06/12/2014 11:00:05 AM,Closed,DPW Ops Queue,Graffiti,Graffiti on Fire_Police_Callbox,Fire_Police_Callbox - Not_Offensive,Intersection of BRYANT ST and MAIN ST,South Beach,6.0,POINT (-122.388885 37.78691),Mobile/Open311,http://mobile311.sfgov.org/reports/3634844/photos
3634839,05/12/2014 12:05:49 PM,05/12/2014 01:57:06 PM,05/12/2014 01:57:06 PM,Closed,Recology_Abandoned,Street and Sidewalk Cleaning,General Cleaning,Other Loose Garbage,"1492 REVERE AVE, SAN FRANCISCO, CA, 94124",Bayview,10.0,POINT (-122.388133 37.730534),Mobile/Open311,
3634834,05/12/2014 12:04:21 PM,05/14/2014 10:11:10 AM,05/14/2014 10:11:10 AM,Closed,PUC Sewer Ops,Sewer Issues,Sewage_back_up,Outofsewervent4inch,"530 AVALON AVE, SAN FRANCISCO, CA, 94112",Excelsior,11.0,POINT (-122.42802429 37.72555161),Integrated Agency,
3634833,05/12/2014 12:04:10 PM,05/13/2014 08:49:16 AM,05/13/2014 08:49:16 AM,Closed,DPW Ops Queue,Street and Sidewalk Cleaning,Human or Animal Waste,Human or Animal Waste,"39 JONES ST, SAN FRANCISCO, CA, 94102",Tenderloin,5.0,POINT (-122.41217126 37.78149694),Phone,
3634818,05/12/2014 12:01:02 PM,05/12/2014 01:35:20 PM,05/12/2014 01:35:20 PM,Closed,Recology_Abandoned,Street and Sidewalk Cleaning,Bulky Items,Mattress,"120 WEBSTER ST, SAN FRANCISCO, CA, 94117",Mint Hill,5.0,POINT (-122.42857361 37.7719574),Phone,
3634811,05/12/2014 11:58:53 AM,05/15/2014 03:29:33 AM,05/15/2014 03:29:33 AM,Closed,DPW BSSR Queue,Street Defects,Pavement_Defect,Pavement_Defect,"2091 43RD AVE, SAN FRANCISCO, CA, 94116",Outer Sunset,4.0,POINT (-122.50195313 37.74772263),Web,
3634810,05/12/2014 11:58:48 AM,11/17/2014 11:23:37 AM,11/17/2014 11:23:37 AM,Closed,RPD Park Service Area 5 Queue,Rec and Park Requests,Park - Structural_Maintenance,Graffiti,"Balboa Park, , SAN FRANCISCO, CA, 94112",Mission Terrace,11.0,POINT (-122.44474659 37.72296516),Phone,
3634802,05/12/2014 11:56:45 AM,02/13/2015 12:00:00 PM,02/13/2015 12:00:00 PM,Closed,DPW BSM Queue,Sidewalk or Curb,Sidewalk_Defect,Lifted_sidewalk_tree_roots,"726 10TH AVE, SAN FRANCISCO, CA, 94118",Inner Richmond,1.0,POINT (-122.46805119 37.77465495),Phone,
3634800,05/12/2014 11:56:02 AM,05/12/2014 06:38:51 AM,05/12/2014 06:38:51 AM,Closed,DPW Ops Queue,Street and Sidewalk Cleaning,General Cleaning,Other Loose Garbage,Intersection of BOYLSTON ST and SILVER AVE,Portola,9.0,POINT (-122.41051066 37.73093659),Phone,
3634797,05/12/2014 11:55:10 AM,09/18/2015 11:25:10 AM,09/18/2015 11:25:10 AM,Closed,SFMTA - Temporary Sign Request Queue,Temporary Sign Request,Temporary Sign Request for Other_Event_Type,25 ft zone requested from 05/19/2014 to 05/19/2014,"90 KISSLING ST, SAN FRANCISCO, CA, 94103",South of Market,6.0,POINT (-122.4149704 37.77272797),Phone,
3634792,05/12/2014 11:53:39 AM,05/14/2014 07:15:57 AM,05/14/2014 07:15:57 AM,Closed,DPT Abandoned Vehicles Work Queue,Abandoned Vehicle,Abandoned Vehicle - SUV,GREEN - FORD - WINDSTAR - 6YLE311,"868 HEAD ST, SAN FRANCISCO, CA, 94132",Ingleside Terraces,7.0,POINT (-122.4629706 37.72266015),Phone,
3634790,05/12/2014 11:53:03 AM,05/14/2014 05:40:30 AM,05/14/2014 05:40:30 AM,Closed,DPW Ops Queue,Graffiti,Graffiti on Pole,Pole - Offensive,"18 6TH ST, SAN FRANCISCO, CA, 94103",South of Market,6.0,POINT (-122.409995 37.781916),Mobile/Open311,http://mobile311.sfgov.org/reports/3634790/photos
3634789,05/12/2014 11:52:41 AM,05/21/2014 01:04:14 PM,05/21/2014 01:04:14 PM,Closed,DPT Meter_Bike Queue,Damaged Property,Damaged Parking_Meter,Parking_Meter,Intersection of OAK ST and FRANKLIN ST,Civic Center,6.0,POINT (-122.42095929 37.7752312),Phone,
3634787,05/12/2014 11:52:19 AM,05/12/2014 01:38:20 PM,05/12/2014 01:38:20 PM,Closed,Recology_Abandoned,Encampments,Encampment items,Cart Pickup,"120 BURROWS ST, SAN FRANCISCO, CA, 94134",Portola,9.0,POINT (-122.40434179 37.72882794),Phone,
3634785,05/12/2014 11:52:09 AM,11/21/2017 08:30:56 AM,11/21/2017 08:30:56 AM,Closed,Housing Authority SR Queue,SFHA Requests,Laborer,Laborer - Routine,"BUILDING 2243 48TH STREET, , SAN FRANCISCO, CA, 94116",Outer Sunset,4.0,POINT (-122.50712585 37.74434662),Phone,
3634783,05/12/2014 11:52:00 AM,05/14/2014 08:48:10 AM,05/14/2014 08:48:10 AM,Closed,DPW Ops Queue,Street and Sidewalk Cleaning,General Cleaning,Other Loose Garbage,"200 6TH ST, SAN FRANCISCO, CA, 94103",South of Market,6.0,POINT (-122.4070653 37.77945029),Mobile/Open311,http://mobile311.sfgov.org/reports/3634783/photos
3634772,05/12/2014 11:50:33 AM,05/12/2014 12:00:00 PM,05/12/2014 12:00:00 PM,Closed,DPW BSM Queue,Sidewalk or Curb,sidewalk_other,sidewalk_other,Intersection of MISSION BAY NORTH BLVD and TERRY A FRANCOIS BLVD,Mission Bay,6.0,POINT (-122.38660074 37.77129696),Mobile/Open311,
3634769,05/12/2014 11:49:59 AM,05/12/2014 11:57:37 AM,05/12/2014 11:57:37 AM,Closed,Recology_Abandoned,Street and Sidewalk Cleaning,General Cleaning,Other Loose Garbage,"1659 MARKET ST, SAN FRANCISCO, CA, 94103",South of Market,6.0,POINT (-122.421194 37.772958),Mobile/Open311,http://mobile311.sfgov.org/reports/3634769/photos
3634768,05/12/2014 11:49:52 AM,05/12/2014 11:57:17 AM,05/12/2014 11:57:17 AM,Closed,Recology_Abandoned,Street and Sidewalk Cleaning,General Cleaning,Other Loose Garbage,"120 BURROWS ST, SAN FRANCISCO, CA, 94134",Portola,9.0,POINT (-122.40434179 37.72882794),Phone,
3634767,05/12/2014 11:49:45 AM,05/12/2014 12:41:08 PM,05/12/2014 12:41:08 PM,Closed,Recology_Abandoned,Street and Sidewalk Cleaning,General Cleaning,Other Loose Garbage,"442 MONTEREY BLVD, SAN FRANCISCO, CA, 94127",Sunnyside,7.0,POINT (-122.44529315 37.73168752),Mobile/Open311,http://mobile311.sfgov.org/reports/3634767/photos
3634757,05/12/2014 11:47:13 AM,05/12/2014 03:30:25 PM,05/12/2014 03:30:25 PM,Closed,PUC Sewer Ops,Sewer Issues,Sewage_back_up,Outofsewervent4inch,"231 ROOSEVELT WAY, SAN FRANCISCO, CA, 94114",Corona Heights,8.0,POINT (-122.4400078 37.76612085),Phone,
3634756,05/12/2014 11:47:07 AM,05/12/2014 01:40:21 PM,05/12/2014 01:40:21 PM,Closed,Recology_Abandoned,Street and Sidewalk Cleaning,Bulky Items,Furniture,"2603 SAN BRUNO AVE, SAN FRANCISCO, CA, 94134",Portola,9.0,POINT (-122.40400885 37.72879211),Phone,
3634742,05/12/2014 11:44:31 AM,05/16/2014 04:15:25 PM,05/16/2014 04:15:25 PM,Closed,DPT Color Curb Queue,Color Curb,Red Color Curb Request for,Red Color Curb Request for,"419 JERSEY ST, SAN FRANCISCO, CA, 94114",Noe Valley,8.0,POINT (-122.43453979 37.75034332),Web,
3634740,05/12/2014 11:43:35 AM,05/14/2014 10:19:33 AM,05/14/2014 10:19:33 AM,Closed,MUNI Work Queue,MUNI Feedback,MUNI - Services_Service_Delivery_Facilities,608_Station_Stop_Appearance_Maintenance,"2101 SUTTER ST, SAN FRANCISCO, CA, 94115",Lower Pacific Heights,5.0,POINT (-122.43517303 37.78607941),Phone,
3634735,05/12/2014 11:42:44 AM,05/19/2014 07:28:46 AM,05/19/2014 07:28:46 AM,Closed,DPT Abandoned Vehicles Work Queue,Abandoned Vehicle,Abandoned Vehicle - Car4door,light blue - Volvo - n/a - 2CEC159,"183 DAY ST, SAN FRANCISCO, CA, 94131",Noe Valley,8.0,POINT (-122.42616926 37.74286704),Phone,
3634727,05/12/2014 11:40:51 AM,03/07/2022 05:30:28 PM,03/07/2022 05:30:28 PM,Closed,DPW BSSR Queue,Street Defects,Pavement_Defect,Pavement_Defect,Intersection of FULTON ST and FILLMORE ST,Hayes Valley,5.0,POINT (-122.43157196 37.77769852),Web,
3634722,05/12/2014 11:40:16 AM,05/12/2014 12:37:08 PM,05/12/2014 12:37:08 PM,Closed,Recology_Abandoned,Street and Sidewalk Cleaning,Bulky Items,Furniture,"246 POST ST, SAN FRANCISCO, CA, 94108",Downtown / Union Square,3.0,POINT (-122.40596253 37.78865427),Phone,http://mobile311.sfgov.org/reports/3634722/photos
3634716,05/12/2014 11:39:23 AM,09/25/2014 09:08:22 PM,09/25/2014 09:08:22 PM,Closed,DPT Color Curb Queue,Color Curb,Red Color Curb Request for,Red Color Curb Request for,"20 ELGIN PARK, SAN FRANCISCO, CA, 94103",Mint Hill,8.0,POINT (-122.42339325 37.7710762),Web,
3634715,05/12/2014 11:38:57 AM,06/06/2014 07:39:29 AM,06/06/2014 07:39:29 AM,Closed,DPW Ops Queue,Graffiti,Graffiti on Building_residential,Building_residential - Offensive,"201 LILY ST, SAN FRANCISCO, CA, 94102",Lower Haight,5.0,POINT (-122.42424175 37.77424244),Mobile/Open311,http://mobile311.sfgov.org/reports/3634715/photos
3634706,05/12/2014 11:35:32 AM,05/12/2014 01:44:51 PM,05/12/2014 01:44:51 PM,Closed,Recology_Abandoned,Street and Sidewalk Cleaning,General Cleaning,Other Loose Garbage,"150 VALENCIA ST, SAN FRANCISCO, CA, 94103",South of Market,8.0,POINT (-122.42251375 37.77070916),Phone,
3634696,05/12/2014 11:32:44 AM,05/12/2014 12:00:00 PM,05/12/2014 12:00:00 PM,Closed,DPW BSM Queue,Street and Sidewalk Cleaning,General Cleaning,Other Loose Garbage,"281 NOE ST, SAN FRANCISCO, CA, 94114",Duboce Triangle,8.0,POINT (-122.43306469 37.76458951),Phone,
3634691,05/12/2014 11:31:25 AM,05/14/2014 10:21:43 AM,05/14/2014 10:21:43 AM,Closed,SSP - MTA Feedback Queue,MUNI Feedback,MUNI  - Services_Service_Delivery_Facilities,601_Delay_No_Show,Not associated with a specific address,,,POINT (0 0),Web,
3634687,05/12/2014 11:28:36 AM,05/15/2014 08:55:08 AM,05/15/2014 08:55:08 AM,Closed,DPT Abandoned Vehicles Work Queue,Abandoned Vehicle,Abandoned Vehicle - Car4door,Gold - BMW - 300 Series - 5Z40096,Intersection of SUTRO HEIGHTS AVE and 48TH AVE,Sutro Heights,1.0,POINT (-122.5091629 37.77610016),Web,
3634686,05/12/2014 11:28:33 AM,03/02/2015 07:55:34 PM,03/02/2015 07:55:34 PM,Closed,RPD Park Service Area 1 Queue,Rec and Park Requests,Park - Neighborhood_Services_Area,Irrigation,"GGP Rose Garden, SAN FRANCISCO, CA, 94122",Golden Gate Park,1.0,POINT (-122.47157637 37.77459616),Mobile/Open311,http://mobile311.sfgov.org/reports/3634686/photos
3634681,05/12/2014 11:26:54 AM,05/20/2014 02:01:16 PM,05/20/2014 02:01:16 PM,Closed,DPT Abandoned Vehicles Work Queue,Abandoned Vehicle,Abandoned Vehicle - Trailer,white - chevy - panel van - 6XQJ476,"4153 26TH ST, SAN FRANCISCO, CA, 94131",Noe Valley,8.0,POINT (-122.4327774 37.74803543),Phone,
3634680,05/12/2014 11:26:29 AM,09/17/2014 01:58:33 PM,09/17/2014 01:58:33 PM,Closed,RPD Natural Areas Queue,Rec and Park Requests,Park - UrbanForestry,Other,"Tank Hill, , SAN FRANCISCO, CA, 94117",Ashbury Heights,5.0,POINT (-122.44768695 37.7599482),Phone,
3634677,05/12/2014 11:26:11 AM,05/14/2014 02:54:48 AM,05/14/2014 02:54:48 AM,Closed,DPW Ops Queue,Graffiti,Graffiti on Sidewalk_structure,Sidewalk_structure - Offensive,Intersection of STEINER ST and GEARY BLVD,Western Addition,5.0,POINT (-122.43456374 37.78415049),Phone,
3634673,05/12/2014 11:23:29 AM,11/19/2014 12:00:00 PM,11/19/2014 12:00:00 PM,Closed,DPW BSM Queue,Sidewalk or Curb,Sidewalk_Defect,Collapsed_sidewalk,"730 10TH AVE, SAN FRANCISCO, CA, 94118",Inner Richmond,1.0,POINT (-122.46804577 37.77458088),Phone,
3634672,05/12/2014 11:23:15 AM,05/19/2014 07:38:12 AM,05/19/2014 07:38:12 AM,Closed,DPT Abandoned Vehicles Work Queue,Abandoned Vehicle,Abandoned Vehicle - PickupTruck,Black - GMC - Sierra - 2x33723,Intersection of SUTRO HEIGHTS AVE and 48TH AVE,Sutro Heights,1.0,POINT (-122.5091629 37.77610016),Web,
3634669,05/12/2014 11:22:20 AM,05/12/2014 12:33:03 PM,05/12/2014 12:33:03 PM,Closed,Recology_Abandoned,Street and Sidewalk Cleaning,Bulky Items,Furniture,"1527 25TH AVE, SAN FRANCISCO, CA, 94122",Outer Sunset,4.0,POINT (-122.48332464 37.75902425),Phone,
3634667,05/12/2014 11:21:27 AM,05/12/2014 12:00:00 PM,05/12/2014 12:00:00 PM,Closed,DPW BSM Queue,Blocked Street or SideWalk,Blocked_Sidewalk,Cafe_table_and_chairs blocking sidewalk,"347 SAN BRUNO AVE, SAN FRANCISCO, CA, 94103",Potrero Hill,10.0,POINT (-122.405216 37.76527),Mobile/Open311,http://mobile311.sfgov.org/reports/3634667/photos
3634661,05/12/2014 11:19:34 AM,05/12/2014 12:15:00 PM,05/12/2014 12:15:00 PM,Closed,DPW Ops Queue,Street and Sidewalk Cleaning,General Cleaning,Other Loose Garbage,"2211 SILVER AVE, SAN FRANCISCO, CA, 94124",Silver Terrace,10.0,POINT (-122.39837646 37.7366333),Phone,
3634654,05/12/2014 11:15:12 AM,05/16/2014 11:47:06 AM,05/16/2014 11:47:06 AM,Closed,DPT Paint Shop Curb Queue,General Request - MTA,request_for_service,parking_traffic_other - request_for_service,"1200 KEARNY ST, SAN FRANCISCO, CA, 94133",Telegraph Hill,3.0,POINT (-122.40558435 37.7990052),Phone,
3634651,05/12/2014 11:14:28 AM,05/20/2014 08:14:59 AM,05/20/2014 08:14:59 AM,Closed,DPT Abandoned Vehicles Work Queue,Abandoned Vehicle,Abandoned Vehicle - Car4door,black - BMW -  - 4klc136,"45 PROSPECT AVE, SAN FRANCISCO, CA, 94110",Bernal Heights,9.0,POINT (-122.41799927 37.74430466),Web,
3634647,05/12/2014 11:13:05 AM,05/12/2014 12:00:00 PM,05/12/2014 12:00:00 PM,Closed,DPW BSM Queue,Blocked Street or SideWalk,Blocked_Sidewalk,Cafe_table_and_chairs blocking sidewalk,"347 SAN BRUNO AVE, SAN FRANCISCO, CA, 94103",Potrero Hill,10.0,POINT (-122.405216 37.76527),Mobile/Open311,http://mobile311.sfgov.org/reports/3634647/photos
3634645,05/12/2014 11:12:52 AM,05/13/2014 11:00:00 AM,05/13/2014 11:00:00 AM,Closed,DPW Ops Queue,Street and Sidewalk Cleaning,General Cleaning,Other Loose Garbage,"308 ALPHA ST, SAN FRANCISCO, CA, 94134",Visitacion Valley,10.0,POINT (-122.40502473 37.71310405),Mobile/Open311,http://mobile311.sfgov.org/reports/3634645/photos
3634642,05/12/2014 11:12:36 AM,05/14/2014 12:00:00 PM,05/14/2014 12:00:00 PM,Closed,DPW BSM Queue,Blocked Street or SideWalk,Blocked_Sidewalk,Cafe_table_and_chairs blocking sidewalk,"347 SAN BRUNO AVE, SAN FRANCISCO, CA, 94103",Potrero Hill,10.0,POINT (-122.405216 37.76527),Mobile/Open311,http://mobile311.sfgov.org/reports/3634642/photos
3634635,05/12/2014 11:10:41 AM,05/12/2014 03:43:34 PM,05/12/2014 03:43:34 PM,Closed,DPT Construction Zone Permits Queue,Construction Zone Permits,Construction Zone Tow-away Permits for P&J Utility,P&J Utility,Not associated with a specific address,,,POINT (0 0),Phone,
3634633,05/12/2014 11:09:56 AM,05/14/2014 10:05:02 AM,05/14/2014 10:05:02 AM,Closed,MUNI Work Queue,MUNI Feedback,MUNI - Conduct_Unsafe_Operation,108_General_Careless_Operation,Intersection of CENTRAL AVE and FULTON ST,Western Addition,5.0,POINT (-122.44477844 37.77601624),Phone,
3634627,05/12/2014 11:07:54 AM,05/12/2014 12:00:00 PM,05/12/2014 12:00:00 PM,Closed,DPW BSM Queue,Tree Maintenance,Trees - Damaging_Property,Sewer_damage_tree_roots,"813 DOLORES ST, SAN FRANCISCO, CA, 94110",Dolores Heights,8.0,POINT (-122.42544813 37.7564212),Phone,
3634617,05/12/2014 11:05:58 AM,05/12/2014 01:32:20 PM,05/12/2014 01:32:20 PM,Closed,Recology_Abandoned,Street and Sidewalk Cleaning,Bulky Items,Furniture,Intersection of BELVEDERE ST and WALLER ST,Cole Valley,8.0,POINT (-122.44945526 37.76873016),Web,
3634615,05/12/2014 11:05:01 AM,05/14/2014 11:46:38 AM,05/14/2014 11:46:38 AM,Closed,PUC Sewer Ops,Sewer Issues,Sewage_back_up,Outofsewervent4inch,"813 DOLORES ST, SAN FRANCISCO, CA, 94110",Dolores Heights,8.0,POINT (-122.42544813 37.7564212),Phone,
3634614,05/12/2014 11:04:51 AM,05/12/2014 11:40:58 AM,05/12/2014 11:40:58 AM,Closed,Recology_Abandoned,Street and Sidewalk Cleaning,General Cleaning,Other Loose Garbage,"66 WALLER ST, SAN FRANCISCO, CA, 94102",Mint Hill,8.0,POINT (-122.4244052 37.77194363),Mobile/Open311,http://mobile311.sfgov.org/reports/3634614/photos
3634611,05/12/2014 11:04:05 AM,07/17/2014 02:55:27 PM,07/17/2014 02:55:27 PM,Closed,DPT SignShop Surveyed - Area 1 Queue,Graffiti,Graffiti on Pole,Pole - Offensive,Intersection of BELVEDERE ST and WALLER ST,Cole Valley,8.0,POINT (-122.44945526 37.76873016),Web,
3634610,05/12/2014 11:03:51 AM,05/13/2014 09:00:00 AM,05/13/2014 09:00:00 AM,Closed,DPW Ops Queue,Graffiti,Graffiti on Pole,Pole - Not_Offensive,"531 JACKSON ST, SAN FRANCISCO, CA, 94133",Chinatown,3.0,POINT (-122.40442306 37.7962441),Phone,http://mobile311.sfgov.org/reports/3634610/photos
3634609,05/12/2014 11:03:30 AM,05/14/2014 09:00:00 AM,05/14/2014 09:00:00 AM,Closed,DPW Ops Queue,Graffiti,Graffiti on Sidewalk_in_front_of_property,Sidewalk_in_front_of_property - Not_Offensive,Intersection of VALLEJO ST and KEARNY ST,North Beach,3.0,POINT (-122.40564572 37.7989685),Phone,
3634608,05/12/2014 11:03:29 AM,05/12/2014 01:45:00 AM,05/12/2014 01:45:00 AM,Closed,DPW Ops Queue,Street and Sidewalk Cleaning,Hazardous Materials,Glass,"101 GLADSTONE DR, SAN FRANCISCO, CA, 94112",Mission Terrace,11.0,POINT (-122.4205682 37.72932543),Phone,
3634607,05/12/2014 11:03:21 AM,05/12/2014 11:54:50 AM,05/12/2014 11:54:50 AM,Closed,Recology_Abandoned,Street and Sidewalk Cleaning,Bulky Items,Refrigerator,Intersection of JUDAH ST and LA PLAYA,Outer Sunset,4.0,POINT (-122.50938416 37.76027298),Integrated Agency,
3634605,05/12/2014 11:03:10 AM,05/19/2014 12:00:00 PM,05/19/2014 12:00:00 PM,Closed,DPW - Bureau of Street Use and Mapping - G,General Request - PUBLIC WORKS,request_for_service,bsm - request_for_service,Intersection of 11TH ST and FOLSOM ST,South of Market,6.0,POINT (-122.41402435 37.77186203),Integrated Agency,
3634604,05/12/2014 11:03:04 AM,06/16/2014 10:07:00 AM,06/16/2014 10:07:00 AM,Closed,DPW Ops Queue,Graffiti,Graffiti on Building_commercial,Building_commercial - Offensive,"1663 WALLER ST, SAN FRANCISCO, CA, 94117",Cole Valley,8.0,POINT (-122.45147705 37.76831436),Web,
3634602,05/12/2014 11:02:54 AM,05/12/2014 12:00:00 PM,05/12/2014 12:00:00 PM,Closed,DPW - Bureau of Street Use and Mapping - G,General Request - PUBLIC WORKS,request_for_service,bsm - request_for_service,Intersection of 11TH ST and FOLSOM ST,South of Market,6.0,POINT (-122.41402435 37.77186203),Integrated Agency,
3634598,05/12/2014 11:02:33 AM,02/13/2015 12:00:00 PM,02/13/2015 12:00:00 PM,Closed,DPW BSM Queue,Sidewalk or Curb,Sidewalk_Defect,Lifted_sidewalk_other,"770 10TH AVE, SAN FRANCISCO, CA, 94118",Inner Richmond,1.0,POINT (-122.46799564 37.77386476),Phone,
3634591,05/12/2014 11:00:18 AM,05/14/2014 10:08:27 AM,05/14/2014 10:08:27 AM,Closed,MUNI Work Queue,MUNI Feedback,MUNI - Services_Service_Delivery_Facilities,608_Station_Stop_Appearance_Maintenance,Intersection of BAY SHORE BLVD and BLANKEN AVE,Little Hollywood,10.0,POINT (-122.4019165 37.71224976),Phone,
3634586,05/12/2014 10:58:52 AM,05/13/2014 08:51:14 AM,05/13/2014 08:51:14 AM,Closed,DPW Ops Queue,Street and Sidewalk Cleaning,Human or Animal Waste,Human or Animal Waste,"353 EDDY ST, SAN FRANCISCO, CA, 94102",Tenderloin,5.0,POINT (-122.4134101 37.78377325),Phone,
3634585,05/12/2014 10:58:30 AM,05/19/2014 08:05:19 AM,05/19/2014 08:05:19 AM,Closed,SFMTA - Temporary Sign Request Printing Queue,Temporary Sign Request,Temporary Sign Request for Moving_residential_property,150 ft zone requested from 05/23/2014 to 05/24/2014,"2212 GOLDEN GATE AVE, SAN FRANCISCO, CA, 94118",Lone Mountain,1.0,POINT (-122.44714355 37.77778625),Phone,
3634583,05/12/2014 10:58:12 AM,05/20/2014 08:06:01 AM,05/20/2014 08:06:01 AM,Closed,DPT Abandoned Vehicles Work Queue,Abandoned Vehicle,Abandoned Vehicle - Motorcycle,BLACK - VESTA -  - 16A6788,"438 VALLEJO ST, SAN FRANCISCO, CA, 94133",Telegraph Hill,3.0,POINT (-122.4047362 37.79913976),Phone,
3634575,05/12/2014 10:57:16 AM,05/13/2014 08:50:48 AM,05/13/2014 08:50:48 AM,Closed,DPW Ops Queue,Street and Sidewalk Cleaning,Human or Animal Waste,Human or Animal Waste,Intersection of LARKIN ST and ELLIS ST,Tenderloin,5.0,POINT (-122.41770681 37.7842336),Phone,
3634568,05/12/2014 10:56:18 AM,05/12/2014 01:27:37 PM,05/12/2014 01:27:37 PM,Closed,Recology_Abandoned,Encampments,Encampment items,Clothing,Intersection of SHRADER ST and WALLER ST,Cole Valley,8.0,POINT (-122.45167542 37.76844406),Web,
3634563,05/12/2014 10:55:29 AM,05/13/2014 08:50:26 AM,05/13/2014 08:50:26 AM,Closed,DPW Ops Queue,Street and Sidewalk Cleaning,Human or Animal Waste,Human or Animal Waste,"275 ELLIS ST, SAN FRANCISCO, CA, 94102",Tenderloin,5.0,POINT (-122.41848828 37.77482644),Phone,
3634554,05/12/2014 10:54:28 AM,05/13/2014 08:50:01 AM,05/13/2014 08:50:01 AM,Closed,DPW Ops Queue,Street and Sidewalk Cleaning,Human or Animal Waste,Human or Animal Waste,"528 LARKIN ST, SAN FRANCISCO, CA, 94102",Tenderloin,5.0,POINT (-122.41732715 37.78266579),Phone,
3634551,05/12/2014 10:53:57 AM,05/16/2014 02:15:15 PM,05/16/2014 02:15:15 PM,Closed,SFMTA - Citations/Resident Parking Permits - G,General Request - MTA,request_for_service,parking_meter_cards - request_for_service,Not associated with a specific address,,,POINT (0 0),Web,
3634547,05/12/2014 10:53:33 AM,05/20/2014 08:14:34 AM,05/20/2014 08:14:34 AM,Closed,DPT Abandoned Vehicles Work Queue,Abandoned Vehicle,Abandoned Vehicle - Car4door,dark blue - Mercedes -  - 7CHF694,"65 MONTEZUMA ST, SAN FRANCISCO, CA, 94110",Bernal Heights,9.0,POINT (-122.41584015 37.74609375),Web,
3634546,05/12/2014 10:53:27 AM,05/21/2014 06:30:41 AM,05/21/2014 06:30:41 AM,Closed,DPT Abandoned Vehicles Work Queue,Abandoned Vehicle,Abandoned Vehicle -,silver - Mitsubishi - Lancer ES - 5LO110,"153 GRAND VIEW AVE, SAN FRANCISCO, CA, 94114",Eureka Valley,8.0,POINT (-122.43997921 37.75575164),Phone,
3634545,05/12/2014 10:53:09 AM,05/12/2014 01:14:43 AM,05/12/2014 01:14:43 AM,Closed,DPW Ops Queue,Street and Sidewalk Cleaning,Human or Animal Waste,Human or Animal Waste,Intersection of DODGE ST and TURK ST,Tenderloin,5.0,POINT (-122.41698505 37.78241864),Phone,
3634542,05/12/2014 10:52:47 AM,05/13/2014 03:02:51 AM,05/13/2014 03:02:51 AM,Closed,DPW Ops Queue,Illegal Postings,Illegal Postings - Posted_on_Directional_Sign,Posted on Directional Sign,Intersection of BERNAL HEIGHTS BLVD and FOLSOM ST,Bernal Heights,9.0,POINT (-122.41240563 37.74359596),Mobile/Open311,http://mobile311.sfgov.org/reports/3634542/photos
3634541,05/12/2014 10:52:44 AM,05/12/2014 06:41:44 AM,05/12/2014 06:41:44 AM,Closed,DPW Ops Queue,Street and Sidewalk Cleaning,General Cleaning,Paper Spill,Intersection of STEVENSON ST and 14TH ST,Mission,9.0,POINT (-122.42136545 37.76818972),Phone,
3634539,05/12/2014 10:52:41 AM,05/13/2014 09:00:00 AM,05/13/2014 09:00:00 AM,Closed,DPW Ops Queue,Graffiti,Graffiti on Pole,Pole - Offensive,"1749 WALLER ST, SAN FRANCISCO, CA, 94117",Cole Valley,8.0,POINT (-122.45251465 37.76821136),Web,
3634537,05/12/2014 10:52:22 AM,05/13/2014 11:08:18 AM,05/13/2014 11:08:18 AM,Closed,Clear Channel - Transit Queue,Graffiti,Graffiti on Transit_Shelter_Platform,Transit_Shelter_Platform - Offensive,Intersection of MCALLISTER ST and VAN NESS AVE,Civic Center,5.0,POINT (-122.42024702 37.78007463),Phone,
3634534,05/12/2014 10:51:54 AM,05/13/2014 08:57:30 AM,05/13/2014 08:57:30 AM,Closed,DPW Ops Queue,Street and Sidewalk Cleaning,Human or Animal Waste,Human or Animal Waste,"238 EDDY ST, SAN FRANCISCO, CA, 94102",Tenderloin,5.0,POINT (-122.41624386 37.78494686),Phone,
3634529,05/12/2014 10:51:21 AM,05/13/2014 09:00:00 AM,05/13/2014 09:00:00 AM,Closed,DPW Ops Queue,Graffiti,Graffiti on Pole,Pole - Offensive,"1749 WALLER ST, SAN FRANCISCO, CA, 94117",Cole Valley,8.0,POINT (-122.45251465 37.76821136),Web,
3634528,05/12/2014 10:51:11 AM,05/27/2014 03:08:59 PM,05/27/2014 03:08:59 PM,Closed,Animal Care and Control - G,General Request - ANIMAL CARE CONTROL,request_for_service,animal_care_control - request_for_service,"27 SWEENY ST, SAN FRANCISCO, CA, 94134",Portola,9.0,POINT (-122.40648774 37.73334214),Phone,
3634526,05/12/2014 10:50:59 AM,05/13/2014 06:40:00 AM,05/13/2014 06:40:00 AM,Closed,DPW Ops Queue,Street and Sidewalk Cleaning,Human or Animal Waste,Human or Animal Waste,"455 HYDE ST, SAN FRANCISCO, CA, 94109",Tenderloin,5.0,POINT (-122.41624386 37.78494686),Phone,
3634525,05/12/2014 10:50:52 AM,05/14/2014 10:11:41 AM,05/14/2014 10:11:41 AM,Closed,SSP - MTA Feedback Queue,MUNI Feedback,MUNI  - Conduct_Inattentiveness_Negligence,202_Ignored_Stop_Request,Not associated with a specific address,,,POINT (0 0),Web,
3634519,05/12/2014 10:49:59 AM,06/19/2014 08:07:16 AM,06/19/2014 08:07:16 AM,Closed,DPT - Traffic Signal - G,General Request - MTA,customer_callback,parking_traffic_other - customer_callback,Intersection of CALIFORNIA ST and PRESIDIO AVE,Laurel Heights / Jordan Park,2.0,POINT (-122.44679384 37.78726197),Phone,
3634517,05/12/2014 10:49:20 AM,05/13/2014 08:56:52 AM,05/13/2014 08:56:52 AM,Closed,DPW Ops Queue,Street and Sidewalk Cleaning,Human or Animal Waste,Human or Animal Waste,"472 TURK ST, SAN FRANCISCO, CA, 94102",Tenderloin,5.0,POINT (-122.41702791 37.78247013),Phone,
3634514,05/12/2014 10:48:49 AM,05/20/2014 07:04:00 AM,05/20/2014 07:04:00 AM,Closed,DPW BSM Queue,Graffiti,Graffiti on Sidewalk_structure,Sidewalk_structure - Offensive,Intersection of STANYAN ST and WALLER ST,Golden Gate Park,5.0,POINT (-122.45335388 37.7682457),Web,
3634512,05/12/2014 10:48:24 AM,05/13/2014 08:57:30 AM,05/13/2014 08:57:30 AM,Closed,DPW Ops Queue,Street and Sidewalk Cleaning,Human or Animal Waste,Human or Animal Waste,"233 EDDY ST, SAN FRANCISCO, CA, 94102",Tenderloin,5.0,POINT (-122.41557301 37.7845677),Phone,
3634507,05/12/2014 10:47:57 AM,01/06/2016 12:00:00 PM,01/06/2016 12:00:00 PM,Closed,DPW BSM Queue,Sidewalk or Curb,Public_Stairway_Defect,Public_Stairway_Defect,"782 10TH AVE, SAN FRANCISCO, CA, 94118",Inner Richmond,1.0,POINT (-122.46797952 37.77364802),Phone,
3634506,05/12/2014 10:47:37 AM,05/12/2014 11:49:46 AM,05/12/2014 11:49:46 AM,Closed,Recology_Abandoned,Street and Sidewalk Cleaning,General Cleaning,Other Loose Garbage,Intersection of WEBSTER ST and LAUSSAT ST,Lower Haight,5.0,POINT (-122.42870994 37.77184955),Phone,
3634505,05/12/2014 10:47:20 AM,05/13/2014 08:05:00 AM,05/13/2014 08:05:00 AM,Closed,DPW Ops Queue,Street and Sidewalk Cleaning,Human or Animal Waste,Human or Animal Waste,"570 ELLIS ST, SAN FRANCISCO, CA, 94109",Tenderloin,5.0,POINT (-122.41557301 37.7845677),Phone,
3634497,05/12/2014 10:46:30 AM,05/12/2014 11:42:36 AM,05/12/2014 11:42:36 AM,Closed,311 Service Request Queue - Hold,Blocked Street or SideWalk,Blocked_Sidewalk,Cafe_table_and_chairs blocking sidewalk,"246 POST ST, SAN FRANCISCO, CA, 94108",Downtown / Union Square,3.0,POINT (-122.40620255 37.78898835),Mobile/Open311,
3634496,05/12/2014 10:46:25 AM,05/12/2014 02:51:22 PM,05/12/2014 02:51:22 PM,Closed,Recology_Abandoned,Litter Receptacles,Cans_Left_Out_24x7,,"705 DIVISADERO ST, SAN FRANCISCO, CA, 94117",Panhandle,5.0,POINT (-122.43820953 37.77618408),Phone,
3634494,05/12/2014 10:46:20 AM,05/12/2014 04:31:21 AM,05/12/2014 04:31:21 AM,Closed,DPW Ops Queue,Street and Sidewalk Cleaning,Human or Animal Waste,Human or Animal Waste,"333 JONES ST, SAN FRANCISCO, CA, 94102",Tenderloin,5.0,POINT (-122.41272639 37.78423759),Phone,
3634493,05/12/2014 10:46:08 AM,05/16/2014 01:12:42 PM,05/16/2014 01:12:42 PM,Closed,PUC Sewer Ops,Sewer Issues,Sewage_back_up,Outofsewervent4inch,"174 GRANVILLE WAY, SAN FRANCISCO, CA, 94127",Laguna Honda,7.0,POINT (-122.46182794 37.74212767),Phone,
3634490,05/12/2014 10:45:45 AM,05/12/2014 12:02:22 PM,05/12/2014 12:02:22 PM,Closed,Recology_Abandoned,Street and Sidewalk Cleaning,Bulky Items,Mattress,"145 GUERRERO ST, SAN FRANCISCO, CA, 94103",Mission Dolores,9.0,POINT (-122.42439817 37.76904674),Phone,
3634489,05/12/2014 10:45:12 AM,07/24/2015 02:40:06 PM,07/24/2015 02:40:06 PM,Closed,SFMTA - Temporary Sign Request Queue,Temporary Sign Request,Temporary Sign Request for Moving_residential_property,60 ft zone requested from 05/21/2014 to 05/21/2014,"1462 CLAY ST, SAN FRANCISCO, CA, 94109",Nob Hill,3.0,POINT (-122.41725159 37.79294968),Phone,
3634488,05/12/2014 10:45:10 AM,05/12/2014 04:31:51 AM,05/12/2014 04:31:51 AM,Closed,DPW Ops Queue,Street and Sidewalk Cleaning,Human or Animal Waste,Human or Animal Waste,Intersection of JONES ST and EDDY ST,Tenderloin,5.0,POINT (-122.41259738 37.78393203),Phone,
3634487,05/12/2014 10:45:07 AM,05/14/2014 12:00:00 PM,05/14/2014 12:00:00 PM,Closed,DPW BSM Queue,Graffiti,Graffiti on News_rack,News_rack - Offensive,Intersection of WALLER ST and STANYAN ST,Golden Gate Park,5.0,POINT (-122.45335388 37.7682457),Web,
3634477,05/12/2014 10:44:16 AM,05/12/2014 02:33:34 AM,05/12/2014 02:33:34 AM,Closed,DPW Ops Queue,Street and Sidewalk Cleaning,Human or Animal Waste,Human or Animal Waste,"761 COMMERCIAL ST, SAN FRANCISCO, CA, 94108",Chinatown,3.0,POINT (-122.40561478 37.79385153),Phone,
3634475,05/12/2014 10:44:00 AM,05/12/2014 04:56:48 AM,05/12/2014 04:56:48 AM,Closed,DPW Ops Queue,Street and Sidewalk Cleaning,Human or Animal Waste,Human or Animal Waste,"516 ELLIS ST, SAN FRANCISCO, CA, 94109",Tenderloin,5.0,POINT (-122.41466912 37.78468127),Phone,
3634467,05/12/2014 10:43:03 AM,05/12/2014 04:57:34 AM,05/12/2014 04:57:34 AM,Closed,DPW Ops Queue,Street and Sidewalk Cleaning,Human or Animal Waste,Human or Animal Waste,"369 TURK ST, SAN FRANCISCO, CA, 94102",Tenderloin,5.0,POINT (-122.41073573 37.78341008),Phone,
3634465,05/12/2014 10:42:56 AM,05/14/2014 10:15:53 AM,05/14/2014 10:15:53 AM,Closed,SSP - MTA Feedback Queue,MUNI Feedback,MUNI  - Conduct_Discourteous_Insensitive_Inappropriate_Conduct,306_General_Unprofessional_Conduct_Appearance,Not associated with a specific address,,,POINT (0 0),Web,
3634463,05/12/2014 10:42:42 AM,07/08/2014 03:36:39 PM,07/08/2014 03:36:39 PM,Closed,DPT SignShop Surveyed - Area 1 Queue,Sign Repair,Sign - Missing,Street_Name - Missing; support - Missing,Intersection of FELTON ST and UNIVERSITY ST,University Mound,9.0,POINT (-122.414415 37.727488),Mobile/Open311,
3634462,05/12/2014 10:42:15 AM,05/12/2014 05:17:00 AM,05/12/2014 05:17:00 AM,Closed,DPW Ops Queue,Street and Sidewalk Cleaning,Human or Animal Waste,Human or Animal Waste,"118 TAYLOR ST, SAN FRANCISCO, CA, 94102",Tenderloin,5.0,POINT (-122.41073573 37.78341008),Phone,
3634459,05/12/2014 10:42:07 AM,03/07/2022 05:30:28 PM,03/07/2022 05:30:28 PM,Closed,DPW BSSR Queue,Street Defects,Pavement_Defect,Pavement_Defect,Intersection of 3RD ST and KING ST,Mission Bay,6.0,POINT (-122.39183807 37.77812576),Web,
3634454,05/12/2014 10:41:18 AM,05/12/2014 11:57:56 AM,05/12/2014 11:57:56 AM,Closed,DPW Ops Queue,Street and Sidewalk Cleaning,Human or Animal Waste,Human or Animal Waste,"1164 MARKET ST, SAN FRANCISCO, CA, 94102",Civic Center,5.0,POINT (-122.41404501 37.77940086),Phone,
3634453,05/12/2014 10:41:16 AM,05/12/2014 06:42:22 AM,05/12/2014 06:42:22 AM,Closed,DPW Ops Queue,Street and Sidewalk Cleaning,General Cleaning,Other Loose Garbage,"3434 16TH ST, SAN FRANCISCO, CA, 94114",Mission Dolores,8.0,POINT (-122.4294123 37.7645175),Phone,
3634451,05/12/2014 10:41:05 AM,05/12/2014 01:26:30 PM,05/12/2014 01:26:30 PM,Closed,Recology_Abandoned,Street and Sidewalk Cleaning,Bulky Items,Mattress,Intersection of 21ST ST and POTRERO AVE,Mission,10.0,POINT (-122.406754 37.757901),Mobile/Open311,http://mobile311.sfgov.org/reports/3634451/photos
3634447,05/12/2014 10:40:44 AM,05/12/2014 03:51:01 AM,05/12/2014 03:51:01 AM,Closed,DPW Ops Queue,Graffiti,Graffiti on Sidewalk_structure,Sidewalk_structure - Offensive,Intersection of WALLER ST and STANYAN ST,Golden Gate Park,5.0,POINT (-122.45335388 37.7682457),Web,
3634444,05/12/2014 10:40:06 AM,05/13/2014 08:52:08 AM,05/13/2014 08:52:08 AM,Closed,DPW Ops Queue,Street and Sidewalk Cleaning,Human or Animal Waste,Human or Animal Waste,Intersection of CHARLES J BRENHAM PL and MARKET ST,Civic Center,6.0,POINT (-122.41251188 37.7804778),Phone,
3634441,05/12/2014 10:39:05 AM,05/12/2014 11:56:08 AM,05/12/2014 11:56:08 AM,Closed,DPW Ops Queue,Street and Sidewalk Cleaning,Human or Animal Waste,Human or Animal Waste,"1100 MARKET ST, SAN FRANCISCO, CA, 94102",Tenderloin,5.0,POINT (-122.41205059 37.78097698),Phone,
3634434,05/12/2014 10:38:24 AM,05/12/2014 03:01:09 PM,05/12/2014 03:01:09 PM,Closed,Recology_Abandoned,Street and Sidewalk Cleaning,Bulky Items,Furniture,"22 BEIDEMAN ST, SAN FRANCISCO, CA, 94115",Western Addition,5.0,POINT (-122.4382666 37.78175624),Mobile/Open311,http://mobile311.sfgov.org/reports/3634434/photos
3634432,05/12/2014 10:38:06 AM,05/21/2014 10:29:50 AM,05/21/2014 10:29:50 AM,Closed,311 Supervisor Queue,General Request - MTA,request_for_service,parking_traffic_other - request_for_service,"485 CAROLINA ST, SAN FRANCISCO, CA, 94107",Potrero Hill,10.0,POINT (-122.4003416 37.76255876),Phone,
3634431,05/12/2014 10:38:00 AM,05/14/2014 02:54:28 AM,05/14/2014 02:54:28 AM,Closed,DPW Ops Queue,Graffiti,Graffiti on Street,Street - Offensive,Intersection of BEULAH ST and STANYAN ST,Golden Gate Park,8.0,POINT (-122.45316315 37.76730728),Web,
3634430,05/12/2014 10:37:51 AM,12/07/2017 01:00:41 PM,12/07/2017 01:00:41 PM,Closed,Housing Authority SR Queue,SFHA Requests,Plumbing,Plumbing - Urgent,"1855 15TH ST, Apt 403, SAN FRANCISCO, CA, 94103",Mission Dolores,8.0,POINT (-122.4260025 37.76599884),Phone,
3634427,05/12/2014 10:36:46 AM,05/12/2014 12:55:30 PM,05/12/2014 12:55:30 PM,Closed,Recology_Abandoned,Street and Sidewalk Cleaning,Bulky Items,Furniture,Intersection of 24TH ST and CASTRO ST,Noe Valley,8.0,POINT (-122.43408898 37.75130227),Phone,
3634426,05/12/2014 10:36:44 AM,05/12/2014 12:53:22 PM,05/12/2014 12:53:22 PM,Closed,Recology_Abandoned,Street and Sidewalk Cleaning,Bulky Items,Mattress,"457 CAMBRIDGE ST, SAN FRANCISCO, CA, 94134",University Mound,9.0,POINT (-122.41805857 37.72575684),Phone,
3634425,05/12/2014 10:36:36 AM,09/15/2014 12:00:00 PM,09/15/2014 12:00:00 PM,Closed,DPW BSM Queue,Sidewalk or Curb,Missing_Side_Sewer_Vent_Cover,Missing_Side_Sewer_Vent_Cover,"1320 GOETTINGEN ST, SAN FRANCISCO, CA, 94134",Visitacion Valley,10.0,POINT (-122.40204677 37.71577589),Phone,
3634422,05/12/2014 10:36:19 AM,05/20/2014 08:11:57 AM,05/20/2014 08:11:57 AM,Closed,DPT Abandoned Vehicles Work Queue,Abandoned Vehicle,Abandoned Vehicle - SUV,green  - ford  - explorer - 6LHX236,"705 5TH AVE, SAN FRANCISCO, CA, 94118",Inner Richmond,1.0,POINT (-122.46286678 37.77529902),Phone,
3634414,05/12/2014 10:35:32 AM,05/15/2014 01:21:43 AM,05/15/2014 01:21:43 AM,Closed,DPW Ops Queue,Litter Receptacles,Litter_Receptacle_Request_New_Removal,,"800 STANYAN ST, SAN FRANCISCO, CA, 94117",Cole Valley,8.0,POINT (-122.45310974 37.76728439),Web,
3634409,05/12/2014 10:34:08 AM,05/12/2014 12:55:27 PM,05/12/2014 12:55:27 PM,Closed,Recology_Abandoned,Street and Sidewalk Cleaning,Bulky Items,Furniture,"4063 24TH ST, SAN FRANCISCO, CA, 94114",Noe Valley,8.0,POINT (-122.43325507 37.75129673),Phone,
3634406,05/12/2014 10:33:40 AM,05/12/2014 11:49:44 AM,05/12/2014 11:49:44 AM,Closed,Recology_Abandoned,Street and Sidewalk Cleaning,General Cleaning,Other Loose Garbage,Intersection of WALLER ST and FILLMORE ST,Duboce Triangle,5.0,POINT (-122.43025999 37.77117315),Phone,
3634403,05/12/2014 10:33:16 AM,05/12/2014 10:52:47 AM,05/12/2014 10:52:47 AM,Closed,311 Service Request Queue - Hold,Street and Sidewalk Cleaning,General Cleaning,Other Loose Garbage,"2308 SAN BRUNO AVE, SAN FRANCISCO, CA, 94134",Portola,9.0,POINT (-122.40637 37.733711),Mobile/Open311,
3634401,05/12/2014 10:32:53 AM,05/12/2014 11:08:40 AM,05/12/2014 11:08:40 AM,Closed,Recology_Abandoned,Street and Sidewalk Cleaning,Bulky Items,Refrigerator,Intersection of WASHINGTON ST and WALTER U LUM PL,Chinatown,3.0,POINT (-122.40584564 37.79522324),Integrated Agency,
3634400,05/12/2014 10:32:45 AM,05/12/2014 12:07:26 PM,05/12/2014 12:07:26 PM,Closed,PUC - Water - G,Sewer Issues,Water_leak,Water_leak Water_leak,Intersection of SUNSET BLVD and MORAGA ST,Outer Sunset,4.0,POINT (-122.49536133 37.75527573),Web,
3634399,05/12/2014 10:32:42 AM,05/12/2014 12:57:40 PM,05/12/2014 12:57:40 PM,Closed,Recology_Abandoned,Street and Sidewalk Cleaning,Bulky Items,Refrigerator,"1145 YORK ST, SAN FRANCISCO, CA, 94110",Mission,9.0,POINT (-122.40812683 37.75370026),Integrated Agency,
3634398,05/12/2014 10:32:40 AM,05/12/2014 11:22:28 AM,05/12/2014 11:22:28 AM,Closed,Recology_Abandoned,Street and Sidewalk Cleaning,Bulky Items,Furniture,"1550 SACRAMENTO ST, SAN FRANCISCO, CA, 94109",Nob Hill,3.0,POINT (-122.41843001 37.79186373),Phone,
3634395,05/12/2014 10:31:51 AM,05/14/2014 12:00:00 PM,05/14/2014 12:00:00 PM,Closed,DPW BSM Queue,Graffiti,Graffiti on News_rack,News_rack - Offensive,Intersection of CARL ST and STANYAN ST,Parnassus Heights,8.0,POINT (-122.45275879 37.76544189),Web,
3634390,05/12/2014 10:30:26 AM,04/17/2015 10:06:18 PM,04/17/2015 10:06:18 PM,Closed,311 Service Request Queue - Hold,Damaged Property,Damaged Traffic_Signal,Traffic_Signal,Intersection of ARGUELLO BLVD and CALIFORNIA ST,Presidio Terrace,2.0,POINT (-122.4591781 37.78568062),Phone,
3634387,05/12/2014 10:29:59 AM,05/12/2014 02:33:25 PM,05/12/2014 02:33:25 PM,Closed,Recology_Abandoned,Street and Sidewalk Cleaning,Bulky Items,Mattress,"373 HERMANN ST, SAN FRANCISCO, CA, 94117",Duboce Triangle,8.0,POINT (-122.43124789 37.77003898),Phone,
3634379,05/12/2014 10:29:22 AM,05/12/2014 12:18:37 PM,05/12/2014 12:18:37 PM,Closed,Recology_Overflowing,Street and Sidewalk Cleaning,Overflowing_City_Receptacle_or_Dumpster,Overflowing_City_Receptacle_or_Dumpster,Intersection of GREAT HWY and JUDAH ST,Outer Sunset,4.0,POINT (-122.50938094 37.76026954),Phone,
3634373,05/12/2014 10:26:35 AM,05/14/2014 02:54:04 AM,05/14/2014 02:54:04 AM,Closed,DPW Ops Queue,Graffiti,Graffiti on Sidewalk_structure,Sidewalk_structure - Offensive,Intersection of COLE ST and CARL ST,Cole Valley,8.0,POINT (-122.4499588 37.76580048),Web,
3634372,05/12/2014 10:26:22 AM,05/15/2014 06:20:01 AM,05/15/2014 06:20:01 AM,Closed,DPT Abandoned Vehicles Work Queue,Abandoned Vehicle,Abandoned Vehicle - Car4door,BLACK - HYUNDAI   - SONATA - 6EUR381,"870 CHURCH ST, SAN FRANCISCO, CA, 94114",Dolores Heights,8.0,POINT (-122.42800399 37.75691782),Phone,
3634371,05/12/2014 10:26:15 AM,05/14/2014 09:12:16 AM,05/14/2014 09:12:16 AM,Closed,SSP - MTA Feedback Queue,MUNI Feedback,MUNI  - Conduct_Discourteous_Insensitive_Inappropriate_Conduct,301_Discourtesy_to_Customer,Not associated with a specific address,,,POINT (0 0),Web,
3634366,05/12/2014 10:25:47 AM,05/19/2014 07:29:22 AM,05/19/2014 07:29:22 AM,Closed,DPT Abandoned Vehicles Work Queue,Abandoned Vehicle,Abandoned Vehicle - Other,orange - ford - falcon - PHX179,"11 SHERWOOD CT, SAN FRANCISCO, CA, 94127",Sherwood Forest,7.0,POINT (-122.45369921 37.73661499),Phone,
3634359,05/12/2014 10:23:38 AM,06/06/2014 05:21:25 AM,06/06/2014 05:21:25 AM,Closed,DPW Ops Queue,Litter Receptacles,Cans_Left_Out_24x7,,"1734 MASON ST, SAN FRANCISCO, CA, 94133",Russian Hill,3.0,POINT (-122.4122506 37.79958431),Mobile/Open311,http://mobile311.sfgov.org/reports/3634359/photos
3634357,05/12/2014 10:23:14 AM,05/12/2014 04:59:34 AM,05/12/2014 04:59:34 AM,Closed,DPW Ops Queue,Street and Sidewalk Cleaning,Human or Animal Waste,Human or Animal Waste,Intersection of TEHAMA ST and 6TH ST,South of Market,6.0,POINT (-122.4066296 37.779315),Phone,
3634352,05/12/2014 10:21:12 AM,05/12/2014 10:55:39 AM,05/12/2014 10:55:39 AM,Closed,DPW Ops Queue,Street and Sidewalk Cleaning,Human or Animal Waste,Human or Animal Waste,"20 SYCAMORE ST, SAN FRANCISCO, CA, 94110",Mission,9.0,POINT (-122.41989136 37.76274872),Web,
3634347,05/12/2014 10:20:10 AM,05/12/2014 12:20:27 PM,05/12/2014 12:20:27 PM,Closed,Recology_Abandoned,Street and Sidewalk Cleaning,General Cleaning,Other Loose Garbage,Intersection of 19TH AVE and ORTEGA ST,Golden Gate Heights,7.0,POINT (-122.47629357 37.75237659),Phone,
3634344,05/12/2014 10:19:24 AM,05/14/2014 09:14:33 AM,05/14/2014 09:14:33 AM,Closed,SSP - MTA Feedback Queue,MUNI Feedback,MUNI  - Conduct_Discourteous_Insensitive_Inappropriate_Conduct,302_Altercation_Employee_Customer,Not associated with a specific address,,,POINT (0 0),Web,
3634343,05/12/2014 10:19:17 AM,05/12/2014 03:32:58 PM,05/12/2014 03:32:58 PM,Closed,PUC Sewer Ops,Sewer Issues,Sewage_back_up,Outofsewervent4inch,"1000 FULTON ST, SAN FRANCISCO, CA, 94117",Alamo Square,5.0,POINT (-122.43355443 37.77755521),Phone,
3634338,05/12/2014 10:18:07 AM,05/14/2014 09:15:41 AM,05/14/2014 09:15:41 AM,Closed,SSP - MTA Feedback Queue,MUNI Feedback,MUNI  - Conduct_Inattentiveness_Negligence,213_General_Distraction_from_Duty,Not associated with a specific address,,,POINT (0 0),Web,
3634336,05/12/2014 10:17:23 AM,05/14/2014 02:50:58 AM,05/14/2014 02:50:58 AM,Closed,DPW Ops Queue,Street and Sidewalk Cleaning,General Cleaning,Other Loose Garbage,"1542 CHURCH ST, SAN FRANCISCO, CA, 94131",Noe Valley,8.0,POINT (-122.42697202 37.74621067),Phone,
3634328,05/12/2014 10:14:57 AM,05/16/2014 02:12:41 PM,05/16/2014 02:12:41 PM,Closed,SFMTA - Citations/Resident Parking Permits - G,General Request - MTA,request_for_service,parking_meter_cards - request_for_service,Not associated with a specific address,,,POINT (0 0),Web,
3634327,05/12/2014 10:14:39 AM,03/05/2024 03:03:40 PM,03/05/2024 03:03:40 PM,Closed,PUC - Sewer - G,Sewer Issues,Flooding,Flooding On_street,Intersection of VAN NESS AVE and EDDY ST,Tenderloin,5.0,POINT (0 0),Web,
3634326,05/12/2014 10:14:30 AM,05/13/2014 11:00:00 AM,05/13/2014 11:00:00 AM,Closed,DPW Ops Queue,Street and Sidewalk Cleaning,General Cleaning,Other Loose Garbage,Intersection of RANDOLPH ST and RAMSELL ST,Merced Heights,11.0,POINT (-122.46620178 37.71427917),Web,
3634324,05/12/2014 10:14:08 AM,05/14/2014 09:17:14 AM,05/14/2014 09:17:14 AM,Closed,SSP - MTA Feedback Queue,MUNI Feedback,MUNI  - Conduct_Inattentiveness_Negligence,201_Pass_Up_Did_Not_Wait_for_Transferee,Not associated with a specific address,,,POINT (0 0),Web,
3634323,05/12/2014 10:13:49 AM,05/14/2014 09:18:09 AM,05/14/2014 09:18:09 AM,Closed,SSP - MTA Feedback Queue,MUNI Feedback,MUNI  - Conduct_Inattentiveness_Negligence,201_Pass_Up_Did_Not_Wait_for_Transferee,Not associated with a specific address,,,POINT (0 0),Web,
3634321,05/12/2014 10:13:31 AM,05/21/2014 06:56:23 AM,05/21/2014 06:56:23 AM,Closed,DPW Ops Queue,Tree Maintenance,Trees - Overgrown_Tree,Blocking_traffic_signal,Intersection of COLUMBUS AVE and MASON ST,Russian Hill,3.0,POINT (-122.41291046 37.80218506),Phone,
3634309,05/12/2014 10:10:04 AM,05/13/2014 01:48:21 AM,05/13/2014 01:48:21 AM,Closed,DPW Ops Queue,Graffiti,Graffiti on Pole,Pole - Offensive,Intersection of 17TH ST and VALENCIA ST,Mission,9.0,POINT (-122.42173004 37.76329803),Web,
3634308,05/12/2014 10:10:02 AM,05/12/2014 06:46:08 AM,05/12/2014 06:46:08 AM,Closed,DPW Ops Queue,Street and Sidewalk Cleaning,Hazardous Materials,Liquids - Oil/Paint/Other,"1525 SILVER AVE, SAN FRANCISCO, CA, 94134",Portola,9.0,POINT (-122.40599607 37.73237768),Phone,
3634303,05/12/2014 10:08:20 AM,05/13/2014 01:48:21 AM,05/13/2014 01:48:21 AM,Closed,DPW Ops Queue,Graffiti,Graffiti on Pole,Pole - Offensive,Intersection of 17TH ST and VALENCIA ST,Mission,9.0,POINT (-122.42173004 37.76329803),Web,
3634300,05/12/2014 10:07:28 AM,04/17/2015 10:06:16 PM,04/17/2015 10:06:16 PM,Closed,311 Service Request Queue - Hold,311 External Request,Graffiti,Graffiti - USPS,Intersection of SUNSET BLVD and ULLOA ST,Outer Sunset,4.0,POINT (-122.49116806 37.77979363),Phone,
3634299,05/12/2014 10:07:20 AM,05/19/2014 07:40:40 AM,05/19/2014 07:40:40 AM,Closed,DPT Abandoned Vehicles Work Queue,Abandoned Vehicle,Abandoned Vehicle - Car2door,DARK GREEN - JEEP - NA - 3UNN079,"1653 16TH AVE, SAN FRANCISCO, CA, 94122",Golden Gate Heights,7.0,POINT (-122.47357749 37.75705623),Phone,
3634292,05/12/2014 10:06:01 AM,05/13/2014 09:00:00 AM,05/13/2014 09:00:00 AM,Closed,DPW Ops Queue,Graffiti,Graffiti on Pole,Pole - Offensive,"116 BELVEDERE ST, SAN FRANCISCO, CA, 94117",Cole Valley,8.0,POINT (-122.44918823 37.76833725),Web,
3634291,05/12/2014 10:05:56 AM,05/12/2014 10:08:44 AM,05/12/2014 10:08:44 AM,Closed,Recology_Abandoned,Street and Sidewalk Cleaning,Bulky Items,Refrigerator,Intersection of EVANS AVE and SELBY ST,Produce Market,10.0,POINT (-122.39348602 37.74584579),Integrated Agency,
3634289,05/12/2014 10:05:41 AM,05/12/2014 11:33:15 AM,05/12/2014 11:33:15 AM,Closed,Recology_Abandoned,Street and Sidewalk Cleaning,Bulky Items,Refrigerator,Intersection of YORK ST and 23RD ST,Mission,9.0,POINT (-122.40834045 37.75445175),Integrated Agency,
3634287,05/12/2014 10:05:26 AM,05/21/2014 01:03:41 PM,05/21/2014 01:03:41 PM,Closed,DPT Meter_Bike Queue,Damaged Property,Damaged Parking_Meter,Parking_Meter,"765 GEARY ST, SAN FRANCISCO, CA, 94109",Tenderloin,5.0,POINT (-122.41585381 37.7863294),Phone,
3634286,05/12/2014 10:05:23 AM,05/20/2014 08:25:08 AM,05/20/2014 08:25:08 AM,Closed,DPW Ops Queue,Graffiti,Graffiti on Building_other,Building_other - Not_Offensive,"843 GRANT AVE, SAN FRANCISCO, CA, 94108",Chinatown,3.0,POINT (-122.40653229 37.79472733),Integrated Agency,
3634285,05/12/2014 10:05:13 AM,06/04/2014 08:31:07 AM,06/04/2014 08:31:07 AM,Closed,DPW Ops Queue,Graffiti,Graffiti on Building_other,Building_other - Not_Offensive,"913 GRANT AVE, SAN FRANCISCO, CA, 94108",Chinatown,3.0,POINT (-122.40665436 37.7953949),Integrated Agency,
3634283,05/12/2014 10:04:59 AM,05/20/2014 08:26:28 AM,05/20/2014 08:26:28 AM,Closed,DPW Ops Queue,Graffiti,Graffiti on Building_other,Building_other - Not_Offensive,"905 GRANT AVE, SAN FRANCISCO, CA, 94108",Chinatown,3.0,POINT (-122.40655518 37.79519653),Integrated Agency,
3634281,05/12/2014 10:04:55 AM,04/17/2015 10:06:15 PM,04/17/2015 10:06:15 PM,Closed,311 Service Request Queue - Hold,311 External Request,Graffiti,Graffiti - USPS,Intersection of GEARY BLVD and 31ST AVE,Outer Richmond,1.0,POINT (-122.49116806 37.77979363),Phone,
3634279,05/12/2014 10:04:51 AM,06/04/2014 08:30:34 AM,06/04/2014 08:30:34 AM,Closed,DPW Ops Queue,Graffiti,Graffiti on Building_other,Building_other - Not_Offensive,"910 GRANT AVE, SAN FRANCISCO, CA, 94108",Chinatown,3.0,POINT (-122.40632629 37.79536819),Integrated Agency,
3634275,05/12/2014 10:03:10 AM,05/12/2014 10:48:52 AM,05/12/2014 10:48:52 AM,Closed,SFMTA - Temporary Sign Request Queue,Temporary Sign Request,Temporary Sign Request for Moving_commercial_property,150 ft zone requested from 05/31/2014 to 05/31/2014,"1 CALIFORNIA ST, SAN FRANCISCO, CA, 94111",Financial District,3.0,POINT (-122.39696503 37.79344559),Web,
3634274,05/12/2014 10:02:56 AM,05/13/2014 09:00:00 AM,05/13/2014 09:00:00 AM,Closed,DPW Ops Queue,Graffiti,Graffiti on Signal_box,Signal_box - Not_Offensive,Intersection of GEARY BLVD and 30TH AVE,Outer Richmond,1.0,POINT (-122.49009639 37.7798392),Phone,
3634273,05/12/2014 10:02:18 AM,05/12/2014 10:38:38 AM,05/12/2014 10:38:38 AM,Closed,311 Service Request Queue - Hold,311 External Request,Sewer_Water_Storm_Conditions,Sewer_Water_Storm_Conditions,"1320 GOETTINGEN ST, SAN FRANCISCO, CA, 94134",Visitacion Valley,10.0,POINT (-122.40204677 37.71577589),Phone,
3634269,05/12/2014 10:01:43 AM,05/12/2014 04:51:54 AM,05/12/2014 04:51:54 AM,Closed,DPW Ops Queue,Street and Sidewalk Cleaning,General Cleaning,Other Loose Garbage,"150 VALENCIA ST, SAN FRANCISCO, CA, 94103",South of Market,8.0,POINT (-122.42251375 37.77070916),Phone,
3634265,05/12/2014 10:01:05 AM,05/12/2014 10:21:21 AM,05/12/2014 10:21:21 AM,Closed,Recology_Abandoned,Street and Sidewalk Cleaning,Bulky Items,Furniture,"3988 MISSION ST, SAN FRANCISCO, CA, 94112",St. Mary's Park,8.0,POINT (-122.42627642 37.73392401),Phone,
3634262,05/12/2014 10:00:20 AM,05/12/2014 10:54:05 AM,05/12/2014 10:54:05 AM,Closed,Recology_Abandoned,Street and Sidewalk Cleaning,General Cleaning,Other Loose Garbage,Intersection of GEARY BLVD and 9TH AVE,Inner Richmond,1.0,POINT (-122.46748929 37.78087792),Phone,
3634249,05/12/2014 09:58:18 AM,05/12/2014 11:40:32 AM,05/12/2014 11:40:32 AM,Closed,PUC Streetlights Queue,Streetlights,Streetlight - Light_Glass_Cover_Hanging,Light_Glass_Cover_Hanging on Metal Pole,"57 TAYLOR ST, SAN FRANCISCO, CA, 94102",Tenderloin,5.0,POINT (-122.41106415 37.78289032),Phone,
3634248,05/12/2014 09:57:57 AM,05/12/2014 10:57:42 AM,05/12/2014 10:57:42 AM,Closed,Recology_Abandoned,Encampments,Encampment items,Cart Pickup,Intersection of 10TH AVE and BALBOA ST,Inner Richmond,1.0,POINT (-122.4682943 37.77703799),Phone,
3634244,05/12/2014 09:57:22 AM,05/14/2014 10:01:08 AM,05/14/2014 10:01:08 AM,Closed,MUNI Work Queue,MUNI Feedback,MUNI - Conduct_Inattentiveness_Negligence,201_Pass_Up_Did_Not_Wait_for_Transferee,Intersection of KEITH ST and PALOU AVE,Bayview,10.0,POINT (-122.38716888 37.7318573),Phone,
3634242,05/12/2014 09:56:38 AM,05/13/2014 11:07:23 AM,05/13/2014 11:07:23 AM,Closed,Clear Channel - Transit Queue,Graffiti,Graffiti on Transit_Shelter_Platform,Transit_Shelter_Platform - Offensive,Intersection of 19TH AVE and LINCOLN WAY,Inner Sunset,4.0,POINT (-122.47730912 37.76544607),Phone,
3634237,05/12/2014 09:55:41 AM,05/12/2014 02:31:40 AM,05/12/2014 02:31:40 AM,Closed,DPW Ops Queue,Street and Sidewalk Cleaning,General Cleaning,Other Loose Garbage,"1290 JACKSON ST, SAN FRANCISCO, CA, 94109",Nob Hill,3.0,POINT (-122.41630915 37.79485389),Phone,
3634234,05/12/2014 09:55:17 AM,03/07/2022 05:30:28 PM,03/07/2022 05:30:28 PM,Closed,DPW BSSR Queue,Street Defects,Pavement_Defect,Pavement_Defect,"868 MINNESOTA ST, SAN FRANCISCO, CA, 94107",Dogpatch,10.0,POINT (-122.39086914 37.75966263),Web,
3634231,05/12/2014 09:54:15 AM,05/21/2014 01:03:25 PM,05/21/2014 01:03:25 PM,Closed,DPT Meter_Bike Queue,Damaged Property,Damaged Parking_Meter,Parking_Meter,"601 VAN NESS AVE, SAN FRANCISCO, CA, 94102",Cathedral Hill,5.0,POINT (-122.420517 37.78101242),Phone,
3634230,05/12/2014 09:53:56 AM,05/12/2014 10:03:42 AM,05/12/2014 10:03:42 AM,Closed,Recology_Abandoned,Street and Sidewalk Cleaning,General Cleaning,Other Loose Garbage,"128 10TH ST, SAN FRANCISCO, CA, 94103",South of Market,6.0,POINT (-122.41564963 37.774676),Mobile/Open311,http://mobile311.sfgov.org/reports/3634230/photos
3634229,05/12/2014 09:53:31 AM,05/14/2014 10:58:55 AM,05/14/2014 10:58:55 AM,Closed,DPW Ops Queue,Graffiti,Graffiti on Building_commercial,Building_commercial - Offensive,Intersection of SAN CARLOS ST and 19TH ST,Mission,9.0,POINT (-122.41997519 37.76018862),Phone,
3634227,05/12/2014 09:53:04 AM,05/12/2014 10:02:08 AM,05/12/2014 10:02:08 AM,Closed,Recology_Abandoned,Street and Sidewalk Cleaning,General Cleaning,Other Loose Garbage,"128 10TH ST, SAN FRANCISCO, CA, 94103",South of Market,6.0,POINT (-122.41567 37.77465392),Mobile/Open311,http://mobile311.sfgov.org/reports/3634227/photos
3634224,05/12/2014 09:52:52 AM,05/12/2014 10:02:24 AM,05/12/2014 10:02:24 AM,Closed,Recology_Abandoned,Street and Sidewalk Cleaning,General Cleaning,Other Loose Garbage,"128 10TH ST, SAN FRANCISCO, CA, 94103",South of Market,6.0,POINT (-122.41559716 37.77470857),Mobile/Open311,http://mobile311.sfgov.org/reports/3634224/photos
3634223,05/12/2014 09:52:37 AM,05/12/2014 10:58:52 AM,05/12/2014 10:58:52 AM,Closed,Recology_Abandoned,Street and Sidewalk Cleaning,General Cleaning,Other Loose Garbage,"334 GRANT AVE, SAN FRANCISCO, CA, 94108",Downtown / Union Square,3.0,POINT (-122.40543549 37.79010216),Phone,
3634221,05/12/2014 09:52:18 AM,05/12/2014 10:53:45 AM,05/12/2014 10:53:45 AM,Closed,DPW Ops Queue,Street and Sidewalk Cleaning,Medical Waste,Needles,"973 MINNA ST, SAN FRANCISCO, CA, 94103",South of Market,6.0,POINT (-122.41613301 37.7743008),Mobile/Open311,http://mobile311.sfgov.org/reports/3634221/photos
3634216,05/12/2014 09:51:34 AM,05/12/2014 12:56:16 PM,05/12/2014 12:56:16 PM,Closed,DPW Ops Queue,Tree Maintenance,Trees - Landscaping,Sprinkler_system_issues,Intersection of SUNSET BLVD and JUDAH ST,Outer Sunset,4.0,POINT (-122.49575066 37.76087197),Phone,
3634215,05/12/2014 09:51:05 AM,05/12/2014 10:57:53 AM,05/12/2014 10:57:53 AM,Closed,PUC - Water - G,Sewer Issues,Water_leak,Other,Intersection of SUNSET BLVD and JUDAH ST,Outer Sunset,4.0,POINT (-122.49575066 37.76087197),Phone,
3634214,05/12/2014 09:51:00 AM,05/23/2014 08:55:01 AM,05/23/2014 08:55:01 AM,Closed,DPW Ops Queue,Graffiti,Graffiti on Building_commercial,Building_commercial - Offensive,"55 DEL MONTE ST, SAN FRANCISCO, CA, 94112",Cayuga,11.0,POINT (-122.44333649 37.71587372),Web,
3634212,05/12/2014 09:50:54 AM,05/20/2014 01:05:54 AM,05/20/2014 01:05:54 AM,Closed,DPW Ops Queue,Graffiti,Graffiti on Building_commercial,Building_commercial - Offensive,Intersection of MISSION ST and 19TH ST,Mission,9.0,POINT (-122.41848828 37.77482644),Phone,
3634210,05/12/2014 09:50:32 AM,05/12/2014 10:13:40 AM,05/12/2014 10:13:40 AM,Closed,DPW Ops Queue,Graffiti,Graffiti on Street,Street - Offensive,Not associated with a specific address,,,POINT (0 0),Web,
3634205,05/12/2014 09:49:30 AM,05/12/2014 10:53:45 AM,05/12/2014 10:53:45 AM,Closed,DPW Ops Queue,Street and Sidewalk Cleaning,Medical Waste,Needles,"973 MINNA ST, SAN FRANCISCO, CA, 94103",South of Market,6.0,POINT (-122.41613301 37.7743008),Mobile/Open311,http://mobile311.sfgov.org/reports/3634205/photos
3634203,05/12/2014 09:49:19 AM,12/19/2014 01:00:36 PM,12/19/2014 01:00:36 PM,Closed,RPD Park Service Area 2 Queue,Rec and Park Requests,Park - Structural_Maintenance,Graffiti,"Raymond Kimball Playground, , SAN FRANCISCO, CA, 94115",Western Addition,5.0,POINT (-122.4351276 37.78294358),Phone,
3634196,05/12/2014 09:48:33 AM,05/12/2014 12:09:18 PM,05/12/2014 12:09:18 PM,Closed,RPD NSA Queue,Rec and Park Requests,Park - Neighborhood_Services_Area,Trash_Dumping,"Buena Vista Park, , SAN FRANCISCO, CA, 94117",Buena Vista,8.0,POINT (-122.443047 37.768768),Mobile/Open311,
3634195,05/12/2014 09:47:41 AM,05/12/2014 01:26:49 PM,05/12/2014 01:26:49 PM,Closed,PUC Sewer Ops,Sewer Issues,Sewage_back_up,Outofsewervent4inch,"517 CASTRO ST, SAN FRANCISCO, CA, 94114",Castro,8.0,POINT (-122.43490536 37.76059823),Phone,
3634190,05/12/2014 09:46:23 AM,05/14/2014 07:19:31 AM,05/14/2014 07:19:31 AM,Closed,DPW Ops Queue,Street and Sidewalk Cleaning,General Cleaning,Other Loose Garbage,"1259 GREEN ST, SAN FRANCISCO, CA, 94109",Russian Hill,3.0,POINT (-122.41967965 37.79808586),Mobile/Open311,http://mobile311.sfgov.org/reports/3634190/photos
3634188,05/12/2014 09:46:04 AM,05/12/2014 02:33:00 AM,05/12/2014 02:33:00 AM,Closed,DPW Ops Queue,Street and Sidewalk Cleaning,General Cleaning,Other Loose Garbage,"3140 BAKER ST, SAN FRANCISCO, CA, 94123",Marina,2.0,POINT (-122.44610775 37.79964819),Phone,
3634186,05/12/2014 09:45:43 AM,02/16/2015 09:39:22 PM,02/16/2015 09:39:22 PM,Closed,RPD Park Service Area 5 Queue,Rec and Park Requests,Park - Neighborhood_Services_Area,Trash_Dumping,"Buena Vista Park, , SAN FRANCISCO, CA, 94117",Buena Vista,8.0,POINT (-122.443146 37.768501),Mobile/Open311,
3634183,05/12/2014 09:44:16 AM,02/17/2015 08:55:00 AM,02/17/2015 08:55:00 AM,Closed,DPW BSM Queue,Sidewalk or Curb,Missing_Side_Sewer_Vent_Cover,Missing_Side_Sewer_Vent_Cover,"414 MASON ST, SAN FRANCISCO, CA, 94102",Downtown / Union Square,3.0,POINT (-122.40976277 37.78750383),Mobile/Open311,http://mobile311.sfgov.org/reports/3634183/photos
3634180,05/12/2014 09:43:04 AM,05/12/2014 03:17:40 AM,05/12/2014 03:17:40 AM,Closed,DPW - Bureau of Street Environmental Services - G,General Request - PUBLIC WORKS,request_for_service,bses - request_for_service,Intersection of 19TH ST and PENNSYLVANIA AVE,Potrero Hill,10.0,POINT (-122.39349067 37.76147411),Phone,
3634178,05/12/2014 09:42:04 AM,11/20/2014 12:00:00 PM,11/20/2014 12:00:00 PM,Closed,DPW BSM Queue,Sidewalk or Curb,Missing_Side_Sewer_Vent_Cover,Missing_Side_Sewer_Vent_Cover,"395 GEARY ST, SAN FRANCISCO, CA, 94102",Downtown / Union Square,3.0,POINT (-122.40967065 37.78693588),Mobile/Open311,http://mobile311.sfgov.org/reports/3634178/photos
3634172,05/12/2014 09:40:03 AM,06/09/2016 02:57:00 AM,06/09/2016 02:57:00 AM,Closed,DPW BSM Queue,Sidewalk or Curb,Sidewalk_Defect,Collapsed_sidewalk,Intersection of MASON ST and OFARRELL ST,Tenderloin,5.0,POINT (-122.40983745 37.78635421),Mobile/Open311,http://mobile311.sfgov.org/reports/3634172/photos
3634171,05/12/2014 09:39:17 AM,05/13/2014 05:52:20 AM,05/13/2014 05:52:20 AM,Closed,Clear Channel - Transit Queue,Street and Sidewalk Cleaning,General Cleaning,Other Loose Garbage,"1330 16TH ST, SAN FRANCISCO, CA, 94103",Showplace Square,6.0,POINT (-122.400757 37.766899),Mobile/Open311,
3634170,05/12/2014 09:39:06 AM,05/12/2014 12:00:00 PM,05/12/2014 12:00:00 PM,Closed,DPW BSM Queue,Sidewalk or Curb,Sidewalk_Defect,Collapsed_sidewalk,Intersection of MASON ST and OFARRELL ST,Tenderloin,5.0,POINT (-122.40999595 37.78625778),Mobile/Open311,http://mobile311.sfgov.org/reports/3634170/photos
3634167,05/12/2014 09:38:52 AM,05/28/2014 12:00:00 PM,05/28/2014 12:00:00 PM,Closed,DPW BSM Queue,Sidewalk or Curb,Sidewalk_Defect,Collapsed_sidewalk,"990 UNION ST, SAN FRANCISCO, CA, 94133",Russian Hill,3.0,POINT (-122.41558036 37.79974698),Phone,
3634162,05/12/2014 09:37:00 AM,05/21/2014 12:00:00 PM,05/21/2014 12:00:00 PM,Closed,DPW BSM Queue,Sidewalk or Curb,Sidewalk_Defect,Collapsed_sidewalk,"101 CYRIL MAGNIN ST, SAN FRANCISCO, CA, 94102",Downtown / Union Square,3.0,POINT (-122.40888426 37.78583219),Mobile/Open311,http://mobile311.sfgov.org/reports/3634162/photos
3634161,05/12/2014 09:36:57 AM,05/15/2014 06:19:21 AM,05/15/2014 06:19:21 AM,Closed,DPT Abandoned Vehicles Work Queue,Abandoned Vehicle,Abandoned Vehicle - Other,blue - ford -  - 7eev029,"559 LIBERTY ST, SAN FRANCISCO, CA, 94114",Eureka Valley,8.0,POINT (-122.43370157 37.75688765),Phone,
3634159,05/12/2014 09:36:17 AM,05/12/2014 11:37:16 AM,05/12/2014 11:37:16 AM,Closed,Recology_Abandoned,Street and Sidewalk Cleaning,General Cleaning,Other Loose Garbage,Intersection of SUNSET BLVD and VICENTE ST,Parkside,4.0,POINT (-122.49418112 37.73849422),Phone,
3634156,05/12/2014 09:35:36 AM,08/27/2014 12:00:00 PM,08/27/2014 12:00:00 PM,Closed,DPW Ops Queue,Tree Maintenance,Trees - Damaged_Tree,damaged_vandalism,Intersection of CYRIL MAGNIN ST and ELLIS ST,Downtown / Union Square,3.0,POINT (-122.40895132 37.7853149),Mobile/Open311,http://mobile311.sfgov.org/reports/3634156/photos
3634150,05/12/2014 09:33:40 AM,05/13/2014 12:56:00 PM,05/13/2014 12:56:00 PM,Closed,DPW BSSR Queue,Street Defects,Pavement_Defect,Pavement_Defect,"830 LISBON ST, SAN FRANCISCO, CA, 94112",Excelsior,11.0,POINT (-122.438192 37.7160245),Phone,
3634149,05/12/2014 09:33:36 AM,05/13/2014 11:09:01 AM,05/13/2014 11:09:01 AM,Closed,SFMTA - Temporary Sign Request Queue,Temporary Sign Request,Temporary Sign Request for Moving_residential_property,60 ft zone requested from 05/16/2014 to 05/17/2014,"1207 INDIANA ST, SAN FRANCISCO, CA, 94107",Central Waterfront,10.0,POINT (-122.39077759 37.75512314),Web,
3634145,05/12/2014 09:32:37 AM,05/12/2014 11:44:44 AM,05/12/2014 11:44:44 AM,Closed,Recology_Abandoned,Street and Sidewalk Cleaning,General Cleaning,Other Loose Garbage,Intersection of SUNSET BLVD and RIVERA ST,Outer Sunset,4.0,POINT (-122.49470645 37.74595161),Phone,
3634139,05/12/2014 09:30:19 AM,05/12/2014 12:03:00 PM,05/12/2014 12:03:00 PM,Closed,DPW Ops Queue,Graffiti,Graffiti on Pole,Pole - Offensive,"802 STANYAN ST, SAN FRANCISCO, CA, 94117",Cole Valley,8.0,POINT (-122.45283393 37.76734389),Mobile/Open311,http://mobile311.sfgov.org/reports/3634139/photos
3634136,05/12/2014 09:29:38 AM,05/14/2014 03:52:00 AM,05/14/2014 03:52:00 AM,Closed,DPW Ops Queue,Graffiti,Graffiti on Sidewalk_structure,Sidewalk_structure - Not_Offensive,"4645 OCEAN AVE, SAN FRANCISCO, CA, 94132",Lakeshore,4.0,POINT (-122.49303187 37.7318852),Phone,
3634134,05/12/2014 09:29:10 AM,05/15/2014 01:21:06 AM,05/15/2014 01:21:06 AM,Closed,DPW Ops Queue,Graffiti,Graffiti on City_receptacle,City_receptacle - Offensive,"188 BEULAH ST, SAN FRANCISCO, CA, 94117",Cole Valley,8.0,POINT (-122.45315781 37.76745788),Mobile/Open311,http://mobile311.sfgov.org/reports/3634134/photos
3634131,05/12/2014 09:28:26 AM,05/20/2014 10:30:27 AM,05/20/2014 10:30:27 AM,Closed,PUC Sewer Ops,Sewer Issues,Sewage_back_up,Out_of_catch_basin,"27 HARRIS PL, SAN FRANCISCO, CA, 94123",Union Street,2.0,POINT (-122.43005016 37.79905505),Phone,
3634123,05/12/2014 09:26:31 AM,05/14/2014 07:24:56 AM,05/14/2014 07:24:56 AM,Closed,DPT Abandoned Vehicles Work Queue,Abandoned Vehicle,Abandoned Vehicle - SUV,Gold - Lexus -  - 5LFV120,"571 MUNICH ST, SAN FRANCISCO, CA, 94112",Excelsior,11.0,POINT (-122.42987061 37.71660614),Web,
3634116,05/12/2014 09:24:14 AM,05/12/2014 12:34:32 PM,05/12/2014 12:34:32 PM,Closed,Recology_Abandoned,Street and Sidewalk Cleaning,Bulky Items,Furniture,Intersection of 19TH ST and MINNESOTA ST,Dogpatch,10.0,POINT (-122.39058256 37.76158946),Mobile/Open311,http://mobile311.sfgov.org/reports/3634116/photos
3634115,05/12/2014 09:24:10 AM,05/14/2014 08:32:08 AM,05/14/2014 08:32:08 AM,Closed,SSP - MTA Feedback Queue,MUNI Feedback,MUNI  - Services_Service_Planning,703_Stop_Changes,Not associated with a specific address,,,POINT (0 0),Web,
3634114,05/12/2014 09:24:05 AM,05/15/2014 06:18:40 AM,05/15/2014 06:18:40 AM,Closed,DPT Abandoned Vehicles Work Queue,Abandoned Vehicle,Abandoned Vehicle - Car4door,,Intersection of GRAND VIEW AVE and ELIZABETH ST,Upper Market,8.0,POINT (-122.44274139 37.75157166),Web,
3634109,05/12/2014 09:23:15 AM,05/20/2014 03:23:33 PM,05/20/2014 03:23:33 PM,Closed,SFMTA - Temporary Sign Request Printing Queue,Temporary Sign Request,Temporary Sign Request for Moving_residential_property,40 ft zone requested from 05/23/2014 to 05/23/2014,"840 POWELL ST, SAN FRANCISCO, CA, 94108",Nob Hill,3.0,POINT (-122.40914154 37.79265213),Phone,
3634108,05/12/2014 09:23:08 AM,05/12/2014 12:00:00 PM,05/12/2014 12:00:00 PM,Closed,DPW BSM Queue,Graffiti,Graffiti on News_rack,News_rack - Offensive,Intersection of CARL ST and STANYAN ST,Parnassus Heights,8.0,POINT (-122.45271985 37.7654681),Mobile/Open311,http://mobile311.sfgov.org/reports/3634108/photos
3634107,05/12/2014 09:22:37 AM,05/20/2014 09:58:24 AM,05/20/2014 09:58:24 AM,Closed,PUC Sewer Ops,Sewer Issues,Sewage_back_up,Outofsewervent4inch,"139 CASITAS AVE, SAN FRANCISCO, CA, 94127",Sherwood Forest,7.0,POINT (-122.45920276 37.73768007),Phone,
3634106,05/12/2014 09:22:31 AM,05/12/2014 09:50:03 AM,05/12/2014 09:50:03 AM,Closed,DPT Abandoned Vehicles Work Queue,Abandoned Vehicle,Abandoned Vehicle - PickupTruck,green - Ford - F150 - ???,Intersection of GRAND VIEW AVE and ELIZABETH ST,Upper Market,8.0,POINT (-122.44274139 37.75157166),Web,
3634095,05/12/2014 09:20:02 AM,05/12/2014 10:06:09 AM,05/12/2014 10:06:09 AM,Closed,Recology_Abandoned,Street and Sidewalk Cleaning,Bulky Items,Furniture,"842 FELL ST, SAN FRANCISCO, CA, 94117",Alamo Square,5.0,POINT (-122.43190633 37.77482585),Mobile/Open311,http://mobile311.sfgov.org/reports/3634095/photos
3634093,05/12/2014 09:18:34 AM,05/12/2014 09:47:07 AM,05/12/2014 09:47:07 AM,Closed,DPT Color Curb Queue,Color Curb,Yellow Color Curb Request,Yellow zone for,"1160 FOLSOM ST, SAN FRANCISCO, CA, 94103",South of Market,6.0,POINT (-122.40923309 37.77570724),Web,
3634090,05/12/2014 09:18:09 AM,05/14/2014 10:03:38 AM,05/14/2014 10:03:38 AM,Closed,MUNI Work Queue,MUNI Feedback,MUNI - Conduct_Discourteous_Insensitive_Inappropriate_Conduct,301_Discourtesy_to_Customer,Intersection of MISSION ST and SPEAR ST,Financial District,6.0,POINT (-122.39405823 37.79253769),Phone,
3634086,05/12/2014 09:17:08 AM,05/13/2014 12:00:00 PM,05/13/2014 12:00:00 PM,Closed,DPW BSSR Queue,Street Defects,Pavement_Defect,Pavement_Defect,"800 LISBON ST, SAN FRANCISCO, CA, 94112",Excelsior,11.0,POINT (-122.43798176 37.71631639),Phone,
3634084,05/12/2014 09:16:25 AM,05/13/2014 03:40:06 PM,05/13/2014 03:40:06 PM,Closed,SFMTA - Temporary Sign Request Printing Queue,Temporary Sign Request,Temporary Sign Request for Moving_residential_property,35 ft zone requested from 05/17/2014 to 05/17/2014,"2101 BEACH ST, SAN FRANCISCO, CA, 94123",Marina,2.0,POINT (-122.44386292 37.80354691),Phone,
3634071,05/12/2014 09:15:01 AM,05/12/2014 02:30:21 AM,05/12/2014 02:30:21 AM,Closed,DPW Ops Queue,Street and Sidewalk Cleaning,General Cleaning,Other Loose Garbage,Intersection of LEAVENWORTH ST and PINE ST,Nob Hill,3.0,POINT (-122.41555786 37.79025269),Web,
3634068,05/12/2014 09:13:31 AM,05/19/2014 07:41:12 AM,05/19/2014 07:41:12 AM,Closed,DPT Abandoned Vehicles Work Queue,Abandoned Vehicle,Abandoned Vehicle - Other,White - Ford - Unknown - Unknown,"1569 48TH AVE, SAN FRANCISCO, CA, 94122",Outer Sunset,4.0,POINT (-122.50791708 37.75718765),Phone,
3634064,05/12/2014 09:12:12 AM,05/21/2014 01:02:41 PM,05/21/2014 01:02:41 PM,Closed,DPT Meter_Bike Queue,Damaged Property,Damaged Parking_Meter,Parking_Meter,Intersection of SACRAMENTO ST and STOCKTON ST,Nob Hill,3.0,POINT (-122.4077301 37.79317856),Phone,
3634055,05/12/2014 09:08:26 AM,05/21/2014 08:56:41 AM,05/21/2014 08:56:41 AM,Closed,DPW Ops Queue,Graffiti,Graffiti on Building_other,Building_other - Not_Offensive,"518 GRANT AVE, SAN FRANCISCO, CA, 94108",Chinatown,3.0,POINT (-122.40564728 37.79177094),Integrated Agency,
3634053,05/12/2014 09:08:16 AM,06/16/2014 09:24:59 AM,06/16/2014 09:24:59 AM,Closed,DPW Ops Queue,Graffiti,Graffiti on Building_other,Building_other - Not_Offensive,"808 GRANT AVE, SAN FRANCISCO, CA, 94108",Chinatown,3.0,POINT (-122.40622711 37.79449081),Integrated Agency,
3634051,05/12/2014 09:08:08 AM,05/14/2014 12:00:00 PM,05/14/2014 12:00:00 PM,Closed,DPW Ops Queue,Graffiti,Graffiti on Building_other,Building_other - Not_Offensive,"800 GRANT AVE, SAN FRANCISCO, CA, 94108",Chinatown,3.0,POINT (-122.40621185 37.79440308),Integrated Agency,
3634048,05/12/2014 09:07:52 AM,06/16/2014 09:12:53 AM,06/16/2014 09:12:53 AM,Closed,PUC Sewer Ops,Sewer Issues,Flooding,On_street,"450 RAYMOND AVE, SAN FRANCISCO, CA, 94134",Visitacion Valley,10.0,POINT (-122.4124594 37.71473376),Phone,
3634047,05/12/2014 09:07:47 AM,05/14/2014 12:00:00 PM,05/14/2014 12:00:00 PM,Closed,DPW Ops Queue,Graffiti,Graffiti on Building_other,Building_other - Not_Offensive,"801 GRANT AVE, SAN FRANCISCO, CA, 94108",Chinatown,3.0,POINT (-122.40646362 37.79441071),Integrated Agency,
3634046,05/12/2014 09:07:38 AM,05/15/2014 12:00:00 PM,05/15/2014 12:00:00 PM,Closed,DPW Ops Queue,Graffiti,Graffiti on Building_other,Building_other - Not_Offensive,"627 GRANT AVE, SAN FRANCISCO, CA, 94108",Chinatown,3.0,POINT (-122.40616608 37.7929039),Integrated Agency,
3634044,05/12/2014 09:07:29 AM,07/02/2014 12:00:00 PM,07/02/2014 12:00:00 PM,Closed,DPW BSM Queue,Sidewalk or Curb,Curb_or_Curb_Ramp_Defect,Curb_or_Curb_Ramp_Defect,"830 LISBON ST, SAN FRANCISCO, CA, 94112",Excelsior,11.0,POINT (-122.438192 37.7160245),Phone,
3634043,05/12/2014 09:07:26 AM,06/01/2014 10:09:56 AM,06/01/2014 10:09:56 AM,Closed,DPW Ops Queue,Graffiti,Graffiti on Building_other,Building_other - Not_Offensive,"519 GRANT AVE, SAN FRANCISCO, CA, 94108",Chinatown,3.0,POINT (-122.40590668 37.79182053),Integrated Agency,
3634041,05/12/2014 09:07:15 AM,05/21/2014 09:24:04 AM,05/21/2014 09:24:04 AM,Closed,DPW Ops Queue,Graffiti,Graffiti on Building_other,Building_other - Not_Offensive,"815 GRANT AVE, SAN FRANCISCO, CA, 94108",Chinatown,3.0,POINT (-122.40649414 37.79455948),Integrated Agency,
3634040,05/12/2014 09:07:04 AM,05/14/2014 12:00:00 PM,05/14/2014 12:00:00 PM,Closed,DPW Ops Queue,Graffiti,Graffiti on Building_other,Building_other - Not_Offensive,"625 GRANT AVE, SAN FRANCISCO, CA, 94108",Chinatown,3.0,POINT (-122.40605927 37.79268265),Integrated Agency,
3634039,05/12/2014 09:07:01 AM,05/14/2014 08:33:31 AM,05/14/2014 08:33:31 AM,Closed,MUNI Work Queue,MUNI Feedback,MUNI - Conduct_Unsafe_Operation,107_Fall_Boarding_On_Board_Alighting_Injury,Intersection of SILVER AVE and SAN BRUNO AVE,Portola,9.0,POINT (-122.40560913 37.73243713),Phone,
3634038,05/12/2014 09:06:55 AM,06/17/2014 08:41:46 AM,06/17/2014 08:41:46 AM,Closed,DPW Ops Queue,Graffiti,Graffiti on Building_other,Building_other - Not_Offensive,"615 GRANT AVE, SAN FRANCISCO, CA, 94108",Chinatown,3.0,POINT (-122.40614319 37.79278183),Integrated Agency,
3634037,05/12/2014 09:06:48 AM,05/14/2014 07:24:13 AM,05/14/2014 07:24:13 AM,Closed,DPT Abandoned Vehicles Work Queue,Abandoned Vehicle,Abandoned Vehicles,DPT Abandoned Vehicles Low,"262 MANGELS AVE, SAN FRANCISCO, CA, 94131",Sunnyside,7.0,POINT (-122.443508 37.733213),Mobile/Open311,http://mobile311.sfgov.org/reports/3634037/photos
3634036,05/12/2014 09:06:44 AM,06/10/2014 11:25:35 AM,06/10/2014 11:25:35 AM,Closed,DPW Ops Queue,Graffiti,Graffiti on Building_other,Building_other - Not_Offensive,"720 GRANT AVE, SAN FRANCISCO, CA, 94108",Chinatown,3.0,POINT (-122.40605927 37.79361725),Integrated Agency,
3634034,05/12/2014 09:06:37 AM,05/20/2014 12:00:00 PM,05/20/2014 12:00:00 PM,Closed,DPW Ops Queue,Graffiti,Graffiti on Building_other,Building_other - Not_Offensive,"825 GRANT AVE, SAN FRANCISCO, CA, 94108",Chinatown,3.0,POINT (-122.40655518 37.79455185),Integrated Agency,
3634026,05/12/2014 09:06:01 AM,05/12/2014 10:20:05 AM,05/12/2014 10:20:05 AM,Closed,Recology_Abandoned,Street and Sidewalk Cleaning,Bulky Items,Furniture,"3097 TURK BLVD, SAN FRANCISCO, CA, 94118",Lone Mountain,1.0,POINT (-122.45690888 37.77724328),Mobile/Open311,
3634024,05/12/2014 09:04:56 AM,05/12/2014 10:27:36 AM,05/12/2014 10:27:36 AM,Closed,Recology_Abandoned,Street and Sidewalk Cleaning,Bulky Items,Furniture,"2835 GOLDEN GATE AVE, SAN FRANCISCO, CA, 94118",Lone Mountain,1.0,POINT (-122.45712747 37.77632917),Mobile/Open311,
3634022,05/12/2014 09:03:34 AM,09/25/2014 09:08:22 PM,09/25/2014 09:08:22 PM,Closed,DPT Color Curb Queue,Color Curb,Red Color Curb Request for,Red Color Curb Request for,"1367 PALOU AVE, SAN FRANCISCO, CA, 94124",Bayview,10.0,POINT (-122.38665009 37.73139191),Web,
3634021,05/12/2014 09:03:29 AM,05/12/2014 11:24:40 AM,05/12/2014 11:24:40 AM,Closed,Recology_Abandoned,Street and Sidewalk Cleaning,Bulky Items,Furniture,"4101 LINCOLN WAY, SAN FRANCISCO, CA, 94122",Outer Sunset,4.0,POINT (-122.501945 37.764145),Mobile/Open311,
3634017,05/12/2014 09:01:53 AM,05/19/2014 06:36:46 AM,05/19/2014 06:36:46 AM,Closed,DPT Abandoned Vehicles Work Queue,Abandoned Vehicle,Abandoned Vehicle - Other,Black - Ford - Windstar - 3JAL535,"45 ENTRADA CT, SAN FRANCISCO, CA, 94127",Ingleside Terraces,7.0,POINT (-122.46806335 37.72480392),Web,
3634015,05/12/2014 09:01:13 AM,05/12/2014 01:00:59 PM,05/12/2014 01:00:59 PM,Closed,Recology_Abandoned,Street and Sidewalk Cleaning,Automotive,Tires,Intersection of 3RD ST and ARTHUR AVE,Central Waterfront,10.0,POINT (-122.38717454 37.74615702),Phone,
3634010,05/12/2014 09:00:10 AM,05/12/2014 10:45:33 AM,05/12/2014 10:45:33 AM,Closed,Recology_Abandoned,Street and Sidewalk Cleaning,Bulky Items,Furniture,Intersection of VALLEJO ST and KEARNY ST,North Beach,3.0,POINT (-122.40564572 37.7989685),Phone,
3634002,05/12/2014 08:57:08 AM,05/12/2014 10:42:45 AM,05/12/2014 10:42:45 AM,Closed,Recology_Abandoned,Street and Sidewalk Cleaning,Bulky Items,Furniture,"49 VARENNES ST, SAN FRANCISCO, CA, 94133",North Beach,3.0,POINT (-122.4067716 37.80042725),Mobile/Open311,
3633997,05/12/2014 08:55:51 AM,05/28/2014 01:28:58 AM,05/28/2014 01:28:58 AM,Closed,DPW Ops Queue,Tree Maintenance,Trees - Overgrown_Tree,Blocking_signs,Intersection of 47TH AVE and LINCOLN WAY,Outer Sunset,1.0,POINT (-122.50726351 37.76411567),Phone,
3633996,05/12/2014 08:55:47 AM,05/12/2014 09:35:50 AM,05/12/2014 09:35:50 AM,Closed,Recology_Abandoned,Street and Sidewalk Cleaning,Bulky Items,Refrigerator,"636 HYDE ST, SAN FRANCISCO, CA, 94109",Lower Nob Hill,3.0,POINT (-122.41639709 37.78683853),Integrated Agency,
3633992,05/12/2014 08:55:25 AM,05/20/2014 08:11:09 AM,05/20/2014 08:11:09 AM,Closed,DPT Abandoned Vehicles Work Queue,Abandoned Vehicle,Abandoned Vehicle - PickupTruck,Green - Ford - F150 - ???,Intersection of GRAND VIEW AVE and ELIZABETH ST,Upper Market,8.0,POINT (-122.44274139 37.75157166),Web,
3633988,05/12/2014 08:53:55 AM,05/12/2014 01:25:51 PM,05/12/2014 01:25:51 PM,Closed,Recology_Abandoned,Street and Sidewalk Cleaning,Bulky Items,Furniture,"100 BRITTON ST, SAN FRANCISCO, CA, 94134",Visitacion Valley,10.0,POINT (-122.412675 37.712647),Mobile/Open311,http://mobile311.sfgov.org/reports/3633988/photos
3633986,05/12/2014 08:53:35 AM,05/12/2014 11:25:59 AM,05/12/2014 11:25:59 AM,Closed,Recology_Abandoned,Encampments,Encampment items,Cart Pickup,"2811 22ND ST, SAN FRANCISCO, CA, 94110",Mission,9.0,POINT (-122.41057073 37.75587495),Phone,
3633982,05/12/2014 08:52:19 AM,05/15/2014 12:00:00 PM,05/15/2014 12:00:00 PM,Closed,DPW Ops Queue,Tree Maintenance,Trees - Damaged_Tree,Damage_vandalism,"875 CLAYTON ST, SAN FRANCISCO, CA, 94117",Cole Valley,5.0,POINT (-122.447797 37.76559683),Phone,
3633981,05/12/2014 08:52:13 AM,05/14/2014 08:34:57 AM,05/14/2014 08:34:57 AM,Closed,MUNI Work Queue,MUNI Feedback,MUNI - Conduct_Unsafe_Operation,108_General_Careless_Operation,Not associated with a specific address,,,POINT (0 0),Phone,
3633926,05/12/2014 08:39:02 AM,05/13/2014 03:16:13 AM,05/13/2014 03:16:13 AM,Closed,DPW - Bureau of Street Environmental Services - G,General Request - PUBLIC WORKS,request_for_service,bses - request_for_service,Intersection of DE WOLF ST and LAWRENCE AVE,Outer Mission,11.0,POINT (-122.45356268 37.71155399),Phone,
3633925,05/12/2014 08:38:43 AM,05/15/2014 06:18:02 AM,05/15/2014 06:18:02 AM,Closed,DPT Abandoned Vehicles Work Queue,Abandoned Vehicle,Abandoned Vehicle - Other,,Intersection of GRAND VIEW AVE and ELIZABETH ST,Upper Market,8.0,POINT (-122.44274139 37.75157166),Web,
3633917,05/12/2014 08:35:30 AM,05/15/2014 07:25:27 AM,05/15/2014 07:25:27 AM,Closed,DPT Abandoned Vehicles Work Queue,Abandoned Vehicle,Abandoned Vehicle - Other,beige/brn - n/a - n/a - 4AIA248,Intersection of HOLLY PARK CIR and ELSIE ST,Holly Park,9.0,POINT (-122.41848828 37.77482644),Phone,
3633916,05/12/2014 08:35:09 AM,05/12/2014 11:01:15 AM,05/12/2014 11:01:15 AM,Closed,Recology_Abandoned,Street and Sidewalk Cleaning,Bulky Items,Furniture,Intersection of BRAZIL AVE and NAPLES ST,Excelsior,11.0,POINT (-122.43002727 37.72239688),Phone,
3633909,05/12/2014 08:32:51 AM,05/12/2014 08:58:00 AM,05/12/2014 08:58:00 AM,Closed,DPW Ops Queue,Street and Sidewalk Cleaning,Human or Animal Waste,Human or Animal Waste,"911 MINNA ST, SAN FRANCISCO, CA, 94103",South of Market,6.0,POINT (-122.41547388 37.77468592),Phone,
3633908,05/12/2014 08:32:21 AM,05/14/2014 08:53:04 AM,05/14/2014 08:53:04 AM,Closed,SSP - MTA Feedback Queue,MUNI Feedback,MUNI  - Services_Service_Delivery_Facilities,601_Delay_No_Show,Not associated with a specific address,,,POINT (0 0),Web,
3633906,05/12/2014 08:32:06 AM,05/12/2014 10:33:54 AM,05/12/2014 10:33:54 AM,Closed,Recology_Abandoned,Street and Sidewalk Cleaning,Bulky Items,Furniture,Intersection of ARGUELLO BLVD and EUCLID AVE,Laurel Heights / Jordan Park,2.0,POINT (-122.459091 37.783775),Mobile/Open311,
3633905,05/12/2014 08:31:50 AM,05/12/2014 01:55:50 AM,05/12/2014 01:55:50 AM,Closed,DPW - Bureau of Street Environmental Services - G,General Request - PUBLIC WORKS,complaint,bses - complaint,"2809 PINE ST, SAN FRANCISCO, CA, 94115",Lower Pacific Heights,2.0,POINT (-122.44208196 37.78682326),Phone,
3633904,05/12/2014 08:31:31 AM,09/25/2014 09:08:21 PM,09/25/2014 09:08:21 PM,Closed,DPT Color Curb Queue,Color Curb,Red Color Curb Request for,Red Color Curb Request for,Not associated with a specific address,,,POINT (0 0),Web,
3633901,05/12/2014 08:30:56 AM,05/12/2014 08:52:19 AM,05/12/2014 08:52:19 AM,Closed,Recology_Abandoned,Street and Sidewalk Cleaning,General Cleaning,Other Loose Garbage,Intersection of 10TH ST and MINNA ST,South of Market,6.0,POINT (-122.41537414 37.77484412),Phone,
3633899,05/12/2014 08:30:36 AM,05/12/2014 09:53:43 AM,05/12/2014 09:53:43 AM,Closed,Recology_Abandoned,Street and Sidewalk Cleaning,Bulky Items,Mattress,Intersection of FELL ST and FILLMORE ST,Hayes Valley,5.0,POINT (-122.43081755 37.77485951),Mobile/Open311,http://mobile311.sfgov.org/reports/3633899/photos
3633898,05/12/2014 08:30:33 AM,05/12/2014 11:54:46 AM,05/12/2014 11:54:46 AM,Closed,Recology_Abandoned,Street and Sidewalk Cleaning,General Cleaning,Other Loose Garbage,"4725 IRVING ST, SAN FRANCISCO, CA, 94122",Outer Sunset,4.0,POINT (-122.50847261 37.76212275),Phone,
3633897,05/12/2014 08:30:05 AM,04/21/2020 12:00:00 AM,04/21/2020 12:00:00 AM,Closed,DPW BSM Queue,Sidewalk or Curb,Curb_or_Curb_Ramp_Defect,Curb_or_Curb_Ramp_Defect,"1510 KIRKHAM ST, SAN FRANCISCO, CA, 94122",Outer Sunset,4.0,POINT (-122.47696032 37.75988109),Phone,
3633895,05/12/2014 08:29:58 AM,05/12/2014 10:57:50 AM,05/12/2014 10:57:50 AM,Closed,Recology_Abandoned,Street and Sidewalk Cleaning,Bulky Items,Mattress,Intersection of 16TH ST and HOFF ST,Mission,9.0,POINT (-122.420578 37.76499557),Phone,
3633894,05/12/2014 08:29:52 AM,05/20/2014 07:36:50 AM,05/20/2014 07:36:50 AM,Closed,DPT Abandoned Vehicles Work Queue,Abandoned Vehicle,Abandoned Vehicle - PickupTruck,GREEN - N/A - N/A - N/A,"88 ENTRADA CT, SAN FRANCISCO, CA, 94127",Ingleside Terraces,7.0,POINT (-122.4680267 37.72410035),Phone,
3633882,05/12/2014 08:28:20 AM,05/12/2014 12:49:41 PM,05/12/2014 12:49:41 PM,Closed,DPW Ops Queue,Street and Sidewalk Cleaning,General Cleaning,Other Loose Garbage,"340 6TH AVE, SAN FRANCISCO, CA, 94118",Inner Richmond,1.0,POINT (-122.40535942 37.7776289),Mobile/Open311,http://mobile311.sfgov.org/reports/3633882/photos
3633876,05/12/2014 08:27:00 AM,05/13/2014 11:30:00 AM,05/13/2014 11:30:00 AM,Closed,DPW Ops Queue,Street and Sidewalk Cleaning,General Cleaning,Other Loose Garbage,Intersection of DE WOLF ST and LAWRENCE AVE,Outer Mission,11.0,POINT (-122.45356268 37.71155399),Phone,
3633871,05/12/2014 08:26:39 AM,05/12/2014 06:17:31 AM,05/12/2014 06:17:31 AM,Closed,DPW Ops Queue,Tree Maintenance,Trees - Landscaping,Sprinkler_system_issues,Intersection of SUNSET BLVD and MORAGA ST,Outer Sunset,4.0,POINT (-122.49535811 37.75527479),Phone,
3633859,05/12/2014 08:22:35 AM,11/21/2017 09:00:36 AM,11/21/2017 09:00:36 AM,Closed,Housing Authority SR Queue,SFHA Requests,Plumbing,Plumbing - Urgent,"1969 SUNNYDALE AVE, SAN FRANCISCO, CA, 94134",Sunnydale,10.0,POINT (-122.41799927 37.71220016),Phone,
3633854,05/12/2014 08:20:10 AM,05/12/2014 11:45:00 AM,05/12/2014 11:45:00 AM,Closed,DPW Ops Queue,Street and Sidewalk Cleaning,General Cleaning,Other Loose Garbage,Intersection of DE WOLF ST and LAWRENCE AVE,Outer Mission,11.0,POINT (-122.45356268 37.71155399),Phone,
3633853,05/12/2014 08:19:59 AM,05/12/2014 09:30:51 AM,05/12/2014 09:30:51 AM,Closed,RPD NSA Queue,Rec and Park Requests,Park - Neighborhood_Services_Area,Irrigation,Intersection of PARK PRESIDIO BLVD and FULTON ST,Golden Gate Park,1.0,POINT (-122.47176229 37.77313706),Phone,
3633851,05/12/2014 08:19:55 AM,05/14/2014 09:03:47 AM,05/14/2014 09:03:47 AM,Closed,MUNI Work Queue,MUNI Feedback,MUNI - Services_Service_Delivery_Facilities,601_Delay_No_Show,Intersection of BOWLEY ST and LINCOLN BLVD,Presidio National Park,2.0,POINT (-122.48101044 37.79235077),Phone,
3633847,05/12/2014 08:18:04 AM,05/12/2014 08:45:50 AM,05/12/2014 08:45:50 AM,Closed,DPW Ops Queue,Street and Sidewalk Cleaning,Medical Waste,Needles,"1173 HOWARD ST, SAN FRANCISCO, CA, 94103",South of Market,6.0,POINT (-122.410749 37.776516),Mobile/Open311,
3633835,05/12/2014 08:15:17 AM,05/21/2014 01:02:05 PM,05/21/2014 01:02:05 PM,Closed,DPT Meter_Bike Queue,Damaged Property,Damaged Parking_Meter,Parking_Meter,Intersection of HAWTHORNE ST and FOLSOM ST,South of Market,6.0,POINT (-122.39781306 37.78466537),Phone,
3633828,05/12/2014 08:12:55 AM,05/27/2014 10:01:17 AM,05/27/2014 10:01:17 AM,Closed,DPW Ops Queue,Graffiti,Graffiti on Building_other,Building_other - Not_Offensive,"915 STOCKTON ST, SAN FRANCISCO, CA, 94108",Chinatown,3.0,POINT (-122.4081192 37.79426193),Integrated Agency,
3633827,05/12/2014 08:12:37 AM,06/04/2014 08:11:17 AM,06/04/2014 08:11:17 AM,Closed,DPW Ops Queue,Graffiti,Graffiti on Building_other,Building_other - Not_Offensive,"506 GRANT AVE, SAN FRANCISCO, CA, 94108",Chinatown,3.0,POINT (-122.40566254 37.79169083),Integrated Agency,
3633826,05/12/2014 08:12:13 AM,06/01/2014 11:11:21 AM,06/01/2014 11:11:21 AM,Closed,DPW Ops Queue,Graffiti,Graffiti on Building_other,Building_other - Not_Offensive,"752 WASHINGTON ST, SAN FRANCISCO, CA, 94108",Chinatown,3.0,POINT (-122.40632629 37.79536819),Integrated Agency,
3633824,05/12/2014 08:12:02 AM,08/10/2014 12:05:26 PM,08/10/2014 12:05:26 PM,Closed,DPW Ops Queue,Graffiti,Graffiti on Building_other,Building_other - Not_Offensive,"382 BUSH ST, SAN FRANCISCO, CA, 94104",Financial District,3.0,POINT (-122.40384674 37.79098511),Integrated Agency,
3633822,05/12/2014 08:11:41 AM,05/14/2014 12:00:00 PM,05/14/2014 12:00:00 PM,Closed,DPW Ops Queue,Graffiti,Graffiti on Building_other,Building_other - Not_Offensive,"501 GRANT AVE, SAN FRANCISCO, CA, 94108",Chinatown,3.0,POINT (-122.40598297 37.79164505),Integrated Agency,
3633821,05/12/2014 08:11:16 AM,05/27/2014 11:11:44 AM,05/27/2014 11:11:44 AM,Closed,DPW Ops Queue,Graffiti,Graffiti on Building_other,Building_other - Not_Offensive,"614 PINE ST, SAN FRANCISCO, CA, 94108",Chinatown,3.0,POINT (-122.40596771 37.79157639),Integrated Agency,
3633820,05/12/2014 08:11:08 AM,05/14/2014 12:00:00 PM,05/14/2014 12:00:00 PM,Closed,DPW Ops Queue,Graffiti,Graffiti on Building_other,Building_other - Not_Offensive,"411 GRANT AVE, SAN FRANCISCO, CA, 94108",Chinatown,3.0,POINT (-122.40577698 37.79072571),Integrated Agency,
3633819,05/12/2014 08:11:05 AM,03/07/2022 05:30:28 PM,03/07/2022 05:30:28 PM,Closed,DPW BSSR Queue,Street Defects,Pavement_Defect,Pavement_Defect,Intersection of VALLEJO ST and MASON ST,Russian Hill,3.0,POINT (-122.41209507 37.79816364),Phone,
3633818,05/12/2014 08:10:58 AM,06/15/2014 07:49:03 AM,06/15/2014 07:49:03 AM,Closed,DPW Ops Queue,Graffiti,Graffiti on Building_other,Building_other - Not_Offensive,"1044 STOCKTON ST, SAN FRANCISCO, CA, 94108",Chinatown,3.0,POINT (-122.40803528 37.79551697),Integrated Agency,
3633817,05/12/2014 08:10:52 AM,03/07/2022 05:30:28 PM,03/07/2022 05:30:28 PM,Closed,DPW BSSR Queue,Street Defects,Pavement_Defect,Pavement_Defect,"3035 PACIFIC AVE, SAN FRANCISCO, CA, 94115",Pacific Heights,2.0,POINT (-122.44515066 37.79202302),Mobile/Open311,http://mobile311.sfgov.org/reports/3633817/photos
3633816,05/12/2014 08:10:48 AM,06/01/2014 10:06:11 AM,06/01/2014 10:06:11 AM,Closed,DPW Ops Queue,Graffiti,Graffiti on Building_other,Building_other - Not_Offensive,"614 PINE ST, SAN FRANCISCO, CA, 94108",Chinatown,3.0,POINT (-122.40596771 37.79157639),Integrated Agency,
3633815,05/12/2014 08:10:22 AM,05/12/2014 10:09:54 AM,05/12/2014 10:09:54 AM,Closed,Recology_Overflowing,Street and Sidewalk Cleaning,Overflowing_City_Receptacle_or_Dumpster,Overflowing_City_Receptacle_or_Dumpster,"501 FILLMORE ST, SAN FRANCISCO, CA, 94117",Lower Haight,5.0,POINT (-122.43090079 37.77399199),Phone,
3633809,05/12/2014 08:08:09 AM,05/12/2014 09:16:50 AM,05/12/2014 09:16:50 AM,Closed,Recology_Abandoned,Street and Sidewalk Cleaning,Bulky Items,Mattress,Intersection of POLK ST and WILLOW ST,Tenderloin,5.0,POINT (-122.4192748 37.78356805),Phone,
3633799,05/12/2014 08:04:38 AM,06/23/2014 01:46:05 PM,06/23/2014 01:46:05 PM,Closed,DPT SignShop Surveyed - Area 1 Queue,Sign Repair,Sign - Defaced,Other - Defaced; support - OK,Intersection of GOLDEN GATE AVE and VAN NESS AVE,Cathedral Hill,5.0,POINT (-122.42026232 37.78083014),Mobile/Open311,http://mobile311.sfgov.org/reports/3633799/photos
3633797,05/12/2014 08:03:56 AM,05/12/2014 06:45:36 AM,05/12/2014 06:45:36 AM,Closed,DPW Ops Queue,Street and Sidewalk Cleaning,General Cleaning,Other Loose Garbage,Intersection of 21ST ST and BRYANT ST,Mission,9.0,POINT (-122.40959082 37.75759393),Phone,
3633795,05/12/2014 08:03:54 AM,05/12/2014 08:35:39 AM,05/12/2014 08:35:39 AM,Closed,311 Supervisor Queue,Street and Sidewalk Cleaning,General Cleaning,Other Loose Garbage,"1699 OAKDALE AVE, SAN FRANCISCO, CA, 94124",Silver Terrace,10.0,POINT (-122.39222 37.735477),Mobile/Open311,
3633794,05/12/2014 08:03:42 AM,05/13/2014 03:03:20 AM,05/13/2014 03:03:20 AM,Closed,DPW Ops Queue,Street and Sidewalk Cleaning,General Cleaning,Other Loose Garbage,"755 SOUTH VAN NESS AVE, SAN FRANCISCO, CA, 94110",Mission,9.0,POINT (-122.41702642 37.76109366),Phone,
3633788,05/12/2014 08:02:33 AM,05/12/2014 11:15:49 AM,05/12/2014 11:15:49 AM,Closed,Recology_Abandoned,Street and Sidewalk Cleaning,General Cleaning,Other Loose Garbage,"1308 20TH AVE, SAN FRANCISCO, CA, 94122",Outer Sunset,4.0,POINT (-122.47798911 37.76328232),Mobile/Open311,http://mobile311.sfgov.org/reports/3633788/photos
3633771,05/12/2014 07:59:50 AM,05/12/2014 08:51:03 AM,05/12/2014 08:51:03 AM,Closed,Recology_Abandoned,Street and Sidewalk Cleaning,General Cleaning,Other Loose Garbage,Intersection of GOUGH ST and FULTON ST,Western Addition,5.0,POINT (-122.4233551 37.77874756),Web,
3633770,05/12/2014 07:58:56 AM,05/12/2014 10:11:42 AM,05/12/2014 10:11:42 AM,Closed,Recology_Abandoned,Street and Sidewalk Cleaning,General Cleaning,Other Loose Garbage,Intersection of GREENWICH ST and WEBSTER ST,Union Street,2.0,POINT (-122.43422436 37.79915972),Phone,
3633764,05/12/2014 07:57:16 AM,05/19/2014 12:55:36 PM,05/19/2014 12:55:36 PM,Closed,DPW Ops Queue,Tree Maintenance,Trees - Landscaping,Weeding,"5070 DIAMOND HEIGHTS BLVD, SAN FRANCISCO, CA, 94131",Diamond Heights,8.0,POINT (-122.44286013 37.74658159),Phone,
3633761,05/12/2014 07:56:07 AM,05/19/2014 07:39:07 AM,05/19/2014 07:39:07 AM,Closed,DPT Abandoned Vehicles Work Queue,Abandoned Vehicle,Abandoned Vehicle - Other,WHITE - RV - CAMPER - 807FJY,"1820 16TH AVE, SAN FRANCISCO, CA, 94122",Golden Gate Heights,7.0,POINT (-122.47307587 37.7539444),Phone,
3633758,05/12/2014 07:54:22 AM,05/12/2014 12:45:55 PM,05/12/2014 12:45:55 PM,Closed,Recology_Abandoned,Street and Sidewalk Cleaning,General Cleaning,Other Loose Garbage,"5140 DIAMOND HEIGHTS BLVD, SAN FRANCISCO, CA, 94131",Diamond Heights,8.0,POINT (-122.44064034 37.74702197),Phone,
3633752,05/12/2014 07:52:55 AM,05/19/2014 07:25:58 AM,05/19/2014 07:25:58 AM,Closed,DPT Abandoned Vehicles Work Queue,Abandoned Vehicle,Abandoned Vehicle -,Blue - GMC - RV - 6ccp283,Intersection of DIAMOND HEIGHTS BLVD and DIAMOND ST,Glen Park,8.0,POINT (-122.43740082 37.73828888),Web,
3633751,05/12/2014 07:52:50 AM,05/15/2014 07:20:45 AM,05/15/2014 07:20:45 AM,Closed,DPT Abandoned Vehicles Work Queue,Abandoned Vehicle,Abandoned Vehicle - Car4door,silver - Honda - Civic - 6DTZ825,"354 MULLEN AVE, SAN FRANCISCO, CA, 94110",Peralta Heights,9.0,POINT (-122.40606069 37.74582009),Phone,
3633750,05/12/2014 07:52:29 AM,05/12/2014 04:44:47 AM,05/12/2014 04:44:47 AM,Closed,DPW Ops Queue,Street and Sidewalk Cleaning,Human or Animal Waste,Human or Animal Waste,"15 GRACE ST, SAN FRANCISCO, CA, 94103",South of Market,6.0,POINT (-122.41473389 37.77509308),Phone,
3633745,05/12/2014 07:51:49 AM,05/12/2014 10:54:32 AM,05/12/2014 10:54:32 AM,Closed,Recology_Abandoned,Street and Sidewalk Cleaning,Bulky Items,Mattress,Intersection of CLINTON PARK and VALENCIA ST,Mission Dolores,9.0,POINT (-122.42230988 37.76927948),Phone,
3633738,05/12/2014 07:46:11 AM,05/12/2014 12:48:06 PM,05/12/2014 12:48:06 PM,Closed,Recology_Abandoned,Street and Sidewalk Cleaning,Bulky Items,Mattress,"3980 24TH ST, SAN FRANCISCO, CA, 94114",Noe Valley,8.0,POINT (-122.43143418 37.75151887),Phone,
3633736,05/12/2014 07:45:18 AM,05/12/2014 06:51:06 AM,05/12/2014 06:51:06 AM,Closed,DPW Ops Queue,Encampments,Encampment Reports,Encampment Cleanup,Intersection of 23RD ST and FOLSOM ST,Mission,9.0,POINT (-122.41423385 37.75409869),Twitter,
3633732,05/12/2014 07:43:37 AM,05/12/2014 09:26:54 AM,05/12/2014 09:26:54 AM,Closed,Recology_Abandoned,Street and Sidewalk Cleaning,Bulky Items,Mattress,Intersection of GEARY ST and LEAVENWORTH ST,Tenderloin,5.0,POINT (-122.41474539 37.7866349),Mobile/Open311,http://mobile311.sfgov.org/reports/3633732/photos
3633731,05/12/2014 07:43:31 AM,05/12/2014 04:26:13 AM,05/12/2014 04:26:13 AM,Closed,DPW Ops Queue,Street and Sidewalk Cleaning,General Cleaning,Other Loose Garbage,Intersection of 1ST ST and MISSION ST,Financial District,6.0,POINT (-122.39757538 37.7897644),Phone,
3633729,05/12/2014 07:42:12 AM,05/12/2014 09:26:42 AM,05/12/2014 09:26:42 AM,Closed,Recology_Abandoned,Street and Sidewalk Cleaning,General Cleaning,Other Loose Garbage,Not associated with a specific address,,,POINT (0 0),Web,
3633728,05/12/2014 07:42:09 AM,05/12/2014 11:03:40 AM,05/12/2014 11:03:40 AM,Closed,Recology_Abandoned,Street and Sidewalk Cleaning,Bulky Items,Mattress,"254 MAYNARD ST, SAN FRANCISCO, CA, 94112",Mission Terrace,11.0,POINT (-122.4248242 37.72940156),Phone,
3633723,05/12/2014 07:37:48 AM,05/12/2014 11:01:33 AM,05/12/2014 11:01:33 AM,Closed,Recology_Abandoned,Street and Sidewalk Cleaning,Bulky Items,Refrigerator,"1000 VALENCIA ST, SAN FRANCISCO, CA, 94110",Dolores Heights,9.0,POINT (-122.42125702 37.75668716),Integrated Agency,
3633722,05/12/2014 07:37:46 AM,05/12/2014 10:17:37 AM,05/12/2014 10:17:37 AM,Closed,Recology_Abandoned,Street and Sidewalk Cleaning,Bulky Items,Refrigerator,Intersection of 3RD ST and INGERSON AVE,Bret Harte,10.0,POINT (-122.39627075 37.7209816),Integrated Agency,
3633718,05/12/2014 07:35:45 AM,05/12/2014 11:15:00 AM,05/12/2014 11:15:00 AM,Closed,DPW Ops Queue,Street and Sidewalk Cleaning,Hazardous Materials,Glass,Intersection of ONEIDA AVE and DELANO AVE,Cayuga,11.0,POINT (-122.44379387 37.7222392),Phone,
3633716,05/12/2014 07:34:32 AM,11/21/2017 09:00:36 AM,11/21/2017 09:00:36 AM,Closed,Housing Authority SR Queue,SFHA Requests,Carpentery,Carpentery - Urgent,"79 BROOKDALE AVE, SAN FRANCISCO, CA, 94134",Sunnydale,10.0,POINT (-122.42099762 37.7120018),Phone,
3633708,05/12/2014 07:31:21 AM,05/13/2014 06:28:37 AM,05/13/2014 06:28:37 AM,Closed,Recology_Litter,Litter Receptacles,Liner_issues,,"2500 MASON ST, SAN FRANCISCO, CA, 94133",Fisherman's Wharf,3.0,POINT (-122.41372463 37.80658941),Phone,
3633706,05/12/2014 07:30:16 AM,05/14/2014 03:52:26 AM,05/14/2014 03:52:26 AM,Closed,DPW Ops Queue,Graffiti,Graffiti on Pole,Pole - Not_Offensive,Intersection of WILDWOOD WAY and MIRAMAR AVE,Westwood Park,7.0,POINT (-122.4582069 37.72758507),Phone,
3633705,05/12/2014 07:29:13 AM,05/12/2014 02:29:47 AM,05/12/2014 02:29:47 AM,Closed,DPW Ops Queue,Street and Sidewalk Cleaning,General Cleaning,Other Loose Garbage,Intersection of LEAVENWORTH ST and POST ST,Lower Nob Hill,3.0,POINT (-122.41499672 37.78745307),Phone,
3633704,05/12/2014 07:28:45 AM,05/12/2014 09:16:18 AM,05/12/2014 09:16:18 AM,Closed,RPD Park Patrol Queue,Rec and Park Requests,Park - Park_Patrol,Illegal_Encampment,Not associated with a specific address,,,POINT (0 0),Web,
3633702,05/12/2014 07:28:42 AM,06/23/2014 09:54:00 AM,06/23/2014 09:54:00 AM,Closed,DPW BSM Queue,Graffiti,Graffiti on News_rack,News_rack - Offensive,Intersection of SCOTT ST and HAYES ST,Alamo Square,5.0,POINT (-122.43612671 37.77520752),Web,
3633701,05/12/2014 07:28:39 AM,05/15/2014 01:08:09 AM,05/15/2014 01:08:09 AM,Closed,DPW Ops Queue,Litter Receptacles,Litter_Receptacle_Request_New_Removal,,"2500 MASON ST, SAN FRANCISCO, CA, 94133",Fisherman's Wharf,3.0,POINT (-122.41372463 37.80658941),Phone,
3633696,05/12/2014 07:25:14 AM,05/13/2014 09:00:00 AM,05/13/2014 09:00:00 AM,Closed,DPW Ops Queue,Graffiti,Graffiti on Street,Street - Offensive,Intersection of HAYES ST and PIERCE ST,Alamo Square,5.0,POINT (-122.43448639 37.77541733),Web,
3633697,05/12/2014 07:25:00 AM,11/27/2017 04:36:00 PM,11/27/2017 04:36:00 PM,Closed,DPW BSM Queue,Sidewalk or Curb,Public_Stairway_Defect,Public_Stairway_Defect,Intersection of WILDWOOD WAY and MIRAMAR AVE,Westwood Park,7.0,POINT (-122.4582069 37.72758507),Phone,
3633693,05/12/2014 07:23:57 AM,05/12/2014 09:36:54 AM,05/12/2014 09:36:54 AM,Closed,DPW Ops Queue,Street and Sidewalk Cleaning,Medical Waste,Needles,"355 BUENA VISTA AVE, SAN FRANCISCO, CA, 94117",Buena Vista,8.0,POINT (-122.44036434 37.76718023),Mobile/Open311,http://mobile311.sfgov.org/reports/3633693/photos
3633692,05/12/2014 07:23:27 AM,05/12/2014 12:06:11 PM,05/12/2014 12:06:11 PM,Closed,DPW Ops Queue,Illegal Postings,Illegal Posting - No_Posting_Date,No_Posting_Date,Intersection of WEBSTER ST and HAYES ST,Hayes Valley,5.0,POINT (-122.42955017 37.77604294),Web,
3633686,05/12/2014 07:22:12 AM,05/12/2014 01:20:28 AM,05/12/2014 01:20:28 AM,Closed,DPW Ops Queue,Graffiti,Graffiti on Building_commercial,Building_commercial - Offensive,"801 HAYES ST, SAN FRANCISCO, CA, 94117",Hayes Valley,5.0,POINT (-122.42959595 37.7759819),Web,
3633685,05/12/2014 07:21:41 AM,11/21/2017 08:30:56 AM,11/21/2017 08:30:56 AM,Closed,Housing Authority SR Queue,SFHA Requests,Plumbing,Plumbing - Urgent,"BUILDING 200 RANDOLPH STREET, , SAN FRANCISCO, CA, 94132",Merced Heights,11.0,POINT (-122.46472168 37.71453857),Phone,
3633684,05/12/2014 07:21:34 AM,05/12/2014 09:51:02 AM,05/12/2014 09:51:02 AM,Closed,311 Supervisor Queue,Graffiti,Graffiti on Building_other,Building_other - Offensive,"1804 ELLIS ST, SAN FRANCISCO, CA, 94115",Western Addition,5.0,POINT (-122.43603224 37.78197425),Mobile/Open311,http://mobile311.sfgov.org/reports/3633684/photos
3633682,05/12/2014 07:20:31 AM,05/12/2014 07:47:25 AM,05/12/2014 07:47:25 AM,Closed,Recology_Overflowing,Street and Sidewalk Cleaning,Overflowing_City_Receptacle_or_Dumpster,Overflowing_City_Receptacle_or_Dumpster,"145 FELL ST, SAN FRANCISCO, CA, 94102",Civic Center,6.0,POINT (-122.42032453 37.77633691),Mobile/Open311,http://mobile311.sfgov.org/reports/3633682/photos
3633680,05/12/2014 07:19:40 AM,08/21/2014 05:29:48 PM,08/21/2014 05:29:48 PM,Closed,Housing Authority SR Queue,SFHA Requests,Plumbing,Plumbing - Urgent,"1880 PINE ST, Apt 509, SAN FRANCISCO, CA, 94109",Pacific Heights,2.0,POINT (-122.42700195 37.78910065),Phone,
3633678,05/12/2014 07:19:32 AM,07/31/2014 02:06:55 PM,07/31/2014 02:06:55 PM,Closed,DPT SignShop Surveyed - Area 1 Queue,Graffiti,Graffiti on Pole,Pole - Offensive,Intersection of BUCHANAN ST and HAYES ST,Hayes Valley,5.0,POINT (-122.42791748 37.77625275),Web,
3633676,05/12/2014 07:18:53 AM,05/12/2014 07:22:41 AM,05/12/2014 07:22:41 AM,Closed,Recology_Abandoned,Street and Sidewalk Cleaning,General Cleaning,Other Loose Garbage,"434 SHOTWELL ST, SAN FRANCISCO, CA, 94110",Mission,9.0,POINT (-122.41610435 37.76155433),Mobile/Open311,http://mobile311.sfgov.org/reports/3633676/photos
3633675,05/12/2014 07:18:37 AM,05/13/2014 12:06:40 PM,05/13/2014 12:06:40 PM,Closed,DPW Ops Queue,Illegal Postings,Illegal Posting - No_Posting_Date,No_Posting_Date,"559 HAYES ST, SAN FRANCISCO, CA, 94102",Hayes Valley,5.0,POINT (-122.42559814 37.77642441),Web,
3633673,05/12/2014 07:17:57 AM,05/12/2014 12:00:00 PM,05/12/2014 12:00:00 PM,Closed,DPW BSM Queue,Sidewalk or Curb,Missing_Side_Sewer_Vent_Cover,Missing_Side_Sewer_Vent_Cover,"160 JULIAN AVE, SAN FRANCISCO, CA, 94103",Mission,9.0,POINT (-122.42098589 37.76563867),Mobile/Open311,http://mobile311.sfgov.org/reports/3633673/photos
3633672,05/12/2014 07:17:42 AM,05/13/2014 09:00:00 AM,05/13/2014 09:00:00 AM,Closed,DPW Ops Queue,Graffiti,Graffiti on Pole,Pole - Offensive,Intersection of HAYES ST and OCTAVIA ST,Hayes Valley,5.0,POINT (-122.42451477 37.77668762),Web,
3633670,05/12/2014 07:17:20 AM,05/12/2014 10:57:48 AM,05/12/2014 10:57:48 AM,Closed,Clear Channel - Transit Queue,Damaged Property,Damaged Transit_Shelter_Platform,Transit_Shelter_Platform,Intersection of POST ST and VAN NESS AVE,Lower Nob Hill,3.0,POINT (-122.42157227 37.78661816),Phone,
3633668,05/12/2014 07:17:12 AM,05/12/2014 10:38:38 AM,05/12/2014 10:38:38 AM,Closed,Recology_Abandoned,Street and Sidewalk Cleaning,General Cleaning,Other Loose Garbage,"438 SHOTWELL ST, SAN FRANCISCO, CA, 94110",Mission,9.0,POINT (-122.4160269 37.76125854),Mobile/Open311,http://mobile311.sfgov.org/reports/3633668/photos
3633667,05/12/2014 07:17:04 AM,05/13/2014 09:00:00 AM,05/13/2014 09:00:00 AM,Closed,DPW Ops Queue,Graffiti,Graffiti on Pole,Pole - Offensive,Intersection of HAYES ST and GOUGH ST,Hayes Valley,5.0,POINT (-122.42298126 37.77688217),Web,
3633664,05/12/2014 07:16:21 AM,05/12/2014 07:21:18 AM,05/12/2014 07:21:18 AM,Closed,Recology_Abandoned,Street and Sidewalk Cleaning,General Cleaning,Other Loose Garbage,"438 SHOTWELL ST, SAN FRANCISCO, CA, 94110",Mission,9.0,POINT (-122.41610929 37.76123256),Mobile/Open311,http://mobile311.sfgov.org/reports/3633664/photos
3633663,05/12/2014 07:16:14 AM,06/09/2014 10:53:00 AM,06/09/2014 10:53:00 AM,Closed,DPW BSM Queue,Graffiti,Graffiti on News_rack,News_rack - Offensive,Intersection of HAYES ST and GOUGH ST,Hayes Valley,5.0,POINT (-122.42298126 37.77688217),Web,
3633658,05/12/2014 07:15:35 AM,05/12/2014 10:33:30 AM,05/12/2014 10:33:30 AM,Closed,Recology_Abandoned,Street and Sidewalk Cleaning,General Cleaning,Other Loose Garbage,"3271 18TH ST, SAN FRANCISCO, CA, 94110",Mission,9.0,POINT (-122.41602707 37.76095214),Mobile/Open311,http://mobile311.sfgov.org/reports/3633658/photos
3633657,05/12/2014 07:15:15 AM,05/12/2014 09:16:04 AM,05/12/2014 09:16:04 AM,Closed,RPD Park Patrol Queue,Rec and Park Requests,Park - Park_Patrol,Illegal_Encampment,Not associated with a specific address,,,POINT (0 0),Web,
3633656,05/12/2014 07:14:43 AM,05/12/2014 09:51:46 AM,05/12/2014 09:51:46 AM,Closed,Recology_Abandoned,Street and Sidewalk Cleaning,General Cleaning,Other Loose Garbage,Intersection of 19TH ST and SHOTWELL ST,Mission,9.0,POINT (-122.41587586 37.76052965),Mobile/Open311,http://mobile311.sfgov.org/reports/3633656/photos
3633654,05/12/2014 07:13:18 AM,05/12/2014 09:51:34 AM,05/12/2014 09:51:34 AM,Closed,Recology_Abandoned,Street and Sidewalk Cleaning,Bulky Items,Mattress,"540 SHOTWELL ST, SAN FRANCISCO, CA, 94110",Mission,9.0,POINT (-122.41587049 37.75981874),Mobile/Open311,http://mobile311.sfgov.org/reports/3633654/photos
3633653,05/12/2014 07:13:13 AM,05/12/2014 07:20:12 AM,05/12/2014 07:20:12 AM,Closed,PUC Sewer Ops,Sewer Issues,Sewage_back_up,Outofsewervent4inch,Intersection of RANDOLPH ST and HEAD ST,Merced Heights,11.0,POINT (-122.41848828 37.77482644),Phone,
3633648,05/12/2014 07:12:19 AM,05/13/2014 09:00:00 AM,05/13/2014 09:00:00 AM,Closed,DPW Ops Queue,Graffiti,Graffiti on Pole,Pole - Offensive,Intersection of HAYES ST and GOUGH ST,Hayes Valley,5.0,POINT (-122.42298126 37.77688217),Web,
3633646,05/12/2014 07:11:41 AM,05/13/2014 09:00:00 AM,05/13/2014 09:00:00 AM,Closed,DPW Ops Queue,Graffiti,Graffiti on Pole,Pole - Offensive,Intersection of 9TH ST and MISSION ST,South of Market,6.0,POINT (-122.414711 37.77622986),Web,
3633645,05/12/2014 07:10:46 AM,05/13/2014 12:00:00 PM,05/13/2014 12:00:00 PM,Closed,DPW Ops Queue,Graffiti,Graffiti on Building_commercial,Building_commercial - Offensive,"1267 MISSION ST, SAN FRANCISCO, CA, 94103",South of Market,6.0,POINT (-122.41405487 37.77654266),Web,
3633641,05/12/2014 07:08:53 AM,05/12/2014 12:03:56 PM,05/12/2014 12:03:56 PM,Closed,Recology_Abandoned,Street and Sidewalk Cleaning,Bulky Items,Furniture,"1914 OCEAN AVE, SAN FRANCISCO, CA, 94112",Mt. Davidson Manor,7.0,POINT (-122.46263123 37.72551346),Phone,
3633639,05/12/2014 07:07:41 AM,03/04/2015 02:03:29 AM,03/04/2015 02:03:29 AM,Closed,DPW Ops Queue,Graffiti,Graffiti on Sidewalk_structure,Sidewalk_structure - Offensive,Intersection of 9TH ST and MISSION ST,South of Market,6.0,POINT (-122.414711 37.77622986),Web,
3633638,05/12/2014 07:07:03 AM,06/01/2014 09:12:24 AM,06/01/2014 09:12:24 AM,Closed,DPW Ops Queue,Graffiti,Graffiti on Building_other,Building_other - Not_Offensive,"300 KEARNY ST, SAN FRANCISCO, CA, 94108",Financial District,3.0,POINT (-122.40384674 37.79098511),Integrated Agency,
3633634,05/12/2014 07:03:30 AM,05/12/2014 04:51:10 AM,05/12/2014 04:51:10 AM,Closed,DPW Ops Queue,Illegal Postings,Illegal Posting - No_Posting_Date,No_Posting_Date,"65 10TH ST, SAN FRANCISCO, CA, 94103",South of Market,6.0,POINT (-122.41607666 37.77587128),Web,
3633633,05/12/2014 07:02:32 AM,05/12/2014 01:35:41 PM,05/12/2014 01:35:41 PM,Closed,PUC Sewer Ops,Sewer Issues,Sewage_back_up,Outofsewervent4inch,Not associated with a specific address,,,POINT (-122.41848828 37.77482644),Phone,
3633632,05/12/2014 07:02:11 AM,05/12/2014 07:16:43 AM,05/12/2014 07:16:43 AM,Closed,DPW Ops Queue,Graffiti,Graffiti on Sidewalk_structure,Sidewalk_structure - Offensive,Intersection of HARRISON ST and 17TH ST,Mission,9.0,POINT (-122.41300201 37.76409149),Web,
3633629,05/12/2014 07:00:51 AM,05/14/2014 03:50:30 AM,05/14/2014 03:50:30 AM,Closed,DPW Ops Queue,Graffiti,Graffiti on Pole,Pole - Offensive,Intersection of 10TH ST and STEVENSON ST,South of Market,6.0,POINT (-122.41691589 37.77607727),Web,
3633627,05/12/2014 06:59:40 AM,05/14/2014 03:50:04 AM,05/14/2014 03:50:04 AM,Closed,DPW Ops Queue,Graffiti,Graffiti on Pole,Pole - Offensive,"1455 MARKET ST, SAN FRANCISCO, CA, 94103",South of Market,6.0,POINT (-122.41857147 37.77554703),Web,
3633625,05/12/2014 06:58:52 AM,05/14/2014 03:49:37 AM,05/14/2014 03:49:37 AM,Closed,DPW Ops Queue,Graffiti,Graffiti on Pole,Pole - Offensive,Intersection of 12TH ST and MARKET ST,South of Market,6.0,POINT (-122.42025757 37.77435684),Web,
3633624,05/12/2014 06:58:17 AM,05/13/2014 09:00:00 AM,05/13/2014 09:00:00 AM,Closed,DPW Ops Queue,Graffiti,Graffiti on Pole,Pole - Offensive,Intersection of GOUGH ST and MARKET ST,Lower Haight,6.0,POINT (-122.42218781 37.77290726),Web,
3633623,05/12/2014 06:57:25 AM,05/13/2014 09:00:00 AM,05/13/2014 09:00:00 AM,Closed,DPW Ops Queue,Graffiti,Graffiti on Street,Street - Offensive,Intersection of OCTAVIA ST and MARKET ST,Mint Hill,8.0,POINT (-122.42339325 37.77188492),Web,
3633621,05/12/2014 06:55:18 AM,05/12/2014 12:04:53 PM,05/12/2014 12:04:53 PM,Closed,DPW Ops Queue,Illegal Postings,Illegal Posting - Posted_on_Traffic_Light,Posted_on_Traffic_Light,Intersection of OCTAVIA ST and MARKET ST,Mint Hill,8.0,POINT (-122.42339325 37.77188492),Web,
3633620,05/12/2014 06:54:36 AM,05/12/2014 10:59:27 AM,05/12/2014 10:59:27 AM,Closed,Clear Channel - Transit Queue,Graffiti,Graffiti on Transit_Shelter_Platform,Transit_Shelter_Platform - Offensive,Intersection of DUBOCE AVE and MARKET ST,Mission Dolores,8.0,POINT (-122.42630768 37.76960373),Web,
3633619,05/12/2014 06:54:10 AM,05/12/2014 09:15:43 AM,05/12/2014 09:15:43 AM,Closed,RPD Park Patrol Queue,Rec and Park Requests,Park - Park_Patrol,Illegal_Encampment,Not associated with a specific address,,,POINT (0 0),Web,
3633618,05/12/2014 06:53:39 AM,05/12/2014 10:05:22 AM,05/12/2014 10:05:22 AM,Closed,DPW Ops Queue,Illegal Postings,Illegal Posting - No_Posting_Date,No_Posting_Date,Intersection of DUBOCE AVE and MARKET ST,Mission Dolores,8.0,POINT (-122.42630768 37.76960373),Web,
3633617,05/12/2014 06:53:03 AM,05/12/2014 06:50:22 AM,05/12/2014 06:50:22 AM,Closed,DPW Ops Queue,Illegal Postings,Illegal Posting - No_Posting_Date,No_Posting_Date,Intersection of 14TH ST and MARKET ST,Duboce Triangle,8.0,POINT (-122.42865753 37.76773453),Web,
3633616,05/12/2014 06:52:24 AM,05/12/2014 06:50:22 AM,05/12/2014 06:50:22 AM,Closed,DPW Ops Queue,Illegal Postings,Illegal Posting - Posted_on_Traffic_Light,Posted_on_Traffic_Light,Intersection of 14TH ST and MARKET ST,Duboce Triangle,8.0,POINT (-122.42865753 37.76773453),Web,
3633615,05/12/2014 06:52:19 AM,05/12/2014 02:11:24 PM,05/12/2014 02:11:24 PM,Closed,Recology_Abandoned,Street and Sidewalk Cleaning,Bulky Items,Furniture,Intersection of OAKDALE AVE and SELBY ST,Silver Terrace,10.0,POINT (-122.39968872 37.7399025),Phone,
3633613,05/12/2014 06:51:03 AM,05/12/2014 08:05:09 AM,05/12/2014 08:05:09 AM,Closed,PUC - Water - G,Graffiti,Graffiti on Fire_hydrant,Fire_hydrant - Offensive,Intersection of STATES ST and CASTRO ST,Duboce Triangle,8.0,POINT (-122.43525696 37.76346207),Web,
3633612,05/12/2014 06:50:58 AM,05/12/2014 07:16:21 AM,05/12/2014 07:16:21 AM,Closed,DPW BSSR Queue,Street Defects,Pavement_Defect,Pavement_Defect,"2336 19TH AVE, SAN FRANCISCO, CA, 94116",Golden Gate Heights,7.0,POINT (-122.4755249 37.74423599),Integrated Agency,
3633611,05/12/2014 06:50:04 AM,08/28/2014 11:24:02 AM,08/28/2014 11:24:02 AM,Closed,DPW Ops Queue,Graffiti,Graffiti on Building_residential,Building_residential - Offensive,"94 CASTRO ST, SAN FRANCISCO, CA, 94114",Buena Vista,8.0,POINT (-122.43579865 37.76749039),Web,
3633609,05/12/2014 06:47:19 AM,05/13/2014 01:47:59 AM,05/13/2014 01:47:59 AM,Closed,DPW Ops Queue,Graffiti,Graffiti on Pole,Pole - Offensive,Intersection of LLOYD ST and SCOTT ST,Duboce Triangle,8.0,POINT (-122.43505096 37.76989746),Web,
3633608,05/12/2014 06:46:44 AM,05/13/2014 07:00:47 AM,05/13/2014 07:00:47 AM,Closed,SFMTA - Temporary Sign Request Queue,Temporary Sign Request,Temporary Sign Request for Moving_residential_property,60 ft zone requested from 05/23/2014 to 05/23/2014,"651 BRANNAN ST, SAN FRANCISCO, CA, 94107",South of Market,6.0,POINT (-122.39990997 37.77545166),Web,
3633607,05/12/2014 06:45:49 AM,05/12/2014 02:50:00 AM,05/12/2014 02:50:00 AM,Closed,DPW Ops Queue,Illegal Postings,Illegal Posting - Posted_Over_70_Days,Posted_Over_70_Days,Intersection of SCOTT ST and WALLER ST,Duboce Triangle,5.0,POINT (-122.43518066 37.77054977),Web,
3633606,05/12/2014 06:45:39 AM,05/12/2014 09:15:19 AM,05/12/2014 09:15:19 AM,Closed,RPD Park Patrol Queue,Rec and Park Requests,Park - Park_Patrol,Illegal_Encampment,Not associated with a specific address,,,POINT (0 0),Web,
3633605,05/12/2014 06:44:38 AM,05/13/2014 09:00:00 AM,05/13/2014 09:00:00 AM,Closed,DPW Ops Queue,Graffiti,Graffiti on Pole,Pole - Offensive,Intersection of HAIGHT ST and SCOTT ST,Lower Haight,5.0,POINT (-122.4353714 37.77148056),Web,
3633604,05/12/2014 06:43:12 AM,06/19/2014 11:26:00 AM,06/19/2014 11:26:00 AM,Closed,DPW BSM Queue,Graffiti,Graffiti on News_rack,News_rack - Offensive,Intersection of HAIGHT ST and SCOTT ST,Lower Haight,5.0,POINT (-122.4353714 37.77148056),Web,
3633603,05/12/2014 06:42:58 AM,08/04/2015 01:27:00 AM,08/04/2015 01:27:00 AM,Closed,DPW BSM Queue,Sidewalk or Curb,Sidewalk_Defect,Collapsed_sidewalk,"3731 MARKET ST, SAN FRANCISCO, CA, 94131",Upper Market,8.0,POINT (-122.4419326 37.75423114),Mobile/Open311,http://mobile311.sfgov.org/reports/3633603/photos
3633602,05/12/2014 06:42:29 AM,05/16/2014 09:00:00 AM,05/16/2014 09:00:00 AM,Closed,DPW Ops Queue,Graffiti,Graffiti on Pole,Pole - Offensive,Intersection of HAIGHT ST and SCOTT ST,Lower Haight,5.0,POINT (-122.4353714 37.77148056),Web,
3633600,05/12/2014 06:41:30 AM,05/12/2014 11:30:00 AM,05/12/2014 11:30:00 AM,Closed,DPW Ops Queue,Graffiti,Graffiti on Fire_Police_Callbox,Fire_Police_Callbox - Offensive,Intersection of OAK ST and SCOTT ST,Lower Haight,5.0,POINT (-122.43575287 37.77334595),Web,
3633599,05/12/2014 06:40:42 AM,05/13/2014 09:00:00 AM,05/13/2014 09:00:00 AM,Closed,DPW Ops Queue,Graffiti,Graffiti on Pole,Pole - Offensive,Intersection of PAGE ST and SCOTT ST,Lower Haight,5.0,POINT (-122.43556213 37.77241898),Web,
3633598,05/12/2014 06:40:06 AM,05/13/2014 09:00:00 AM,05/13/2014 09:00:00 AM,Closed,DPW Ops Queue,Graffiti,Graffiti on Pole,Pole - Offensive,Intersection of OAK ST and SCOTT ST,Lower Haight,5.0,POINT (-122.43575287 37.77334595),Web,
3633597,05/12/2014 06:40:06 AM,07/09/2014 12:00:00 PM,07/09/2014 12:00:00 PM,Closed,DPW BSM Queue,Sidewalk or Curb,Sidewalk_Defect,Collapsed_sidewalk,"3749 MARKET ST, SAN FRANCISCO, CA, 94131",Upper Market,8.0,POINT (-122.44195565 37.75414906),Mobile/Open311,http://mobile311.sfgov.org/reports/3633597/photos
3633596,05/12/2014 06:39:23 AM,05/13/2014 09:00:00 AM,05/13/2014 09:00:00 AM,Closed,DPW Ops Queue,Graffiti,Graffiti on Pole,Pole - Offensive,"410 SCOTT ST, SAN FRANCISCO, CA, 94117",Lower Haight,5.0,POINT (-122.43563843 37.77346802),Web,
3633595,05/12/2014 06:38:45 AM,05/13/2014 09:00:00 AM,05/13/2014 09:00:00 AM,Closed,DPW Ops Queue,Graffiti,Graffiti on Pole,Pole - Offensive,"509 SCOTT ST, SAN FRANCISCO, CA, 94117",Alamo Square,5.0,POINT (-122.43619537 37.77465439),Web,
3633594,05/12/2014 06:37:33 AM,05/12/2014 06:51:56 AM,05/12/2014 06:51:56 AM,Closed,DPW Ops Queue,Street and Sidewalk Cleaning,General Cleaning,Other Loose Garbage,"742 PINE ST, SAN FRANCISCO, CA, 94108",Nob Hill,3.0,POINT (-122.40814053 37.79123508),Mobile/Open311,http://mobile311.sfgov.org/reports/3633594/photos
3633593,05/12/2014 06:36:37 AM,05/12/2014 08:21:48 AM,05/12/2014 08:21:48 AM,Closed,Recology_Abandoned,Street and Sidewalk Cleaning,General Cleaning,Other Loose Garbage,"8 FELLA PL, SAN FRANCISCO, CA, 94108",Nob Hill,3.0,POINT (-122.40836433 37.79110353),Mobile/Open311,http://mobile311.sfgov.org/reports/3633593/photos
3633588,05/12/2014 06:25:38 AM,05/12/2014 09:44:32 AM,05/12/2014 09:44:32 AM,Closed,Recology_Abandoned,Street and Sidewalk Cleaning,Bulky Items,Furniture,Intersection of 25TH ST and SANCHEZ ST,Noe Valley,8.0,POINT (-122.42946728 37.74985006),Mobile/Open311,http://mobile311.sfgov.org/reports/3633588/photos
3633586,05/12/2014 06:24:05 AM,05/12/2014 10:54:56 AM,05/12/2014 10:54:56 AM,Closed,Recology_Abandoned,Street and Sidewalk Cleaning,Bulky Items,Electronics,"184 CLIPPER ST, SAN FRANCISCO, CA, 94114",Noe Valley,8.0,POINT (-122.42940987 37.7493588),Mobile/Open311,http://mobile311.sfgov.org/reports/3633586/photos
3633584,05/12/2014 06:17:52 AM,05/12/2014 10:18:57 AM,05/12/2014 10:18:57 AM,Closed,Recology_Abandoned,Street and Sidewalk Cleaning,General Cleaning,Other Loose Garbage,Intersection of MINNA ST and 10TH ST,South of Market,6.0,POINT (-122.41537476 37.77484512),Phone,
3633581,05/12/2014 06:10:42 AM,05/14/2014 04:12:56 PM,05/14/2014 04:12:56 PM,Closed,PUC Streetlights Queue,Streetlights,Streetlight - Light_Burnt_Out,Light_Burnt_Out on Metal Pole,"1375 MISSION ST, SAN FRANCISCO, CA, 94103",South of Market,6.0,POINT (-122.41545105 37.77543259),Mobile/Open311,
3633580,05/12/2014 06:10:22 AM,05/12/2014 10:47:19 AM,05/12/2014 10:47:19 AM,Closed,Recology_Abandoned,Street and Sidewalk Cleaning,Bulky Items,Furniture,"251 CAPP ST, SAN FRANCISCO, CA, 94110",Mission,9.0,POINT (-122.41820526 37.76265717),Phone,
3633575,05/12/2014 06:02:22 AM,07/01/2014 01:18:26 AM,07/01/2014 01:18:26 AM,Closed,DPW Ops Queue,Graffiti,Graffiti on Building_commercial,Building_commercial - Not_Offensive,Intersection of OCEAN AVE and PLYMOUTH AVE,Westwood Park,11.0,POINT (-122.45615203 37.72388609),Phone,
3633574,05/12/2014 05:55:21 AM,05/12/2014 02:37:25 AM,05/12/2014 02:37:25 AM,Closed,DPW - Bureau of Street Environmental Services - G,General Request - PUBLIC WORKS,customer_callback,bses - customer_callback,"1224 EGBERT AVE, SAN FRANCISCO, CA, 94124",Bret Harte,10.0,POINT (-122.38935447 37.72087517),Phone,
3633572,05/12/2014 05:51:55 AM,05/12/2014 07:38:00 AM,05/12/2014 07:38:00 AM,Closed,DPW Ops Queue,Street and Sidewalk Cleaning,Missed_Route_Mechanical_Sweeping,Missed_Route_Mechanical_Sweeping,"1224 EGBERT AVE, SAN FRANCISCO, CA, 94124",Bret Harte,10.0,POINT (-122.38935447 37.72087517),Phone,
3633569,05/12/2014 05:46:06 AM,05/12/2014 09:53:11 AM,05/12/2014 09:53:11 AM,Closed,Recology_Abandoned,Street and Sidewalk Cleaning,Bulky Items,Mattress,Intersection of ALABAMA ST and PRECITA AVE,Bernal Heights,9.0,POINT (-122.41049194 37.7473526),Web,
3633567,05/12/2014 05:45:08 AM,05/12/2014 11:01:46 AM,05/12/2014 11:01:46 AM,Closed,Recology_Abandoned,Street and Sidewalk Cleaning,Bulky Items,Mattress,Intersection of VALENCIA ST and 21ST ST,Mission,9.0,POINT (-122.42111969 37.75690079),Web,
3633566,05/12/2014 05:43:27 AM,05/12/2014 09:35:13 AM,05/12/2014 09:35:13 AM,Closed,Recology_Abandoned,Street and Sidewalk Cleaning,Bulky Items,Furniture,Intersection of FAIR OAKS ST and 25TH ST,Dolores Heights,8.0,POINT (-122.42382813 37.75030518),Web,
3633563,05/12/2014 05:35:05 AM,05/12/2014 08:58:14 AM,05/12/2014 08:58:14 AM,Closed,Recology_Abandoned,Street and Sidewalk Cleaning,Bulky Items,Furniture,"3634 23RD ST, SAN FRANCISCO, CA, 94110",Dolores Heights,8.0,POINT (-122.42389005 37.75357061),Phone,
3633557,05/12/2014 05:12:34 AM,05/12/2014 11:55:09 AM,05/12/2014 11:55:09 AM,Closed,Recology_Abandoned,Street and Sidewalk Cleaning,Bulky Items,Furniture,Intersection of RANKIN ST and INNES AVE,Produce Market,10.0,POINT (-122.39458839 37.74265111),Phone,
3633555,05/12/2014 05:06:05 AM,05/12/2014 09:09:57 AM,05/12/2014 09:09:57 AM,Closed,Recology_Litter,Litter Receptacles,Damaged_City_Can,,Intersection of DON CHEE WAY and STEUART ST,Financial District,3.0,POINT (-122.39385986 37.79377365),Integrated Agency,
3633554,05/12/2014 04:56:55 AM,05/14/2014 08:31:12 AM,05/14/2014 08:31:12 AM,Closed,MUNI Work Queue,MUNI Feedback,MUNI - Conduct_Unsafe_Operation,107_Fall_Boarding_On_Board_Alighting_Injury,Intersection of 17TH AVE and GEARY BLVD,Inner Richmond,1.0,POINT (-122.47616577 37.78047562),Phone,
3633544,05/12/2014 03:38:29 AM,05/12/2014 10:19:00 AM,05/12/2014 10:19:00 AM,Closed,Recology_Abandoned,Street and Sidewalk Cleaning,Bulky Items,Furniture,Intersection of SAINT MARYS AVE and MISSION ST,St. Mary's Park,8.0,POINT (-122.42611464 37.73395413),Phone,
3633542,05/12/2014 03:36:44 AM,05/12/2014 09:32:13 AM,05/12/2014 09:32:13 AM,Closed,Recology_Abandoned,Street and Sidewalk Cleaning,Bulky Items,Furniture,Intersection of FAIR OAKS ST and 26TH ST,Dolores Heights,8.0,POINT (-122.42367769 37.74870927),Phone,
3633539,05/12/2014 03:35:19 AM,05/12/2014 09:52:51 AM,05/12/2014 09:52:51 AM,Closed,Recology_Abandoned,Street and Sidewalk Cleaning,Bulky Items,Mattress,Intersection of SANTA MARINA ST and MISSION ST,Bernal Heights,9.0,POINT (-122.42309175 37.7406401),Phone,
3633537,05/12/2014 03:33:42 AM,05/12/2014 10:55:01 AM,05/12/2014 10:55:01 AM,Closed,Recology_Abandoned,Street and Sidewalk Cleaning,Bulky Items,Furniture,Intersection of KINGSTON ST and MISSION ST,Bernal Heights,9.0,POINT (-122.42236328 37.74176025),Phone,
3633531,05/12/2014 02:50:36 AM,05/21/2014 01:01:38 PM,05/21/2014 01:01:38 PM,Closed,DPT Meter_Bike Queue,Damaged Property,Damaged Parking_Meter,Parking_Meter,Not associated with a specific address,,,POINT (0 0),Web,
3633519,05/12/2014 01:21:46 AM,05/12/2014 08:02:53 AM,05/12/2014 08:02:53 AM,Closed,DPT Abandoned Vehicles Work Queue,Abandoned Vehicle,Abandoned Vehicle - Trailer,white - Mercedes -  - xl van,"1 MCLAREN AVE, SAN FRANCISCO, CA, 94121",Seacliff,1.0,POINT (-122.48863983 37.7861557),Web,
3633513,05/12/2014 12:50:28 AM,05/14/2014 08:18:55 AM,05/14/2014 08:18:55 AM,Closed,MUNI Work Queue,MUNI Feedback,MUNI - Services_Service_Delivery_Facilities,601_Delay_No_Show,Intersection of 18TH ST and VALENCIA ST,Mission,9.0,POINT (-122.42157745 37.76169968),Phone,
3633497,05/12/2014 12:20:14 AM,05/14/2014 09:00:00 AM,05/14/2014 09:00:00 AM,Closed,DPW Ops Queue,Street and Sidewalk Cleaning,General Cleaning,Other Loose Garbage,"1958 43RD AVE, SAN FRANCISCO, CA, 94116",Outer Sunset,4.0,POINT (-122.50182343 37.75014877),Web,
3633495,05/12/2014 12:17:00 AM,11/10/2016 01:14:49 AM,11/10/2016 01:14:49 AM,Closed,DPW - Bureau of Street Use and Mapping - G,General Request - PUBLIC WORKS,request_for_service,bsm - request_for_service,"478 UNION ST, SAN FRANCISCO, CA, 94133",Telegraph Hill,3.0,POINT (-122.40733337 37.80080795),Integrated Agency,
